record_number,paper_number,paper_identifier,group_number_within_paper,group_id,source_evidence,has_section_reference,has_table_reference,has_figure_reference,has_page_reference
1,1,https://doi.org/10.1016/j.ces.2024.120355,1,ARC_25C_Aged,Section 2.3 (ARC protocol); Section 3.3 Thermal Runaway Behavior; Fig. 7 (T1 and T3 values),1,0,0,0
2,1,https://doi.org/10.1016/j.ces.2024.120355,2,ARC_60C_Aged,"Section 2.3 (ARC protocol); Section 3.3 Thermal Runaway Behavior; Fig. 7 (T1=88 °C, T3=628 °C)",1,0,0,0
3,1,https://doi.org/10.1016/j.ces.2024.120355,3,ARC_80C_Aged,"Section 2.3 (ARC protocol); Section 3.3 Thermal Runaway Behavior; Fig. 7 (T1=107 °C, T3=658 °C)",1,0,0,0
4,2,10.1016/j.ccr.2025.216624,1,Hou_222_Overheating_TR_H2Sensor,,0,0,0,0
5,3,Electrochimica Acta 533 (2025) 146532,1,SC_PES_Heating,Section 2.2; Fig. 3b; Fig. 4c; Fig. 5b–c,1,0,0,0
6,3,Electrochimica Acta 533 (2025) 146532,2,SC_NES_Heating,Fig. 3c; Fig. 4d; Fig. 7a–f,0,0,0,0
7,3,Electrochimica Acta 533 (2025) 146532,3,SC_FullCell_Heating,"Fig. 3d–f; Fig. 4e; Fig. 5b,e; Section 4 (Conclusion)",1,0,0,0
8,4,10.1016/j.fuel.2025.137703,1,N2_SOC25,,0,0,0,0
9,4,10.1016/j.fuel.2025.137703,2,N2_SOC50,,0,0,0,0
10,4,10.1016/j.fuel.2025.137703,3,N2_SOC75,,0,0,0,0
11,4,10.1016/j.fuel.2025.137703,4,N2_SOC100,,0,0,0,0
12,4,10.1016/j.fuel.2025.137703,5,CH4_5pct_SOC75,,0,0,0,0
13,4,10.1016/j.fuel.2025.137703,6,CH4_5pct_SOC100,,0,0,0,0
14,4,10.1016/j.fuel.2025.137703,7,CH4_10pct_SOC100,,0,0,0,0
15,4,10.1016/j.fuel.2025.137703,8,CH4_2pct_SOC100,,0,0,0,0
16,5,https://doi.org/10.1016/j.ijheatmasstransfer.2019.06.075,1,Charge_0p5C_15W,Section 3.2.1; Figs. 13–14; text paragraph reporting 337.3 °C for 0.5C,1,0,0,0
17,5,https://doi.org/10.1016/j.ijheatmasstransfer.2019.06.075,2,Charge_1C_15W,Section 3.2.1; Figs. 13–14; text paragraph reporting 404.9 °C for 1C,1,0,0,0
18,5,https://doi.org/10.1016/j.ijheatmasstransfer.2019.06.075,3,Charge_2C_15W,Section 3.2.1; Figs. 13–14; text paragraph reporting 433.1 °C for 2C,1,0,0,0
19,5,https://doi.org/10.1016/j.ijheatmasstransfer.2019.06.075,4,Charge_3C_15W,Section 3.2.1; Figs. 13–14; text paragraph reporting 436.1 °C for 3C,1,0,0,0
20,5,https://doi.org/10.1016/j.ijheatmasstransfer.2019.06.075,5,Charge_4C_15W,Section 3.2.1; Figs. 13–14; text paragraph noting PTC effect and reporting 427.0 °C for 4C,1,0,0,0
21,6,https://doi.org/10.1016/j.ijheatmasstransfer.2020.119590,1,ARC_PouchCell_12Ah,Fig. 1(e)-(f); Section 2.1.2 (ARC tests and TR data analysis); mass–temperature change calculation 91.00 °C to 587.83 °C,1,0,0,0
22,7,https://doi.org/10.1016/j.ijheatmasstransfer.2021.121080,1,EV-ARC_Cell1,Table 1; Section 2.2,1,1,0,0
23,7,https://doi.org/10.1016/j.ijheatmasstransfer.2021.121080,2,EV-ARC_Cell2,Table 1; Section 2.2,1,1,0,0
24,7,https://doi.org/10.1016/j.ijheatmasstransfer.2021.121080,3,EV-ARC_Cell3,Table 1; Section 2.2,1,1,0,0
25,7,https://doi.org/10.1016/j.ijheatmasstransfer.2021.121080,4,Heating_SingleCell_10kW,Fig. 8(d); Sections 2.5 and 4.1,0,0,0,0
26,8,https://doi.org/10.1016/j.ijheatmasstransfer.2021.121928,1,ARC_Test,"Table 4 and associated text in Section 2.2 (parameters T1, T2, T3 obtained by ARC test)",1,1,0,0
27,9,https://doi.org/10.1016/j.ijheatmasstransfer.2021.122381,1,LCO_Air,"Fig. 3a, Fig. 5 (venting and smoke/TR temperatures), Fig. 6 (timings), Fig. 10 (natural luminosity), Section 3.1 and 3.4",1,0,0,0
28,9,https://doi.org/10.1016/j.ijheatmasstransfer.2021.122381,2,LCO_N2,"Fig. 3b, Fig. 5 (venting and smoke/TR temperatures), Fig. 6 (timings), Fig. 10 (no flame in N2), Section 3.1 and 3.4",1,0,0,0
29,9,https://doi.org/10.1016/j.ijheatmasstransfer.2021.122381,3,NMC_Air,"Fig. 3c, Fig. 4 (chemistry comparison), Fig. 5 (venting and smoke/TR temperatures), Fig. 6 (timings), Fig. 10 (flame around vent cap), Section 3.1 and 3.4",1,0,0,0
30,9,https://doi.org/10.1016/j.ijheatmasstransfer.2021.122381,4,NMC_N2,"Fig. 3d, Fig. 5 (venting and smoke/TR temperatures), Fig. 6 (timings), Fig. 10 (no flame in N2), Section 3.1 and 3.4",1,0,0,0
31,9,https://doi.org/10.1016/j.ijheatmasstransfer.2021.122381,5,LFP_Air,"Fig. 3e, Fig. 4 (chemistry comparison), Fig. 5 (venting and smoke/TR temperatures), Fig. 10 (no flame in air for LFP), Section 3.1 and 3.4",1,0,0,0
32,9,https://doi.org/10.1016/j.ijheatmasstransfer.2021.122381,6,LFP_N2,"Fig. 3f, Fig. 5 (venting and smoke/TR temperatures), Fig. 10 (no flame in N2), Section 3.1 and 3.4",1,0,0,0
33,10,https://doi.org/10.1016/j.ijheatmasstransfer.2021.122395,1,EV-ARC_single_cell,Table 3 and Fig. 3,0,1,0,0
34,10,https://doi.org/10.1016/j.ijheatmasstransfer.2021.122395,2,TRP_module_heater_700W,"Fig. 5a–d (setup), Fig. 6b–d, Table 11 (trigger times), Table 12 (maximum temperatures), Table 13 (propagation intervals)",0,1,0,0
35,11,https://doi.org/10.1016/j.ijheatmasstransfer.2022.123082,1,Baseline_NoProtection_WellVent,Section 4.1; Fig. 8a and Fig. 9a,1,0,0,0
36,11,https://doi.org/10.1016/j.ijheatmasstransfer.2022.123082,2,CPCM_Only_WellVent,Section 4.1; Fig. 8b and Fig. 9b; Conclusion (1),1,0,0,0
37,11,https://doi.org/10.1016/j.ijheatmasstransfer.2022.123082,3,Aerogel_Only_WellVent,Section 4.1; Fig. 8c and Fig. 9c; Conclusion (2),1,0,0,0
38,11,https://doi.org/10.1016/j.ijheatmasstransfer.2022.123082,4,CPCM_Aerogel_Combo_WellVent,Section 4.1; Fig. 8d and Fig. 9d; Conclusion (3),1,0,0,0
39,11,https://doi.org/10.1016/j.ijheatmasstransfer.2022.123082,5,Optimized_Combo_LiquidCooling_0p21Lmin_WellVent,Section 4.2; Fig. 10 (a–c); Conclusion (5),1,0,0,0
40,11,https://doi.org/10.1016/j.ijheatmasstransfer.2022.123082,6,LiquidCooling_Only_0p21Lmin_WellVent,Section 4.2; Fig. 12 (a–b); Conclusion (4),1,0,0,0
41,11,https://doi.org/10.1016/j.ijheatmasstransfer.2022.123082,7,Extreme_NoLiquidCooling_300W,Section 4.3; Fig. 13a,1,0,0,0
42,11,https://doi.org/10.1016/j.ijheatmasstransfer.2022.123082,8,Extreme_WithLiquidCooling,Section 4.3; Fig. 13b,1,0,0,0
43,11,https://doi.org/10.1016/j.ijheatmasstransfer.2022.123082,9,Extreme_LiquidCooling_Flow_0p21,Section 4.4; Fig. 14a,1,0,0,0
44,11,https://doi.org/10.1016/j.ijheatmasstransfer.2022.123082,10,Extreme_LiquidCooling_Flow_0p42,Section 4.4; Fig. 14a,1,0,0,0
45,11,https://doi.org/10.1016/j.ijheatmasstransfer.2022.123082,11,Extreme_LiquidCooling_Flow_0p63,Section 4.4; Fig. 14a,1,0,0,0
46,11,https://doi.org/10.1016/j.ijheatmasstransfer.2022.123082,12,Extreme_LiquidCooling_Flow_0p84,Section 4.4; Fig. 14a,1,0,0,0
47,12,https://doi.org/10.1016/j.ijheatmasstransfer.2022.123133,1,SOC_50_Vertical_Cavity,Fig. 3b and Section 4.1 for TR timing; Table 1 and Section 4.3 for venting behavior,1,1,0,0
48,12,https://doi.org/10.1016/j.ijheatmasstransfer.2022.123133,2,SOC_100_Vertical_Cavity,Fig. 3c and Section 4.1 for TR description and timing; discussion in Section 4.2 (Fig. 6) on oxygen consumption; Section 4.3 on pressure surge,1,0,0,0
49,12,https://doi.org/10.1016/j.ijheatmasstransfer.2022.123133,3,SOC_100_Horizontal_MassLoss,Section 4.3(1) and Fig. 8 (mass-loss experiment: TR at 357–382 s),1,0,0,0
50,13,https://doi.org/10.1016/j.ijheatmasstransfer.2025.126663,1,H_1cm,"Fig. 3 (jet fire behavior), Fig. 4 (ceiling jet fire images at H=3 cm), Fig. 7 (temperature histories, H=1 cm panels), Fig. 9 (temperature rise rate context), Fig. 10 (characteristic temperatures and times), Table 2 (ceiling jet HRR); Sections 3.1–3.4",0,1,0,0
51,13,https://doi.org/10.1016/j.ijheatmasstransfer.2025.126663,2,H_2cm,"Fig. 7 (temperature histories, H=2 cm panels), Fig. 9 (temperature rise rate context), Fig. 10 (t3,i at 186.6 s and characteristic temperatures), Table 2 (ceiling jet HRR); Sections 3.1–3.4",0,1,0,0
52,13,https://doi.org/10.1016/j.ijheatmasstransfer.2025.126663,3,H_3cm,"Fig. 4 (ceiling jet fire images at H=3 cm), Fig. 7 (temperature histories, H=3 cm panels), Fig. 10 (t3,i ≈110 s; T3,m ≈700 °C), Table 2 (HRR at different H); Sections 3.1–3.4",0,1,0,0
53,13,https://doi.org/10.1016/j.ijheatmasstransfer.2025.126663,4,H_5cm,"Fig. 3 (behavior at higher baffle), Fig. 7 (temperature histories, H=5 cm panels), Fig. 10 (t3,i ≈110 s; T3,m ≈700 °C), Table 2 (HRR of momentum-buoyancy stage); Sections 3.1–3.4",0,1,0,0
54,13,https://doi.org/10.1016/j.ijheatmasstransfer.2025.126663,5,H_inf_OpenSpace,"Fig. 3 (no-baffle behavior), Fig. 7 (temperature histories, H=∞ panels), Fig. 10 (t3,i ≈110 s; T3,m ≈700 °C), Table 2 (HRR for momentum-buoyancy stage); Sections 3.1–3.4",0,1,0,0
55,14,https://doi.org/10.1016/j.ijheatmasstransfer.2025.127536,1,NMC811_ARC_Inert,"Section 3.1; Fig. 6 (temperature/pressure evolution), Fig. 7 (dT/dt behavior), Fig. 13 (key temperatures)",1,0,0,0
56,14,https://doi.org/10.1016/j.ijheatmasstransfer.2025.127536,2,NCA_ARC_Inert,"Section 3.1; Fig. 6 (temperature/pressure evolution), Fig. 7 (dT/dt behavior), Fig. 13 (key temperatures)",1,0,0,0
57,15,https://doi.org/10.1016/j.jaerosci.2024.106420,1,LFP_20Ah_100SOC_HeatingPlate,"Section 4.1 (Battery combustion and soot collection), Fig. 2a",1,0,0,0
58,15,https://doi.org/10.1016/j.jaerosci.2024.106420,2,NCM_50Ah_100SOC_HeatingPlate,"Section 4.1 (Battery combustion and soot collection), Fig. 2b",1,0,0,0
59,16,https://doi.org/10.1016/j.clay.2021.106111,1,MMC_PrPP_Cell,Figure 6b and Results section (MMC analysis: “large endothermic peak around 178 °C… exothermic heat flux peak at 180 °C… 2.628 kJ g−1”).,1,0,1,0
60,16,https://doi.org/10.1016/j.clay.2021.106111,2,MMC_VermiculitePVDF_Cell,Figure 6b and Results section (MMC analysis: “exothermic heat flux peak at 180 °C… 0.953 kJ g−1 for modified separator cell”).,1,0,1,0
61,17,https://doi.org/10.1016/j.enconman.2019.112071,1,Reference_Blank,Fig. 10A(a) and Section 3.1 discussion,1,0,0,0
62,17,https://doi.org/10.1016/j.enconman.2019.112071,2,PCM_nf,"Fig. 6(b), Fig. 10A(b) vs 10A(a), Fig. 7b; Section 3.1",1,0,0,0
63,17,https://doi.org/10.1016/j.enconman.2019.112071,3,Aerogel_p,"Fig. 8(a), Fig. 9; Section 3.1",1,0,0,0
64,17,https://doi.org/10.1016/j.enconman.2019.112071,4,Aerogel_f,"Fig. 8(b), Fig. 9, Fig. 10A(c) and text: “defers the initial TR time from 573 s to 826 s” and “aerogel-f exhibits a better insulation effect; the trigger time … is 63 s late vs aerogel-p”; Section 3.1",1,0,0,0
65,17,https://doi.org/10.1016/j.enconman.2019.112071,5,Optimized_PCMnf_Aerogelf,"Fig. 14 (burning process without flames), Fig. 15 (temperature curves showing ~173 s delay and peak reduced to 385.0 °C); Section 3.3",1,0,0,0
66,18,https://doi.org/10.1016/j.enconman.2021.114663,1,Ramp_7.5Cmin,Table 4; Fig. 5; Sections 2.2–2.6 and 3.1–3.4,0,1,0,0
67,18,https://doi.org/10.1016/j.enconman.2021.114663,2,Ramp_11.0Cmin,Table 4; Fig. 5; Fig. 6 and Fig. 7; Sections 3.1–3.4,0,1,0,0
68,18,https://doi.org/10.1016/j.enconman.2021.114663,3,Ramp_14.5Cmin,Table 4; Fig. 5; Sections 3.1–3.4,0,1,0,0
69,19,https://doi.org/10.1016/j.enconman.2021.115091,1,SOC_0pct_HeatingOnly,Fig. 6a and Table 2,0,1,0,0
70,19,https://doi.org/10.1016/j.enconman.2021.115091,2,SOC_50pct_HeatingOnly,Fig. 6b and Table 2,0,1,0,0
71,19,https://doi.org/10.1016/j.enconman.2021.115091,3,SOC_100pct_HeatingOnly,Fig. 6c and Table 2,0,1,0,0
72,19,https://doi.org/10.1016/j.enconman.2021.115091,4,Test1_NoSpray_100pctSOC_Baseline,Fig. 8 and Table 3 (Without spray),0,1,0,0
73,19,https://doi.org/10.1016/j.enconman.2021.115091,5,Test2_ContinuousSpray_100pctSOC,"Fig. 7a, Fig. 8, Table 3 (30 s, CS)",0,1,0,0
74,19,https://doi.org/10.1016/j.enconman.2021.115091,6,Test3_IS_Period20s_Duty0.5_100pctSOC,"Fig. 7b, Fig. 8, Table 3 (20 s, IS)",0,1,0,0
75,19,https://doi.org/10.1016/j.enconman.2021.115091,7,Test4_IS_Period10s_Duty0.5_100pctSOC,"Fig. 7c, Fig. 8, Table 3 (10 s, IS)",0,1,0,0
76,19,https://doi.org/10.1016/j.enconman.2021.115091,8,Test5_IS_Period2s_Duty0.5_100pctSOC,"Fig. 7d, Fig. 8, Fig. 9, Table 3 (2 s, IS)",0,1,0,0
77,19,https://doi.org/10.1016/j.enconman.2021.115091,9,Test6_IS_Period20s_Duty0.75_100pctSOC,"Fig. 12a, Fig. 13, Fig. 14–15, Table 5 (DC 0.75)",0,1,0,0
78,19,https://doi.org/10.1016/j.enconman.2021.115091,10,Test3b_IS_Period20s_Duty0.5_100pctSOC,"Fig. 12b, Fig. 13, Fig. 14–15, Table 5 (DC 0.5)",0,1,0,0
79,19,https://doi.org/10.1016/j.enconman.2021.115091,11,Test7_IS_Period20s_Duty0.25_100pctSOC,"Fig. 12c, Fig. 13, Fig. 14–15, Table 5 (DC 0.25)",0,1,0,0
80,19,https://doi.org/10.1016/j.enconman.2021.115091,12,Test8_IS_Period20s_Duty0.1_100pctSOC,"Fig. 12d, Fig. 13, Fig. 14–15, Table 5 (DC 0.1)",0,1,0,0
81,20,https://doi.org/10.1016/j.enconman.2025.120133,1,ARC_100pct_SOC,Fig. 8(a–c) and Table 2,0,1,0,0
82,20,https://doi.org/10.1016/j.enconman.2025.120133,2,CVR_SideHeating_1000W_100pct_SOC,"Fig. 7(b), Fig. 8(d–f), Fig. 9(a)",0,0,0,0
83,21,https://doi.org/10.1016/j.jhazmat.2019.03.116,1,EVARC_100_SOC,Table 3; Fig. 4(a–b); Fig. 6; Section 3.1,1,1,0,0
84,21,https://doi.org/10.1016/j.jhazmat.2019.03.116,2,EVARC_50_SOC,Table 3; Fig. 6; Section 3.1,1,1,0,0
85,21,https://doi.org/10.1016/j.jhazmat.2019.03.116,3,Module_Exp1_100_SOC,Table 1; Fig. 8; Fig. 10; Fig. 12; Table 5; Section 3.3.1–3.3.3,1,1,0,0
86,21,https://doi.org/10.1016/j.jhazmat.2019.03.116,4,Module_Exp2_50_SOC_NoTR,Table 1; Section 2.2 (experimental description) and Section 3.3 (note: TR not observed in experiment 2),1,1,0,0
87,21,https://doi.org/10.1016/j.jhazmat.2019.03.116,5,Module_Exp3_50_SOC,Table 1; Fig. 9; Fig. 11; Fig. 13; Table 5; Fig. 14; Section 3.3.1–3.3.4,1,1,0,0
88,22,https://doi.org/10.1016/j.jhazmat.2019.06.007,1,Test_1_Cylindrical_Side_0.4kW,"Table 2 (arrangement), Table 3 (onset/max temperature, max dT/dt), Fig. 4–5 (temperature and rate), Fig. 6 (HRR/THR), Fig. 7 (CO2/CO), Fig. 8 (mass loss), Section 3.1–3.3",1,1,0,0
89,22,https://doi.org/10.1016/j.jhazmat.2019.06.007,2,Test_2_Cylindrical_Bottom_0.4kW,"Table 2, Table 3, Fig. 3 (combustion behavior), Fig. 4–5 (temperature and rate), Fig. 6 (HRR/THR), Fig. 7 (CO2/CO), Fig. 8 (mass loss), Section 3.1–3.3",1,1,0,0
90,22,https://doi.org/10.1016/j.jhazmat.2019.06.007,3,Test_3_Furnace_Bottom_0.4kW,"Table 2, Table 3, Fig. 3–6 (combustion, temperature/rate, HRR), Fig. 7 (CO2/CO), Fig. 8 (mass loss), Section 3.1–3.3",1,1,0,0
91,22,https://doi.org/10.1016/j.jhazmat.2019.06.007,4,Test_4_Furnace_Bottom_2.0kW,"Table 2, Table 3, Fig. 3–6 (combustion, temperature/rate, HRR), Fig. 7 (CO2/CO), Fig. 8 (mass loss), Section 3.1–3.3",1,1,0,0
92,23,https://doi.org/10.1016/j.jhazmat.2020.123169,1,Air_100SOC_400W_300C_ComponentTest,Setup in Section 2.2; test condition in Section 2.3; ejection visuals in Fig. 3; chemical/element evidence in Section 3.2 and Fig. 6; high-temperature inference in Section 4.1,1,0,0,0
93,24,https://doi.org/10.1016/j.jhazmat.2023.131646,1,NCM622_EV-ARC_100%SOC,Fig. 5 (temperature characteristics during TR); Section 2.2 EV-ARC test,1,0,0,0
94,25,https://doi.org/10.1016/j.apenergy.2012.05.064,1,LiCoO2_4.2V,"Table 2 (T0, Tmax, (dT/dt)max, Pmax, (dP/dt)max), Fig. 2 (T–time), Fig. 3 (T–P), Fig. 4 (dT/dt vs T), Fig. 5 (dP/dt vs T), Section 3 text",1,1,0,0
95,25,https://doi.org/10.1016/j.apenergy.2012.05.064,2,Li(Ni1/3Co1/3Mn1/3)O2_4.2V,"Table 2 (T0, Tmax, (dT/dt)max, Pmax, (dP/dt)max), Fig. 2 (T–time), Fig. 3 (T–P), Fig. 4 (dT/dt vs T), Fig. 5 (dP/dt vs T), Section 3 text",1,1,0,0
96,26,https://doi.org/10.1016/j.apenergy.2016.08.160,1,Rhombus_2_direct,Section 3.1.1; Fig. 3; Fig. 6; Fig. 5a; Table 1 (row for 2#),1,1,0,0
97,26,https://doi.org/10.1016/j.apenergy.2016.08.160,2,Rhombus_3_propagated,Section 3.1.1–3.1.2; Fig. 3d–e; Fig. 6a; Table 1 (row for 3#),1,1,0,0
98,26,https://doi.org/10.1016/j.apenergy.2016.08.160,3,Rhombus_4_exploded,Section 3.1.1–3.1.3; Fig. 3c–g; Fig. 6; Table 1 (row for 4#),1,1,0,0
99,26,https://doi.org/10.1016/j.apenergy.2016.08.160,4,Parallel_6_direct,Section 3.1.1–3.1.2; Fig. 4b–c; Fig. 7b–c; Table 1 (row for 6#),1,1,0,0
100,26,https://doi.org/10.1016/j.apenergy.2016.08.160,5,Parallel_5_propagated,Section 3.1.1–3.1.2; Fig. 4e–f; Fig. 7a; Table 1 (row for 5#),1,1,0,0
101,26,https://doi.org/10.1016/j.apenergy.2016.08.160,6,Parallel_7_propagated,Section 3.1.1–3.1.2; Fig. 4d–f; Fig. 7a–b; Table 1 (row for 7#),1,1,0,0
102,27,https://doi.org/10.1016/j.apenergy.2017.08.073,1,ARC_1.5C_Adiabatic,"Section 3 (setup) and Section 4.2; Fig. 5 (experimental setup), Fig. 8(e–h) (measured vs predicted temperature and runaway peak)",1,0,0,0
103,28,https://doi.org/10.1016/j.apenergy.2018.06.126,1,EVARC_Adiabatic,"Fig. 2 (setup), Table 2 (ARC settings), Fig. 7 (adiabatic TR profiles), Table 8 (critical temperatures)",0,1,0,0
104,28,https://doi.org/10.1016/j.apenergy.2018.06.126,2,EVARC_Oven_130C,"Table 2 (oven settings), Fig. 8a–b (130 °C oven profiles), Table 8 (critical temperatures)",0,1,0,0
105,28,https://doi.org/10.1016/j.apenergy.2018.06.126,3,EVARC_Oven_150C,"Table 2 (oven settings), Fig. 8c–d (150 °C oven profiles), Table 8 (critical temperatures)",0,1,0,0
106,29,https://doi.org/10.1016/j.apenergy.2019.04.009,1,Battery_Sample_I_Normal_Cell,Figure 12a and Figure 12d,0,0,1,0
107,29,https://doi.org/10.1016/j.apenergy.2019.04.009,2,Battery_Sample_II_Dried_Electrolyte,Figure 12b and Figure 12e,0,0,1,0
108,29,https://doi.org/10.1016/j.apenergy.2019.04.009,3,Battery_Sample_III_Dried_No_Separator,Figure 12c and Figure 12f,0,0,1,0
109,30,10.1016/j.apenergy.2019.114440,1,Hotspot_r1.5mm_case1,,0,0,0,0
110,30,10.1016/j.apenergy.2019.114440,2,Hotspot_r2.0mm_case,,0,0,0,0
111,31,https://doi.org/10.1016/j.apenergy.2020.114972,1,ARC_NMC992_18650_GolubkovAdapted,"Section 2.1 (thermal abuse experiment description adapted from Golubkov et al.), Fig. 1 (T and dT/dt trends), Section 4.1 (baseline evolution: t ≈ 4100 s vent opening, t ≈ 5300 s TR, peak ≈670 °C), Fig. 8a–b",1,0,0,0
112,32,https://doi.org/10.1016/j.apenergy.2021.116495,1,ARC_18650_SOC100,Section 4.1; Fig. 3b,1,0,0,0
113,32,https://doi.org/10.1016/j.apenergy.2021.116495,2,ARC_18650_SOC80,Section 4.1; Fig. 3b,1,0,0,0
114,32,https://doi.org/10.1016/j.apenergy.2021.116495,3,ARC_18650_SOC60,Section 4.1; Fig. 3b,1,0,0,0
115,32,https://doi.org/10.1016/j.apenergy.2021.116495,4,ARC_21700_SOC100,Section 4.1; Fig. 3d,1,0,0,0
116,32,https://doi.org/10.1016/j.apenergy.2021.116495,5,ARC_21700_SOC80,Section 4.1; Fig. 3d,1,0,0,0
117,32,https://doi.org/10.1016/j.apenergy.2021.116495,6,ARC_21700_SOC60,Section 4.1; Fig. 3d,1,0,0,0
118,33,https://doi.org/10.1016/j.apenergy.2021.117038,1,ARC_Adiabatic_Surface,"Table 7 (Adiabatic TR test, Experiment); Section 4.1; Fig. 4",1,1,0,0
119,33,https://doi.org/10.1016/j.apenergy.2021.117038,2,ARC_Adiabatic_Center,"Table 7 (Adiabatic TR test, Experiment); Section 4.1; Fig. 4",1,1,0,0
120,33,https://doi.org/10.1016/j.apenergy.2021.117038,3,Oven150_Surface,"Table 7 (150 °C oven test, Experiment); Fig. 5a–b; Fig. 7a; Section 4.1–4.2",1,1,0,0
121,33,https://doi.org/10.1016/j.apenergy.2021.117038,4,Oven150_Center,"Table 7 (150 °C oven test, Experiment); Fig. 5a–b; Fig. 7a; Section 4.1–4.2",1,1,0,0
122,33,https://doi.org/10.1016/j.apenergy.2021.117038,5,Oven180_Surface,"Table 7 (180 °C oven test, Experiment); Fig. 5c–d; Fig. 7b; Section 4.1–4.2",1,1,0,0
123,33,https://doi.org/10.1016/j.apenergy.2021.117038,6,Oven180_Center,"Table 7 (180 °C oven test, Experiment); Fig. 5c–d; Fig. 7b; Section 4.1–4.2",1,1,0,0
124,33,https://doi.org/10.1016/j.apenergy.2021.117038,7,Oven200_Surface,"Table 7 (200 °C oven test, Experiment); Fig. 5e–f; Fig. 7c; Section 4.1–4.2",1,1,0,0
125,33,https://doi.org/10.1016/j.apenergy.2021.117038,8,Oven200_Center,"Table 7 (200 °C oven test, Experiment); Fig. 5e–f; Fig. 7c; Section 4.1–4.2",1,1,0,0
126,34,https://doi.org/10.1016/j.apenergy.2022.119778,1,LSH,"TR definition: Section 2.2; Key parameters (tTR, Tmax, (dT/dt)max): Table 2; Temperature/voltage curves: Fig. 2(a1,a2).",1,1,0,0
127,34,https://doi.org/10.1016/j.apenergy.2022.119778,2,SH,"TR definition: Section 2.2; Key parameters (tTR, Tmax, (dT/dt)max): Table 2; Temperature/voltage curves: Fig. 2(b1,b2).",1,1,0,0
128,34,https://doi.org/10.1016/j.apenergy.2022.119778,3,BH,"TR definition: Section 2.2; Key parameters (tTR, Tmax, (dT/dt)max): Table 2; Temperature/voltage curves: Fig. 2(c1,c2).",1,1,0,0
129,35,https://doi.org/10.1016/j.apenergy.2022.120110,1,Validation_18650_2Cmin,Section 4.1.2; Fig. 9a–b (validation against Golubkov et al. [1]),1,0,0,0
130,36,https://doi.org/10.1016/j.apenergy.2022.120119,1,Module_1_No_Prevention,Fig. 3; Fig. 4(a)-(b); Fig. 5; Fig. 7(c)-(d); Section 3.1,1,0,0,0
131,36,https://doi.org/10.1016/j.apenergy.2022.120119,2,Module_2_Aerogel,Fig. 6(a); Fig. 7(a)-(d); Section 3.2,1,0,0,0
132,36,https://doi.org/10.1016/j.apenergy.2022.120119,3,Module_3_Aerogel_PCM,Fig. 6(b); Fig. 7(b)-(d); Fig. 12(b)-(d); Sections 3.2–3.3,0,0,0,0
133,37,https://doi.org/10.1016/j.apenergy.2023.121690,1,OpenCircuit_2625s,Fig. 4a; Section 2.2; Section 3.1,1,0,0,0
134,37,https://doi.org/10.1016/j.apenergy.2023.121690,2,OpenCircuit_2825s,Fig. 4b; Fig. 5b–c; Fig. 12b; Section 3.1,1,0,0,0
135,37,https://doi.org/10.1016/j.apenergy.2023.121690,3,Parallel_2Cells_1p5mm,"Fig. 4c; Fig. 5b–c; Fig. 9d; Fig. 10c,e; Fig. 15a; Section 3.1–3.3",1,0,0,0
136,37,https://doi.org/10.1016/j.apenergy.2023.121690,4,Parallel_4Cells_1p5mm,Fig. 4d; Fig. 5b–c; Fig. 9d; Fig. 10c–f; Fig. 15b; Section 3.1–3.3,1,0,0,0
137,37,https://doi.org/10.1016/j.apenergy.2023.121690,5,Parallel_2Cells_0p5mm,"Fig. 9a,c; Fig. 10c; Fig. 12c; Fig. 13b; Section 3.2–3.3",1,0,0,0
138,37,https://doi.org/10.1016/j.apenergy.2023.121690,6,Parallel_4Cells_0p5mm,Fig. 9b–c; Fig. 10c; Fig. 12d; Fig. 13c; Section 3.2–3.3,1,0,0,0
139,38,https://doi.org/10.1016/j.apenergy.2024.122998,1,SOC_20,Fig. 2b; Fig. 3b; Table 6; definitions in Section 3.1; vent temperature in Fig. 9d,1,1,0,0
140,38,https://doi.org/10.1016/j.apenergy.2024.122998,2,SOC_40,Fig. 2c; Fig. 3c; Table 6; Section 3.1; vent temperature in Fig. 9d,1,1,0,0
141,38,https://doi.org/10.1016/j.apenergy.2024.122998,3,SOC_60,Fig. 2d; Fig. 3d; Table 6; Section 3.1; vent temperature in Fig. 9d,1,1,0,0
142,38,https://doi.org/10.1016/j.apenergy.2024.122998,4,SOC_80,Fig. 2e; Fig. 3e; Table 6; Section 3.1; vent temperature in Fig. 9d,1,1,0,0
143,38,https://doi.org/10.1016/j.apenergy.2024.122998,5,SOC_100,Fig. 2f; Fig. 3f; Table 6; Section 3.1; vent temperature in Fig. 9d,1,1,0,0
144,38,https://doi.org/10.1016/j.apenergy.2024.122998,6,SOC_105_overcharged,Fig. 4a; Fig. 5a; Table 6; Section 3.2,1,1,0,0
145,38,https://doi.org/10.1016/j.apenergy.2024.122998,7,SOC_110_overcharged,Fig. 4b; Fig. 5b; Table 6; T_vent from Fig. 9d; discussion in Sections 3.2 and 3.6,0,1,0,0
146,38,https://doi.org/10.1016/j.apenergy.2024.122998,8,SOC_115_overcharged,Fig. 4c; Fig. 5c; Table 6; T_vent from Fig. 9d; Section 3.2 and 3.6,1,1,0,0
147,38,https://doi.org/10.1016/j.apenergy.2024.122998,9,SOC_120_overcharged_no_safety_valve,Fig. 4d; Fig. 5d; Table 6; comments in Section 2.1 and Section 3.2,1,1,0,0
148,39,https://doi.org/10.1016/j.apenergy.2024.123248,1,Case_A_Heating,"Table 1 (Case A: NMC, heating)",0,1,0,0
149,39,https://doi.org/10.1016/j.apenergy.2024.123248,2,Case_C_Heating,"Table 1 (Case C: LFP, heating)",0,1,0,0
150,39,https://doi.org/10.1016/j.apenergy.2024.123248,3,NMC_94Ah_Inductive_Heating,"Section 4.3, Fig. 15; Table 5; referencing Kriston et al. [47]",1,1,0,0
151,40,https://doi.org/10.1016/j.apenergy.2024.123571,1,NMC811_18650_SOC100_Pristine_ARC,"Section 2.4.1 (TR definition), Table 5 (Step 3 ~196–198 °C for calibration), Fig. 10a–c (calibration NMC811, SOC 100%)",1,1,0,0
152,40,https://doi.org/10.1016/j.apenergy.2024.123571,2,NCA_18650_SOC100_Pristine_ARC,"Section 2.4.1 (TR definition), Table 5 (Step 3 ~196–198 °C for calibration), Fig. 10d–f (calibration NCA, SOC 100%)",1,1,0,0
153,41,10.1016/j.apenergy.2024.124875,1,ARC_GC_StageI_II_III,,0,0,0,0
154,42,https://doi.org/10.1016/j.apenergy.2025.125545,1,ARC_100SOC,Fig. 6 and Section 4.1,1,0,0,0
155,42,https://doi.org/10.1016/j.apenergy.2025.125545,2,SideHeating_InternalPressure_MassLoss,"Fig. 11, Fig. 12 and Section 4.3",1,0,0,0
156,43,https://doi.org/10.1016/j.ijhydene.2024.07.409,1,Model_1_EC,"Section 2.2 (Simulation details); Section 3.1 (decomposition timing ~140 ps, product trends) and Fig. 3–5; Section 3.2 (reaction pathways) and Fig. 6",1,0,0,0
157,43,https://doi.org/10.1016/j.ijhydene.2024.07.409,2,Model_2_EC_DMC,"Section 3.1 (Model 2 shows latest decomposition onset ~150 ps and reduced product formation), Fig. 3–5; Section 3.2 (pathway proportions).",1,0,0,0
158,43,https://doi.org/10.1016/j.ijhydene.2024.07.409,3,Model_3_EC_DEC,Section 3.1 (Model 3 decomposes earlier than Model 2; EC onset ~135 ps; faster reaction rate) and Fig. 3–5; Section 3.2 (DEC pathways) and Fig. 6.,1,0,0,0
159,44,https://doi.org/10.1016/j.energy.2021.120072,1,Uniform_Heating_21700_NCM811,Heating setup: Table 3; Thermal stages: Fig. 3; Temperature curves: Fig. 5; Quantitative TR parameters: Table 5; Discussion: Section 3.1.2–3.1.3,1,1,0,0
160,44,https://doi.org/10.1016/j.energy.2021.120072,2,Local_Heating_21700_NCM811,Heating setup: Table 3 (local heating); Thermal stages: Fig. 4; Temperature curves: Fig. 6; Quantitative TR parameters: Table 5; Heat flux prior to flame: Fig. 11 and Table 7; Discussion: Section 3.1.2–3.1.5,1,1,0,0
161,45,https://doi.org/10.1016/j.energy.2021.122087,1,Blank_Reference_TR,"Fig. 5a, Fig. 6a,c; Section 4.1.2",1,0,0,0
162,45,https://doi.org/10.1016/j.energy.2021.122087,2,Cuboid_CPCM0_TR,Fig. 5b; Fig. 6b–c; Section 4.1.2,1,0,0,0
163,45,https://doi.org/10.1016/j.energy.2021.122087,3,Cuboid_CPCM15_TR,Table 5; Fig. 10; Sections 4.2–4.3,0,1,0,0
164,45,https://doi.org/10.1016/j.energy.2021.122087,4,Tubular_CPCM15_TR,Table 5; Fig. 11–13; Section 4.3,1,1,0,0
165,46,https://doi.org/10.1016/j.energy.2021.122097,1,Battery1_0.33C_ARC,Table 4; Fig. 3a–b; Section 3.2,1,1,0,0
166,46,https://doi.org/10.1016/j.energy.2021.122097,2,Battery1_1.5C_ARC,Table 4; Fig. 3a–b; Section 3.2; Section 3.3,1,1,0,0
167,46,https://doi.org/10.1016/j.energy.2021.122097,3,Battery2_0.33C_ARC,Table 4; Fig. 3c–d; Section 3.2,1,1,0,0
168,46,https://doi.org/10.1016/j.energy.2021.122097,4,Battery2_4C_ARC,Table 4; Fig. 3c–d; Section 3.2,1,1,0,0
169,46,https://doi.org/10.1016/j.energy.2021.122097,5,AnSurEle_HotBox,Section 3.4.1; Fig. 5; Fig. 6; Fig. 7; Fig. 8,1,0,0,0
170,47,https://doi.org/10.1016/j.energy.2022.126481,1,Dummy_NoPCM_Single,Fig. 8a; Section 3.3,1,0,0,0
171,47,https://doi.org/10.1016/j.energy.2022.126481,2,Dummy_ParaffinEG_Single,Fig. 8a; Section 3.3,1,0,0,0
172,47,https://doi.org/10.1016/j.energy.2022.126481,3,Dummy_SATUreaEG_Single,"Fig. 8a, Fig. 8b; Section 3.3",1,0,0,0
173,47,https://doi.org/10.1016/j.energy.2022.126481,4,Module_SATUreaEG_3Rods,"Fig. 2c–d, Fig. 8c; Section 2.3 and 3.3",1,0,0,0
174,48,https://doi.org/10.1016/j.energy.2023.128027,1,LCO_50_SOC_Overheat,"Table 1 (TOER, TOTR, TTR, Tmax); Fig. 4; Fig. 5c; Section 3.1",1,1,0,0
175,48,https://doi.org/10.1016/j.energy.2023.128027,2,LCO_100_SOC_Overheat,Table 1; Fig. 4; Fig. 5d; Section 3.1 and Conclusion,1,1,0,0
176,48,https://doi.org/10.1016/j.energy.2023.128027,3,NMC622_50_SOC_Overheat,Table 1; Fig. 4; Fig. 5e; Section 3.1,1,1,0,0
177,48,https://doi.org/10.1016/j.energy.2023.128027,4,NMC622_100_SOC_Overheat,Table 1; Fig. 4; Fig. 5f; Section 3.1 and Conclusion,1,1,0,0
178,48,https://doi.org/10.1016/j.energy.2023.128027,5,LFP_50_SOC_Overheat,Table 1; Fig. 4; Fig. 5a; Section 3.1,1,1,0,0
179,48,https://doi.org/10.1016/j.energy.2023.128027,6,LFP_100_SOC_Overheat,Table 1; Fig. 4; Fig. 5b; Section 3.1 and Conclusion,1,1,0,0
180,49,https://doi.org/10.1016/j.energy.2025.138812,1,ARC_Fresh,Section 2.3 (methods) and Section 3.3 with Fig. 7,1,0,0,0
181,49,https://doi.org/10.1016/j.energy.2025.138812,2,ARC_ThermallyDamaged,Section 2.3 (methods) and Section 3.3 with Fig. 7,1,0,0,0
182,50,https://doi.org/10.1016/j.jpowsour.2006.06.008,1,ARC_Baseline_Li_Electrolyte,Figure 2; Table 3; Section 5,1,1,1,0
183,50,https://doi.org/10.1016/j.jpowsour.2006.06.008,2,ARC_TRI311_Li_Electrolyte,Figure 2; Table 3; Section 5,1,1,1,0
184,50,https://doi.org/10.1016/j.jpowsour.2006.06.008,3,ARC_TRI013_Li_Electrolyte,Figure 2; Table 3; Section 5,1,1,1,0
185,50,https://doi.org/10.1016/j.jpowsour.2006.06.008,4,ARC_TRI001_Li_Electrolyte,Table 3; Section 5,1,1,0,0
186,50,https://doi.org/10.1016/j.jpowsour.2006.06.008,5,DSC_Cathode_Baseline,Table 4; Section 5.1,1,1,0,0
187,50,https://doi.org/10.1016/j.jpowsour.2006.06.008,6,DSC_Cathode_TRI311,Table 4; Section 5.1,1,1,0,0
188,50,https://doi.org/10.1016/j.jpowsour.2006.06.008,7,DSC_Cathode_TRI013,Table 4; Section 5.1,1,1,0,0
189,50,https://doi.org/10.1016/j.jpowsour.2006.06.008,8,DSC_Cathode_TRI001,Table 4; Section 5.1,1,1,0,0
190,50,https://doi.org/10.1016/j.jpowsour.2006.06.008,9,DSC_Anode_Baseline,Table 4; Section 5.1,1,1,0,0
191,50,https://doi.org/10.1016/j.jpowsour.2006.06.008,10,DSC_Anode_TRI311,Table 4; Section 5.1,1,1,0,0
192,50,https://doi.org/10.1016/j.jpowsour.2006.06.008,11,DSC_Anode_TRI013,Table 4; Section 5.1,1,1,0,0
193,50,https://doi.org/10.1016/j.jpowsour.2006.06.008,12,DSC_Anode_TRI001,Table 4; Section 5.1,1,1,0,0
194,51,https://doi.org/10.1016/j.jpowsour.2006.06.053,1,ARC_noLi_LiPF6_electrolyteOnly,Figure 3; Section 5.3 (ARC),1,0,1,0
195,51,https://doi.org/10.1016/j.jpowsour.2006.06.053,2,ARC_noLi_LiTFSI_electrolyteOnly,Figure 3; Section 5.3 (ARC),1,0,1,0
196,51,https://doi.org/10.1016/j.jpowsour.2006.06.053,3,ARC_LiStrip_LiPF6_noTRI,Figure 6; Section 5.3 (ARC),1,0,1,0
197,51,https://doi.org/10.1016/j.jpowsour.2006.06.053,4,ARC_LiStrip_LiTFSI_noTRI,Figure 6; Section 5.3 (ARC),1,0,1,0
198,51,https://doi.org/10.1016/j.jpowsour.2006.06.053,5,ARC_LiStrip_LiTFSI_withTRI_2wt,Figure 6; Section 5.3 (ARC),1,0,1,0
199,51,https://doi.org/10.1016/j.jpowsour.2006.06.053,6,DSC_ChargedCathode_noTRI,Figure 7; Section 5.4 (DSC),1,0,1,0
200,51,https://doi.org/10.1016/j.jpowsour.2006.06.053,7,DSC_ChargedCathode_withTRI,Figure 7; Section 5.4 (DSC),1,0,1,0
201,52,https://doi.org/10.1016/j.jpowsour.2011.05.078,1,CAR-1_18650_ARC,Section 3.7 and Fig. 8 (ARC gas volume profiles for 18650 cells),1,0,0,0
202,52,https://doi.org/10.1016/j.jpowsour.2011.05.078,2,HFE_18650_ARC,Section 3.7 and Fig. 8 (ARC gas volume profiles for 18650 cells),1,0,0,0
203,53,https://doi.org/10.1016/j.jpowsour.2012.02.038,1,DSC_Li0.5CoO2_ECDEC_LiPF6,"Section 4.2 (Basic reactions), text citing [46]",1,0,0,0
204,53,https://doi.org/10.1016/j.jpowsour.2012.02.038,2,DSC_SEI_Decomposition_Graphite,"Section 4.2 (Basic reactions), text citing [39]",1,0,0,0
205,53,https://doi.org/10.1016/j.jpowsour.2012.02.038,3,DSC_LithiatedGraphite_with_Electrolyte,"Section 4.2 (Basic reactions), text citing [38,51]",1,0,0,0
206,53,https://doi.org/10.1016/j.jpowsour.2012.02.038,4,DSC_Electrolyte_Mitigation_LiBOB_GBL_DMS,Section 5.1.3 (Electrolyte); Fig. 9; text citing [168–171],1,0,0,0
207,54,https://doi.org/10.1016/j.jpowsour.2014.08.094,1,EV-ARC_Tcool_80C,"Section 2.1; Table 1 (No.1, Tcool=80 °C); Fig. 3 (thermocouple placement); Fig. 4 (procedure); Fig. 6 (voltage vs Tcool trend)",1,1,0,0
208,54,https://doi.org/10.1016/j.jpowsour.2014.08.094,2,EV-ARC_Tcool_90C,"Section 2.1; Table 1 (No.2, Tcool=90 °C); Fig. 3; Fig. 4; Fig. 6",1,1,0,0
209,54,https://doi.org/10.1016/j.jpowsour.2014.08.094,3,EV-ARC_Tcool_100C,"Section 2.1; Table 1 (No.3, Tcool=100 °C, 0.5 A pulses); Fig. 4(c) (pulse protocol); Fig. 6 (voltage vs Tcool trend)",1,1,0,0
210,54,https://doi.org/10.1016/j.jpowsour.2014.08.094,4,EV-ARC_Tcool_110C,"Section 3.2 (gasification and swelling at ~100–110 °C); Table 1 (No.4, Tcool=110 °C, 0.25 A pulses); Table 3 (Rin increases modestly); Fig. 4(c)",1,1,0,0
211,54,https://doi.org/10.1016/j.jpowsour.2014.08.094,5,EV-ARC_Tcool_120C,"Section 3.2 (separator melting 120–140 °C and sharp Rin rise after cooling); Table 1 (No.5, Tcool=120 °C, pulses 0.25 A); Table 3 (Rin after cooling +107.9%); Fig. 7; Fig. 6",1,1,0,0
212,54,https://doi.org/10.1016/j.jpowsour.2014.08.094,6,EV-ARC_Tcool_130C,"Section 3.2; Table 1 (No.6, Tcool=130 °C); Table 3 (Rin after cooling +159.0%); Fig. 7 (example Rin trajectory); SEM in Fig. 9 supports separator changes around 120–140 °C",1,1,0,0
213,54,https://doi.org/10.1016/j.jpowsour.2014.08.094,7,EV-ARC_Tcool_140C,"Abstract (non-reusability ≥140 °C due to resistance rise); Section 3.2; Table 1 (No.7, Tcool=140 °C); Table 3 (Rin after cooling +210%); Fig. 9 (SEM: loss of regular pores at 140 °C)",1,1,0,0
214,54,https://doi.org/10.1016/j.jpowsour.2014.08.094,8,EV-ARC_Tcool_160C,"Section 3.2 (Rin after cooling +1343.8% and non-reusability at 160 °C); Table 1 (No.8, Tcool=160 °C); Table 3; Fig. 6",1,1,0,0
215,55,https://doi.org/10.1016/j.jpowsour.2015.05.095,1,Oven_170C,Figure 8 and Section 4.1,1,0,1,0
216,56,https://doi.org/10.1016/j.jpowsour.2017.10.085,1,Test_01_0cycles,"Table 3 (time and outcome), Table 4 (temperatures), Section 3.2.1–3.2.2",1,1,0,0
217,56,https://doi.org/10.1016/j.jpowsour.2017.10.085,2,Test_02_0cycles,"Table 3, Table 4, Section 3.2.1–3.2.2",1,1,0,0
218,56,https://doi.org/10.1016/j.jpowsour.2017.10.085,3,Test_03_0cycles_FTIR,"Table 3, Table 4, Section 3.2.3–3.2.4",1,1,0,0
219,56,https://doi.org/10.1016/j.jpowsour.2017.10.085,4,Test_04_0cycles,"Table 3, Table 4, Section 3.2.4",1,1,0,0
220,56,https://doi.org/10.1016/j.jpowsour.2017.10.085,5,Test_05_100cycles_FTIR,"Table 3, Table 4, Fig. 6 (test 5), Section 3.2.3",1,1,0,0
221,56,https://doi.org/10.1016/j.jpowsour.2017.10.085,6,Test_06_100cycles,"Table 3, Table 4, Fig. 3 (images), Section 3.2.4",1,1,0,0
222,56,https://doi.org/10.1016/j.jpowsour.2017.10.085,7,Test_07_100cycles,"Table 3, Table 4, Section 3.2.4",1,1,0,0
223,56,https://doi.org/10.1016/j.jpowsour.2017.10.085,8,Test_09_200cycles,"Table 3, Table 4, Section 3.2.2",1,1,0,0
224,56,https://doi.org/10.1016/j.jpowsour.2017.10.085,9,Test_10_300cycles_FTIR,"Table 3, Table 4, Fig. 7 (test 10), Section 3.2.3–3.2.4",1,1,0,0
225,56,https://doi.org/10.1016/j.jpowsour.2017.10.085,10,Test_11_300cycles_blackout,"Table 3 (footnotes b,c), Table 4 (notes), Section 3.2.2",1,1,0,0
226,56,https://doi.org/10.1016/j.jpowsour.2017.10.085,11,Test_12_Dead_sudden_death_after229cycles,"Table 3, Table 4, Section 3.2.2",1,1,0,0
227,56,https://doi.org/10.1016/j.jpowsour.2017.10.085,12,Test_13_Dead_0cycles_stored60C10months,"Table 3, Table 4 (note b), Section 3.2.2",1,1,0,0
228,56,https://doi.org/10.1016/j.jpowsour.2017.10.085,13,Test_14_Dead_0cycles_stored60C10months,"Table 3, Table 4, Section 3.2.2",1,1,0,0
229,56,https://doi.org/10.1016/j.jpowsour.2017.10.085,14,ARC_HWS_100SOC_comparison,Section 3.2.2 (ARC comparison); Fig. S2 (supplementary),1,0,0,0
230,57,https://doi.org/10.1016/j.jpowsour.2017.11.065,1,KIB_PVDF_100SOC_DSC,Fig. 1b–c; Fig. 5b; Section 3 (paragraphs discussing K-ion DSC and binder comparison),1,0,0,0
231,57,https://doi.org/10.1016/j.jpowsour.2017.11.065,2,LIB_PVDF_100SOC_DSC,Fig. 1b–c; Section 3 (first paragraph under Fig. 1),1,0,0,0
232,57,https://doi.org/10.1016/j.jpowsour.2017.11.065,3,KIB_PVDF_SOC_25pct_DSC,Fig. 2a; Section 3 (SOC dependence paragraph),1,0,0,0
233,57,https://doi.org/10.1016/j.jpowsour.2017.11.065,4,KIB_PVDF_SOC_0pct_DSC,Fig. 2a; Section 3 (SOC dependence paragraph: charged graphite required for thermal runaway),1,0,0,0
234,57,https://doi.org/10.1016/j.jpowsour.2017.11.065,5,KIB_PVDF_ElectrolyteRemoved_DMCwash_DSC,Fig. 2b; Section 3 (electrolyte removal paragraph),1,0,0,0
235,57,https://doi.org/10.1016/j.jpowsour.2017.11.065,6,KC8_plus_Electrolyte_DSC,Fig. 2c; Section 3 (KC8 verification paragraph),1,0,0,0
236,57,https://doi.org/10.1016/j.jpowsour.2017.11.065,7,KIB_PVDF_Cycle10_DSC,Fig. 3a (DSC vs cycle number); Fig. 3b (EIS); Section 3,1,0,0,0
237,57,https://doi.org/10.1016/j.jpowsour.2017.11.065,8,KIB_PVDF_Cycle25_DSC,Fig. 3a (DSC vs cycle number); Fig. 3b (EIS); Section 3,1,0,0,0
238,57,https://doi.org/10.1016/j.jpowsour.2017.11.065,9,KIB_PVDF_BallMilled_1h_DSC,Fig. 4b; Section 3 (ball milling paragraph),1,0,0,0
239,57,https://doi.org/10.1016/j.jpowsour.2017.11.065,10,KIB_PVDF_BallMilled_5h_DSC,Fig. 4b; Section 3 (ball milling paragraph),1,0,0,0
240,57,https://doi.org/10.1016/j.jpowsour.2017.11.065,11,KIB_CMCNaBinder_100SOC_DSC,Fig. 5a–b; Section 3 (binder comparison paragraph),1,0,0,0
241,57,https://doi.org/10.1016/j.jpowsour.2017.11.065,12,KIB_NaAlginateBinder_100SOC_DSC,Fig. 5a–b; Section 3 (binder comparison paragraph),1,0,0,0
242,57,https://doi.org/10.1016/j.jpowsour.2017.11.065,13,KIB_CNF_Anode_DSC,Fig. S10; Section 3 (final paragraphs on other carbons),1,0,0,0
243,58,10.1016/j.jpowsour.2018.07.051,1,Pouch_cells,,0,0,0,0
244,58,10.1016/j.jpowsour.2018.07.051,2,Hard_case_cells,,0,0,0,0
245,59,https://doi.org/10.1016/j.jpowsour.2018.07.094,1,Fresh_BTC,Fig. 2 and Table 3; Sections 2.2.2–2.2.3,0,1,0,0
246,59,https://doi.org/10.1016/j.jpowsour.2018.07.094,2,Aged10_BTC,Table 3; Sections 2.2.1 and 2.2.3,0,1,0,0
247,59,https://doi.org/10.1016/j.jpowsour.2018.07.094,3,Aged30_BTC,Table 3; Sections 2.2.1 and 2.2.3,0,1,0,0
248,60,https://doi.org/10.1016/j.jpowsour.2018.10.014,1,LGHG2_Wraparound_20W,Experimental Section 2; Section 3.7; Fig. 3 (venting at 128 °C; phase and EIS behavior); statement on ejection via burst disc during TR for wrap-around heating,1,0,0,0
249,61,10.1016/j.jpowsour.2019.226879,1,TR_Gas_Timeline_Table1,,0,0,0,0
250,62,https://doi.org/10.1016/j.jpowsour.2019.227425,1,Cycle0_P95,Section 3.2 text; Fig. 3c; Fig. S1,1,0,0,0
251,62,https://doi.org/10.1016/j.jpowsour.2019.227425,2,Cycle20_P95,Section 3.2; Fig. 3a,1,0,0,0
252,62,https://doi.org/10.1016/j.jpowsour.2019.227425,3,Cycle40_P95,Section 3.2; Fig. 3a,1,0,0,0
253,62,https://doi.org/10.1016/j.jpowsour.2019.227425,4,Cycle60_P95,Section 3.2 text; Fig. 3a and 3d; Fig. S1,1,0,0,0
254,62,https://doi.org/10.1016/j.jpowsour.2019.227425,5,Cycle0_P20,Section 3.1 (Fig. 1) and Section 3.2 text; Fig. 3c; Fig. S1,1,0,0,0
255,62,https://doi.org/10.1016/j.jpowsour.2019.227425,6,Cycle60_P20,Section 3.1 (Fig. 2) and Section 3.2 text; Fig. 3d; Fig. S1,1,0,0,0
256,63,https://doi.org/10.1016/j.jpowsour.2020.227914,1,18650_Test1,Table 2 (Test #1); Fig. 3; Section 3.2,1,1,0,0
257,63,https://doi.org/10.1016/j.jpowsour.2020.227914,2,18650_Test2,Table 2 (Test #2); Fig. 3; Section 3.2,1,1,0,0
258,63,https://doi.org/10.1016/j.jpowsour.2020.227914,3,18650_Test3,Table 2 (Test #3); Fig. 3; Fig. 4; Section 3.2,1,1,0,0
259,63,https://doi.org/10.1016/j.jpowsour.2020.227914,4,Pouch_Test4,Table 2 (Test #4); Fig. 5a–b; Section 3.3,1,1,0,0
260,63,https://doi.org/10.1016/j.jpowsour.2020.227914,5,Pouch_Test5,Table 2 (Test #5); Fig. 5c–d; Section 3.3,1,1,0,0
261,63,https://doi.org/10.1016/j.jpowsour.2020.227914,6,Prismatic_Test6,Table 2 (Test #6); Fig. 6; Section 3.4,1,1,0,0
262,64,https://doi.org/10.1016/j.jpowsour.2020.228503,1,Repeatability_Set_UnknownPower,Fig. 3; Table 3; Section 2.3–2.4,1,1,0,0
263,65,https://doi.org/10.1016/j.jpowsour.2020.228649,1,Lei_2017_18650_LMO,"Section 2, citing Ref. [57] (Lei et al.)",1,0,0,0
264,65,https://doi.org/10.1016/j.jpowsour.2020.228649,2,Darcy_2016_LLB2_HeatSinks_BaseHeating,"Section 4, citing Ref. [175]",1,0,0,0
265,65,https://doi.org/10.1016/j.jpowsour.2020.228649,3,Wang_2016_LTO_HFC227ea_HeatedToFire,"Section 5, citing Ref. [206]",1,0,0,0
266,66,10.1016/j.jpowsour.2020.229357,1,NakedCell_Canister_ARC,,0,0,0,0
267,66,10.1016/j.jpowsour.2020.229357,2,IntactCell_ARC,,0,0,0,0
268,67,https://doi.org/10.1016/j.jpowsour.2021.229496,1,SOC_100,"Table 4 (start time for second venting), Fig. 3a (temporal evolution), Fig. 6 (pressure and jet flow during TR), Sections 2.6 and 3.1–3.3",0,1,0,0
269,67,https://doi.org/10.1016/j.jpowsour.2021.229496,2,SOC_50,"Table 4 (start time for second venting), Fig. 3b (temporal evolution), Sections 2.6 and 3.1–3.3",0,1,0,0
270,67,https://doi.org/10.1016/j.jpowsour.2021.229496,3,SOC_25,"Table 4 (start time for second venting), Fig. 3c (temporal evolution), Sections 2.6 and 3.1–3.3",0,1,0,0
271,68,https://doi.org/10.1016/j.jpowsour.2021.230340,1,SingleCell_Air21,Figure 2a and Section 3.1,1,0,1,0
272,68,https://doi.org/10.1016/j.jpowsour.2021.230340,2,Tri_N2_21O2,Figures 2b–2c and 3; Section 3.1–3.2,1,0,0,0
273,68,https://doi.org/10.1016/j.jpowsour.2021.230340,3,Tri_N2_18O2,Figure 3 and Section 3.2.1–3.2.4,1,0,1,0
274,68,https://doi.org/10.1016/j.jpowsour.2021.230340,4,Tri_N2_15O2,Figures 3 and 5b; Section 3.2.1–3.2.3,1,0,0,0
275,68,https://doi.org/10.1016/j.jpowsour.2021.230340,5,Tri_N2_12O2,"Figures 3, 5, and 6; Section 3.2.1–3.2.4",1,0,0,0
276,68,https://doi.org/10.1016/j.jpowsour.2021.230340,6,Tri_Ar_15O2,Figure 7a–7f; Section 3.3,1,0,1,0
277,69,https://doi.org/10.1016/j.jpowsour.2021.230645,1,Lammer_2017_Furnace_18650_NCA_100SOC,"Section 2: Literature review, paragraph describing Lammer et al. (2017) [33]",1,0,0,0
278,69,https://doi.org/10.1016/j.jpowsour.2021.230645,2,Yayathi_ARC_Bomb_AllCells_50SOC,"Section 2: Literature review, paragraph describing Yayathi et al. [6]",1,0,0,0
279,69,https://doi.org/10.1016/j.jpowsour.2021.230645,3,Yayathi_ARC_Bomb_AllCells_100SOC,"Section 2: Literature review, paragraph describing Yayathi et al. [6]",1,0,0,0
280,69,https://doi.org/10.1016/j.jpowsour.2021.230645,4,Fu_Cone_100SOC_30kWm2,"Section 2: Literature review, paragraph describing Fu et al. [34]",1,0,0,0
281,69,https://doi.org/10.1016/j.jpowsour.2021.230645,5,Fu_Cone_100SOC_50kWm2,"Section 2: Literature review, paragraph describing Fu et al. [34]",1,0,0,0
282,69,https://doi.org/10.1016/j.jpowsour.2021.230645,6,Fu_Cone_100SOC_60kWm2,"Section 2: Literature review, paragraph describing Fu et al. [34]",1,0,0,0
283,69,https://doi.org/10.1016/j.jpowsour.2021.230645,7,Fu_Cone_65SOC_50kWm2,"Section 2: Literature review, paragraph describing Fu et al. [34]",1,0,0,0
284,69,https://doi.org/10.1016/j.jpowsour.2021.230645,8,Fu_Cone_70SOC_50kWm2,"Section 2: Literature review, paragraph describing Fu et al. [34]",1,0,0,0
285,69,https://doi.org/10.1016/j.jpowsour.2021.230645,9,Golubkov_NCA_18650_ThermalAbuse_25-100SOC,"Section 2: Literature review, paragraph describing Golubkov et al. [30]",1,0,0,0
286,69,https://doi.org/10.1016/j.jpowsour.2021.230645,10,Golubkov_LFP_18650_ThermalAbuse_50-100SOC,"Section 2: Literature review, paragraph describing Golubkov et al. [30]",1,0,0,0
287,70,https://doi.org/10.1016/j.jpowsour.2021.230659,1,Blank_TR,Figure 8(a) and Table 4; Section 4.2,1,1,1,0
288,70,https://doi.org/10.1016/j.jpowsour.2021.230659,2,SprayCooling_TR,Figure 8(b) and Table 4; Section 4.2,1,1,1,0
289,71,https://doi.org/10.1016/j.jpowsour.2021.230724,1,Module_LateralHeating_NCM111,"Section 2.4 (Lateral heating experiment), Fig. 4, Table 5 (Experimental propagation times)",1,1,0,0
290,71,https://doi.org/10.1016/j.jpowsour.2021.230724,2,Module_LateralHeating_NCM523,"Section 2.4 (Lateral heating experiment), Fig. 4, Table 5 (Experimental propagation times)",1,1,0,0
291,71,https://doi.org/10.1016/j.jpowsour.2021.230724,3,Module_LateralHeating_NCM622,"Section 2.4 (Lateral heating experiment), Fig. 4, Table 5 (Experimental propagation times)",1,1,0,0
292,72,https://doi.org/10.1016/j.jpowsour.2022.231867,1,An-Ele_V0,Fig. 2(II)A and Table 2; Section 3.2,1,1,0,0
293,72,https://doi.org/10.1016/j.jpowsour.2022.231867,2,An-Ele_Vip,Fig. 2(II)B and Table 2; Section 3.2,1,1,0,0
294,72,https://doi.org/10.1016/j.jpowsour.2022.231867,3,An-Ele_Vp,Fig. 2(II)C and Table 2; Section 3.2,1,1,0,0
295,72,https://doi.org/10.1016/j.jpowsour.2022.231867,4,An-Ele_Vcr,Fig. 2(II)D and Table 2; Section 3.2,1,1,0,0
296,72,https://doi.org/10.1016/j.jpowsour.2022.231867,5,An-Ca_V0,Fig. 2(II)A and Table 2; Section 3.2,1,1,0,0
297,72,https://doi.org/10.1016/j.jpowsour.2022.231867,6,An-Ca_Vip,Fig. 2(II)B and Table 2; Section 3.2,1,1,0,0
298,72,https://doi.org/10.1016/j.jpowsour.2022.231867,7,An-Ca_Vp,Fig. 2(II)C and Table 2; Section 3.2,1,1,0,0
299,72,https://doi.org/10.1016/j.jpowsour.2022.231867,8,An-Ca_Vcr,Fig. 2(II)D and Table 2; Section 3.2,1,1,0,0
300,73,https://doi.org/10.1016/j.jpowsour.2023.233777,1,LFP_ARC_SOC_gt_28,"Figure 6 and text in Section 3.2.1 (thermal abuse of LFP in ARC), citing reference [98]",1,0,1,0
301,73,https://doi.org/10.1016/j.jpowsour.2023.233777,2,LFP_ARC_SOC_le_28,"Figure 6 and text in Section 3.2.1 (thermal abuse of LFP in ARC), citing reference [98]",1,0,1,0
302,74,https://doi.org/10.1016/j.jpowsour.2024.234237,1,0C_70%SOC_Test,Table 2 (0C–70%SOC Test); Section 2.2 (Experimental setup); Fig. 3; Table 1,1,1,0,0
303,74,https://doi.org/10.1016/j.jpowsour.2024.234237,2,0C_120%SOC_Test,Table 2 (0C–120%SOC Test; prior dataset [45] referenced within this paper); Section 3.1; Fig. 3; Table 1,1,1,0,0
304,75,https://doi.org/10.1016/j.jpowsour.2024.234273,1,Bare_LFP_GRA_Pouch,"Figure 6a–b (visuals), Figure 6e (time–temperature), Figure 6f–g (HRR/SPR); Section 3.3 Battery safety research and analysis.",1,0,1,0
305,75,https://doi.org/10.1016/j.jpowsour.2024.234273,2,SiO2_Coated_LFP_GRA_Pouch,"Figure 6c–d (visuals), Figure 6e (time–temperature), Figure 6f–g (HRR/SPR); Section 3.3 Battery safety research and analysis.",1,0,1,0
306,76,https://doi.org/10.1016/j.jpowsour.2024.234744,1,SoC100_5s,"Fig. 3 (max air temperature 400.1 °C at 100% SoC, 5 s), Fig. 4a (signals vs time), Fig. 5–6 (stages and ignition by hot particles); Section 3 Results (paragraphs on pressure/voltage timing)",1,0,0,0
307,76,https://doi.org/10.1016/j.jpowsour.2024.234744,2,SoC100_3.5s,"Fig. 4b (signals vs time), Fig. 3 (pressure peak at 100% SoC, 3.5 s), Section 3 Results (statement that fully charged cases reach <2.5 V in ~3.5 s matching pressure peak times)",1,0,0,0
308,76,https://doi.org/10.1016/j.jpowsour.2024.234744,3,SoC50_5s,"Fig. 4d (signals vs time), Fig. 5–6 (staged venting and ignition behavior), Section 3 Results (paragraph: maximum average pressure 7.75 bar and ~7.46 s to peak for 50% SoC, 5 s)",1,0,0,0
309,77,https://doi.org/10.1016/j.jpowsour.2024.235096,1,NCM_18650_SOC100,"Fig. 5a, Table 1, and Section 2.4",1,1,0,0
310,77,https://doi.org/10.1016/j.jpowsour.2024.235096,2,LFP_18650_SOC100,"Fig. 6a, Table 1, and Section 2.4",1,1,0,0
311,78,https://doi.org/10.1016/j.jpowsour.2024.235147,1,Test_1,Table 2; Fig. 6a; Section 5.2,1,1,0,0
312,78,https://doi.org/10.1016/j.jpowsour.2024.235147,2,Test_2,Table 2; Fig. 6b; Fig. 7; Section 5.2,1,1,0,0
313,78,https://doi.org/10.1016/j.jpowsour.2024.235147,3,Test_3,Table 2; Fig. 6c; Fig. 7; Fig. 8; Section 5.2,1,1,0,0
314,79,https://doi.org/10.1016/j.jpowsour.2024.235327,1,Exp_1-1_SealingUp_Heater60x60,Vent direction and wreckage: Fig. 4(a); Surface temperature and max temperature: Fig. 6(a); CVR pressure and gas amount: Fig. 7(a); Key parameters summary: Table 2 (row 1-1),0,1,0,0
315,79,https://doi.org/10.1016/j.jpowsour.2024.235327,2,Exp_1-2_SealingDown_Heater60x60,Vent direction and wreckage: Fig. 4(b); Surface temperature and max temperature: Fig. 6(b); CVR pressure and gas amount: Fig. 7(b); Key parameters summary: Table 2 (row 1-2),0,1,0,0
316,80,https://doi.org/10.1016/j.jpowsour.2024.235633,1,Module_NoElectricalConnection,"Fig. 5(d)–(i), Section 3.2 (based on Ref. [29] within the review)",1,0,0,0
317,80,https://doi.org/10.1016/j.jpowsour.2024.235633,2,Module_3P4S,"Fig. 5(d)–(i), Section 3.2 (based on Ref. [29] within the review)",1,0,0,0
318,80,https://doi.org/10.1016/j.jpowsour.2024.235633,3,Module_4P3S,"Fig. 5(d)–(i), Section 3.2 (based on Ref. [29] within the review)",1,0,0,0
319,81,https://doi.org/10.1016/j.jpowsour.2024.235728,1,ARC_LFP_23Ah,"Fig. 3c, Fig. 3d; Section 2.3 and 3.1",1,0,0,0
320,82,https://doi.org/10.1016/j.jpowsour.2024.235834,1,ARC_21700_P45B,Section 2; Fig. 1(a)–(e); Fig. 2(b); Table 3; narrative in Sections 4.1–4.2,1,1,0,0
321,83,10.1016/j.jpowsour.2024.236026,1,SEI_Zhao_TGA_5Cmin,,0,0,0,0
322,83,10.1016/j.jpowsour.2024.236026,2,Anode_Graphite_LCO_Barkholtz_TGA_15Cmin,,0,0,0,0
323,83,10.1016/j.jpowsour.2024.236026,3,Anode_Graphite_LFP_Barkholtz_TGA_15Cmin,,0,0,0,0
324,83,10.1016/j.jpowsour.2024.236026,4,Anode_Graphite_NMC_Kriston_TGA,,0,0,0,0
325,83,10.1016/j.jpowsour.2024.236026,5,Separator_LG_LCO_Barkholtz_TGA,,0,0,0,0
326,83,10.1016/j.jpowsour.2024.236026,6,Separator_A123_LFP_Barkholtz_TGA,,0,0,0,0
327,83,10.1016/j.jpowsour.2024.236026,7,Separator_Panasonic_NCA_Barkholtz_TGA,,0,0,0,0
328,83,10.1016/j.jpowsour.2024.236026,8,Cathode_LCO_Wang_TGA_10Cmin,,0,0,0,0
329,83,10.1016/j.jpowsour.2024.236026,9,Cathode_LCO_Lee_TGA_10Cmin,,0,0,0,0
330,83,10.1016/j.jpowsour.2024.236026,10,Cathode_LFP_Barkholtz_DSC_20Cmin,,0,0,0,0
331,83,10.1016/j.jpowsour.2024.236026,11,Cathode_NMC_Zhong_Kriston_TGA,,0,0,0,0
332,83,10.1016/j.jpowsour.2024.236026,12,Electrolyte_EC_DMC_LiPF6_Chang_TGA_10Cmin,,0,0,0,0
333,83,10.1016/j.jpowsour.2024.236026,13,Electrolyte_EC_DMC_EA_LiPF6_Bertilsson_TGA,,0,0,0,0
334,83,10.1016/j.jpowsour.2024.236026,14,Binder_CMC_Kriston_TGA_10Cmin,,0,0,0,0
335,83,10.1016/j.jpowsour.2024.236026,15,Binder_PVDF_Li_Rehwoldt_TGA_10Cmin,,0,0,0,0
336,84,https://doi.org/10.1016/j.jpowsour.2024.236045,1,HWS_100SOC_Fresh,Table 2 (HWS 100% SOC sample); Figure 5(a); Sections 2.2.1.1 and 3.1–3.2,0,1,1,0
337,84,https://doi.org/10.1016/j.jpowsour.2024.236045,2,HWS_50SOC_Fresh,Table 2 (HWS 50% SOC sample); Figure 5(a); Sections 2.2.1.1 and 3.1–3.2,0,1,1,0
338,84,https://doi.org/10.1016/j.jpowsour.2024.236045,3,HWS_100SOC_Aged_80SOH,Table 2 (HWS Aged sample); Figure 5(a); Sections 2.2.1.1 and 3.1–3.2,0,1,1,0
339,84,https://doi.org/10.1016/j.jpowsour.2024.236045,4,LITR_100SOC,Table 2 (Laser 100% SOC sample); Figure 5(c); Section 2.2.1.3 and 3.1,1,1,1,0
340,84,https://doi.org/10.1016/j.jpowsour.2024.236045,5,LITR_50SOC,Table 2 (Laser 50% SOC sample); Figure 5(c); Section 2.2.1.3 and 3.1,1,1,1,0
341,85,https://doi.org/10.1016/j.jpowsour.2025.236270,1,NTM_SIB_0pct_SOC,"Fig. 3c (Topen, Tmax) and Section 3.2",1,0,0,0
342,85,https://doi.org/10.1016/j.jpowsour.2025.236270,2,NTM_SIB_60pct_SOC,Fig. 3c and Section 3.2,1,0,0,0
343,85,https://doi.org/10.1016/j.jpowsour.2025.236270,3,NTM_SIB_80pct_SOC,Fig. 3c and Section 3.2,1,0,0,0
344,85,https://doi.org/10.1016/j.jpowsour.2025.236270,4,NTM_SIB_90pct_SOC,Fig. 3c and Section 3.2,1,0,0,0
345,85,https://doi.org/10.1016/j.jpowsour.2025.236270,5,NTM_SIB_100pct_SOC,Fig. 3c and Section 3.2,1,0,0,0
346,85,https://doi.org/10.1016/j.jpowsour.2025.236270,6,LFP_LIB_0pct_SOC,"Fig. 3d (Topen, Tmax), Fig. 4 (Rmax), Section 3.2",1,0,0,0
347,85,https://doi.org/10.1016/j.jpowsour.2025.236270,7,LFP_LIB_60pct_SOC,"Fig. 3d (Topen, Tmax), Fig. 4 (rise rate threshold), Section 3.2 (TTR values)",1,0,0,0
348,85,https://doi.org/10.1016/j.jpowsour.2025.236270,8,LFP_LIB_80pct_SOC,"Fig. 3d (Topen, Tmax) and Section 3.2 (TTR values)",1,0,0,0
349,85,https://doi.org/10.1016/j.jpowsour.2025.236270,9,LFP_LIB_90pct_SOC,"Fig. 3d (Topen, Tmax) and Section 3.2 (TTR values)",1,0,0,0
350,86,https://doi.org/10.1016/j.jpowsour.2025.236363,1,Air_100kPa,Section 2.1 (Experiment benchmark) for setup; Section 3.2 and Fig. 6a for time to thermal runaway at 100 kPa,1,0,0,0
351,86,https://doi.org/10.1016/j.jpowsour.2025.236363,2,Air_20kPa,Section 2.1 (Experiment benchmark) for setup; Section 3.2 and Fig. 6a for time to thermal runaway at 20 kPa,1,0,0,0
352,87,https://doi.org/10.1016/j.jpowsour.2025.237240,1,ARC_Test_1,Table 2; Fig. 4; Section 3.1,1,1,0,0
353,87,https://doi.org/10.1016/j.jpowsour.2025.237240,2,ARC_Test_2,Table 2; Fig. 4; Section 3.1,1,1,0,0
354,87,https://doi.org/10.1016/j.jpowsour.2025.237240,3,ARC_Test_3,Table 2; Fig. 4; Section 3.1,1,1,0,0
355,87,https://doi.org/10.1016/j.jpowsour.2025.237240,4,ARC_Test_4,Table 2; Fig. 4; Section 3.1,1,1,0,0
356,87,https://doi.org/10.1016/j.jpowsour.2025.237240,5,ARC_Test_5,Table 2; Fig. 4; Section 3.1,1,1,0,0
357,87,https://doi.org/10.1016/j.jpowsour.2025.237240,6,ARC_Test_6,Table 2; Fig. 4; Section 3.1,1,1,0,0
358,87,https://doi.org/10.1016/j.jpowsour.2025.237240,7,ARC_Test_7,Table 2; Fig. 4; Section 3.1,1,1,0,0
359,87,https://doi.org/10.1016/j.jpowsour.2025.237240,8,ARC_Test_8,Table 2; Fig. 4; Section 3.1,1,1,0,0
360,87,https://doi.org/10.1016/j.jpowsour.2025.237240,9,ARC_Test_9,Table 2; Fig. 4; Section 3.1,1,1,0,0
361,87,https://doi.org/10.1016/j.jpowsour.2025.237240,10,ARC_Test_10,Table 2; Fig. 4; Section 3.1,1,1,0,0
362,87,https://doi.org/10.1016/j.jpowsour.2025.237240,11,ARC_Test_11,Table 2; Fig. 4; Section 3.1,1,1,0,0
363,87,https://doi.org/10.1016/j.jpowsour.2025.237240,12,ARC_Test_12,Table 2; Fig. 4; Section 3.1,1,1,0,0
364,87,https://doi.org/10.1016/j.jpowsour.2025.237240,13,ARC_Test_13,Table 2; Fig. 4; Section 3.1,1,1,0,0
365,87,https://doi.org/10.1016/j.jpowsour.2025.237240,14,ARC_Test_14,Table 2; Fig. 4; Section 3.1,1,1,0,0
366,88,https://doi.org/10.1016/j.jpowsour.2025.237414,1,SIB_NFM_SOC50,"Table 3; Sections 2.2, 3.1 and 3.2; Fig. 5a and Fig. 6b",0,1,0,0
367,88,https://doi.org/10.1016/j.jpowsour.2025.237414,2,SIB_NFM_SOC75,Table 3; Sections 3.1 and 3.2; Fig. 5a and Fig. 6b,0,1,0,0
368,88,https://doi.org/10.1016/j.jpowsour.2025.237414,3,SIB_NFM_SOC100,"Table 3; Sections 3.1–3.2; Fig. 4a (pressure-time and gas ignition), Fig. 6b–c",0,1,0,0
369,88,https://doi.org/10.1016/j.jpowsour.2025.237414,4,LIB_NMC_SOC50,Table 3; Sections 3.1 and 3.2; Fig. 5a and Fig. 6b,0,1,0,0
370,88,https://doi.org/10.1016/j.jpowsour.2025.237414,5,LIB_NMC_SOC75,Table 3; Sections 3.1 and 3.2; Fig. 5a and Fig. 6b,0,1,0,0
371,88,https://doi.org/10.1016/j.jpowsour.2025.237414,6,LIB_NMC_SOC100,Table 3 (notes for tests #28–#30); Sections 3.1–3.2; Fig. 6b–c,0,1,0,0
372,89,https://doi.org/10.1016/j.jpowsour.2025.237488,1,Fresh_Oven,Table 2 (thermal stability parameters); Section 2.6 (procedure/definitions); Section 3.3 (results); Fig. 5 (cathode oxygen release) and Fig. 6 (hazard examples),1,1,0,0
373,89,https://doi.org/10.1016/j.jpowsour.2025.237488,2,Aged_1C_40C_Oven,"Table 2 (T_CID, T_Vent, T_CSH, T_TR, T_max); Section 2.6 and 3.3; Fig. 6 (hazard level outcomes)",1,1,0,0
374,89,https://doi.org/10.1016/j.jpowsour.2025.237488,3,Aged_Hybrid_40C_Oven,Table 2; Section 3.3; Fig. 6 (hazard outcomes),1,1,0,0
375,89,https://doi.org/10.1016/j.jpowsour.2025.237488,4,Aged_C3_25C_Oven,Table 2; Section 3.3; Fig. 6 (hazard distribution and images),1,1,0,0
376,90,https://doi.org/10.1016/j.jpowsour.2025.237601,1,LFP_Pouch_6Ah,"Section 3.1; Fig. 3(a,c,e,f)",1,0,0,0
377,90,https://doi.org/10.1016/j.jpowsour.2025.237601,2,LFP_Pouch_67Ah,"Section 3.1; Fig. 3(b,d,e,f)",1,0,0,0
378,91,https://doi.org/10.1016/j.jpowsour.2025.237697,1,S1-C1,"Table 1 (TTR, heating rate); Fig. 2 (temperature histories); Section 2 (Methodology); Sections 3.1 and 3.3 (ignition modes and mechanism)",1,1,0,0
379,91,https://doi.org/10.1016/j.jpowsour.2025.237697,2,S1-C3,"Table 1 (TTR, heating rate); Fig. 2; Section 2; Sections 3.1 and 3.3",1,1,0,0
380,91,https://doi.org/10.1016/j.jpowsour.2025.237697,3,S1-C4,"Table 1 (TTR, heating rate); Fig. 2; Section 2; Sections 3.1 and 3.3",1,1,0,0
381,91,https://doi.org/10.1016/j.jpowsour.2025.237697,4,S2-C1,"Table 1 (TTR, heating rate); Fig. 2; Section 2; Sections 3.1–3.3",1,1,0,0
382,91,https://doi.org/10.1016/j.jpowsour.2025.237697,5,S2-C2,"Table 1 (TTR, heating rate); Fig. 2; Section 2; Sections 3.1–3.3",1,1,0,0
383,91,https://doi.org/10.1016/j.jpowsour.2025.237697,6,S2-C3,"Table 1 (TTR, heating rate); Fig. 2; Section 2; Sections 3.1–3.3",1,1,0,0
384,91,https://doi.org/10.1016/j.jpowsour.2025.237697,7,S2-C4,"Table 1 (TTR, heating rate); Fig. 2; Section 2; Sections 3.1–3.3",1,1,0,0
385,92,https://doi.org/10.1016/j.jpowsour.2025.238594,1,SOC_0_percent,"Fig. 2a (time/temperature and flame evolution), Fig. 3a (temperature curves, onset), Fig. 3d (XRD residues), Section 3.1–3.2",1,0,0,0
386,92,https://doi.org/10.1016/j.jpowsour.2025.238594,2,SOC_50_percent,"Fig. 2b (time/temperature and flame evolution), Fig. 3a (temperature curves, onset), Fig. 4c–d (gas emissions), Section 3.1–3.2",1,0,0,0
387,92,https://doi.org/10.1016/j.jpowsour.2025.238594,3,SOC_100_percent,"Fig. 2c (explosive TR at ~299 s, peak 828 °C), Fig. 3a (earlier temperature escalation), Fig. 3d (Ni/NiO-like phases in residues), Fig. 4a–d (HRR/THR and gas), Section 3.1–3.2",1,0,0,0
388,93,https://doi.org/10.1016/j.jpowsour.2025.238780,1,SIB_180Ah_HeatingPlate,"Setup: Fig. 1, Section 2.2; Temperature/voltage/TR metrics: Fig. 3a, Fig. 4a–b,e–f, Table 4, Section 3.2; Gas/mass context: Section 3.1–3.4",1,1,0,0
389,93,https://doi.org/10.1016/j.jpowsour.2025.238780,2,LFP_150Ah_HeatingPlate,"Setup: Fig. 1, Section 2.2; Temperature/voltage/TR metrics: Fig. 3b, Fig. 4c–d,e–f, Table 4, Section 3.2; Gas/mass context: Section 3.1–3.4",1,1,0,0
390,94,https://doi.org/10.1016/j.jpowsour.2025.238979,1,Overheat_18650,"Abstract and Section 3.1 (integrated timeline with t_vent=413 s, t_TR=443 s); Fig. 4(b) (experimental pressure/temperature validation)",1,0,0,0
391,95,https://doi.org/10.1016/j.firesaf.2020.103117,1,Single_Test1_NoWater,Figure 4 and Figure 5; Section 3.1,1,0,1,0
392,95,https://doi.org/10.1016/j.firesaf.2020.103117,2,Single_Test3_Water_0p2MPa_0p7L,Figure 6 and Figure 7; Section 3.1,1,0,1,0
393,95,https://doi.org/10.1016/j.firesaf.2020.103117,3,Multi_Test7_NoWater,Figure 10 and Figure 11; Section 3.2,1,0,1,0
394,95,https://doi.org/10.1016/j.firesaf.2020.103117,4,Multi_Test8_Water_0p2MPa_0p7L,Figure 12 and Figure 13; Table 3; Section 3.2,1,1,1,0
395,95,https://doi.org/10.1016/j.firesaf.2020.103117,5,Multi_Test9_Water_0p2MPa_0p35L,Figure 14 and Table 3; Section 3.2,1,1,1,0
396,95,https://doi.org/10.1016/j.firesaf.2020.103117,6,Multi_Test10_Water_0p2MPa_1p05L,Figure 14 and Table 3; Section 3.2,1,1,1,0
397,95,https://doi.org/10.1016/j.firesaf.2020.103117,7,Multi_Test11_Water_0p1MPa_0p7L,Figure 14 and Table 3; Section 3.2,1,1,1,0
398,95,https://doi.org/10.1016/j.firesaf.2020.103117,8,Multi_Test12_Water_0p3MPa_0p7L,Figure 14 and Table 3; Section 3.2,1,1,1,0
399,95,https://doi.org/10.1016/j.firesaf.2020.103117,9,EV_ARC_SingleCell,Figure 15; Section 3.2 (EV-ARC description),1,0,1,0
400,96,https://doi.org/10.1016/j.firesaf.2021.103382,1,Panasonic_NMC_30SOC_N2Bomb,Section 2.3.1 (Typical results in a runaway nitrogen bomb test); Fig. 10,1,0,0,0
401,97,https://doi.org/10.1016/j.firesaf.2022.103562,1,Test_1_Water_EVFE,Section 3; Fig. 4–6; Table 2 (rates/times); Table 3 (onset temps); Fig. 7 (discrete propagation mechanism); Section 4.1–4.4,1,1,0,0
402,97,https://doi.org/10.1016/j.firesaf.2022.103562,2,Test_2_Water_EVFE,"Fig. 6 (temperature curves); Table 2 (max rate, TR duration); Table 3 (onset temps); Section 4.1–4.4",1,1,0,0
403,97,https://doi.org/10.1016/j.firesaf.2022.103562,3,Test_3_Foam_EVFE,Fig. 6 (temperature curves); Table 2 (max rate); Table 3 (onset temps); Section 4.1–4.4,1,1,0,0
404,97,https://doi.org/10.1016/j.firesaf.2022.103562,4,Test_4_Foam_EVFE,"Fig. 6 (temperature curves); Table 2 (max rate, shortest TR duration); Table 3 (onset temps); Section 4.1–4.4",1,1,0,0
405,98,https://doi.org/10.1016/j.firesaf.2023.103885,1,HR10_SOC100,"Fig. 3 (100% SOC, 10 °C/min); Section 2.1 (Methods: heating rates correspond to ~20 min initiation); Section 3.1 (propagation times ~24–34 s at 100% SOC)",1,0,0,0
406,98,https://doi.org/10.1016/j.firesaf.2023.103885,2,HR50_SOC100,"Fig. 3 (100% SOC, 50 °C/min); Section 2.1 (Methods: ~5 min initiation at 50 °C/min); Section 3.1 (propagation times ~24–34 s at 100% SOC)",1,0,0,0
407,98,https://doi.org/10.1016/j.firesaf.2023.103885,3,HR10_SOC20_Mitigated,Fig. 4 (20% SOC at 10 °C/min); Table 1 (Propagation status N); Section 3.1 (mitigation boundary 20–25% SOC at 10 °C/min),1,1,0,0
408,98,https://doi.org/10.1016/j.firesaf.2023.103885,4,HR50_SOC25_Mitigated,"Table 1 (50 °C/min at 25% SOC, Propagation status N); Section 3.1 (boundary between propagation and mitigation increases with heating rate)",1,1,0,0
409,98,https://doi.org/10.1016/j.firesaf.2023.103885,5,HR50_SOC35_Mitigated,Fig. 5 (35% SOC replicates); Table 1 (Propagation status N); Section 3.1,1,1,0,0
410,98,https://doi.org/10.1016/j.firesaf.2023.103885,6,HR50_SOC40_MitigatedReplicate,"Fig. 5 (40% SOC replicates: one weakly propagating over ~5 min, one mitigated); Table 1; Section 3.1",1,1,0,0
411,99,https://doi.org/10.1016/j.firesaf.2023.103899,1,Single_LCO_38W_Enclosure,Fig. 9a and associated text in Section 3.1,1,0,0,0
412,99,https://doi.org/10.1016/j.firesaf.2023.103899,2,Single_LFP_38W_Enclosure,Fig. 9a and Section 3.1,1,0,0,0
413,99,https://doi.org/10.1016/j.firesaf.2023.103899,3,Array_LFP_9Cell_Enclosed_85W,Fig. 10a for representative enclosed LFP TRP; Fig. 11 for mean first-cell TR time; Table 2 for average propagation time,0,1,0,0
414,99,https://doi.org/10.1016/j.firesaf.2023.103899,4,Array_LCO_9Cell_Enclosed_85W,Fig. 10b for enclosed LCO TRP; Fig. 11 for mean first-cell TR time; Table 2 for average propagation time; Fig. 17 shows side ejection evidence,0,1,0,0
415,99,https://doi.org/10.1016/j.firesaf.2023.103899,5,Array_LCO_9Cell_Open_85W,Fig. 12a for representative open LCO TRP (first cell at 851 s); Fig. 12b and Table 2 for propagation rates,0,1,0,0
416,99,https://doi.org/10.1016/j.firesaf.2023.103899,6,Array_LFP_9Cell_Open_85W,Fig. 13a for representative open LFP TRP (first cell at 713 s); Fig. 13b and Table 2 for propagation rates,0,1,0,0
417,100,https://doi.org/10.1016/j.firesaf.2023.104078,1,S2_LocalHeater_70Ah_75SOC,"Table 2 (test series 2), Section 4 (Experimental work), Fig. 4",1,1,0,0
418,100,https://doi.org/10.1016/j.firesaf.2023.104078,2,S2_LocalHeater_70Ah_100SOC,"Table 2 (test series 2), Section 4 (Experimental work), Fig. 4",1,1,0,0
419,100,https://doi.org/10.1016/j.firesaf.2023.104078,3,S2_LocalHeater_157Ah_75SOC,"Table 2 (test series 2), Section 4; Fig. 4 (oxygen concentration trends vs size and SOC)",1,1,0,0
420,100,https://doi.org/10.1016/j.firesaf.2023.104078,4,S2_LocalHeater_157Ah_100SOC,"Table 2 (test series 2), Section 4 (Experimental work), Fig. 4",1,1,0,0
421,101,https://doi.org/10.1016/j.icheatmasstransfer.2025.108922,1,Arc_75_SOC,"Fig. 2a (cell surface temperature), Fig. 4b (flame temperature), Fig. 5 (above-module and ceiling temperatures), Table 2 (cell TR times and peak temperatures)",0,1,0,0
422,101,https://doi.org/10.1016/j.icheatmasstransfer.2025.108922,2,Arc_50_SOC,"Fig. 7 (cell temperatures, 50% SOC), Fig. 8 (mass/radiation/smoke for SOC comparison), Table 2 (cell TR times and peak temperatures)",0,1,0,0
423,101,https://doi.org/10.1016/j.icheatmasstransfer.2025.108922,3,Arc_25_SOC,"Fig. 7 (cell temperatures, 25% SOC), Fig. 8 (mass/radiation/smoke for SOC comparison), Table 2 (cell TR times and peak temperatures)",0,1,0,0
424,102,https://doi.org/10.1016/j.icheatmasstransfer.2025.109989,1,75SOC_1000W_Cell1,Figure 2 and Figure 3; Section 3.1,1,0,1,0
425,102,https://doi.org/10.1016/j.icheatmasstransfer.2025.109989,2,75SOC_1000W_Cell2,Figure 2 and Figure 3; Section 3.1,1,0,1,0
426,102,https://doi.org/10.1016/j.icheatmasstransfer.2025.109989,3,50SOC_1000W_Cell1,Figure 8(a-1); Section 3.3,1,0,1,0
427,102,https://doi.org/10.1016/j.icheatmasstransfer.2025.109989,4,25SOC_1000W_TwoCells,Figure 8(a-1) and 8(c-1); Section 3.3,1,0,1,0
428,103,https://doi.org/10.1016/j.icheatmasstransfer.2025.110036,1,Validation_2Cell_PCM_Firewall_Exp,Section 2.3 (Validation) and Fig. 2,1,0,0,0
429,103,https://doi.org/10.1016/j.icheatmasstransfer.2025.110036,2,NCF_Firewall_3Cell,Section 3.1 (Figs. 3–7); Conclusion (point 1),1,0,0,0
430,103,https://doi.org/10.1016/j.icheatmasstransfer.2025.110036,3,PCM_Firewall_100pct_3Cell,Section 3.1 (Figs. 3–7); Conclusion (point 1),1,0,0,0
431,103,https://doi.org/10.1016/j.icheatmasstransfer.2025.110036,4,PCM_Substrate_k_0.036_WmK_3Cell,Section 3.2 (Fig. 8a),1,0,0,0
432,103,https://doi.org/10.1016/j.icheatmasstransfer.2025.110036,5,PCM_Substrate_k_0.046_WmK_3Cell,"Section 3.2 (Fig. 8a, Fig. 9)",1,0,0,0
433,103,https://doi.org/10.1016/j.icheatmasstransfer.2025.110036,6,PCM_Substrate_k_0.051_WmK_3Cell,"Section 3.2 (Fig. 8a,b; Fig. 9; Fig. 10)",1,0,0,0
434,103,https://doi.org/10.1016/j.icheatmasstransfer.2025.110036,7,PCM_Substrate_k_0.056_WmK_3Cell,"Section 3.2 (Fig. 8a,b; Fig. 9; Fig. 10–11)",1,0,0,0
435,103,https://doi.org/10.1016/j.icheatmasstransfer.2025.110036,8,PCM_Adsorption_100pct_3Cell,Section 3.3 (Fig. 12a); Conclusion (point 3),1,0,0,0
436,103,https://doi.org/10.1016/j.icheatmasstransfer.2025.110036,9,PCM_Adsorption_50pct_3Cell,"Section 3.3 (Fig. 12a, Fig. 13); Fig. 14–15 (energy flow)",1,0,0,0
437,103,https://doi.org/10.1016/j.icheatmasstransfer.2025.110036,10,PCM_Adsorption_40pct_3Cell,"Section 3.3 (Fig. 12a,b; Fig. 13; Fig. 14–15)",1,0,0,0
438,104,https://doi.org/10.1016/j.snb.2024.136988,1,Overheating_HeatingTable_72Ah_LFP,"Section 2.5 and 3.3; Fig. 7c–d, 7g–h, 7j",1,0,0,0
439,105,https://doi.org/10.1016/j.jlp.2019.103992,1,Fig5_100SOC_300C_400W,Figure 5 (Thermal runaway process) and Section 3.1,1,0,1,0
440,106,https://doi.org/10.1016/j.jlp.2022.104818,1,TR_Suppression_Air,Figure 5a and Section 3.3 (Thermal runaway suppression ability),1,0,1,0
441,106,https://doi.org/10.1016/j.jlp.2022.104818,2,TR_Suppression_HFO-1336,"Figure 5b, Table 4, and Section 3.3",1,1,1,0
442,106,https://doi.org/10.1016/j.jlp.2022.104818,3,TR_Suppression_BTP,"Figure 5c, Table 4, and Section 3.3",1,1,1,0
443,106,https://doi.org/10.1016/j.jlp.2022.104818,4,TR_Suppression_C6F-ketone,"Figure 5d, Table 4, and Section 3.3",1,1,1,0
444,106,https://doi.org/10.1016/j.jlp.2022.104818,5,TR_Suppression_HFE-7100,"Figure 5e, Table 4, and Section 3.3",1,1,1,0
445,106,https://doi.org/10.1016/j.jlp.2022.104818,6,TR_Suppression_F7A,"Figure 5f, Table 4, and Section 3.3",1,1,1,0
446,107,https://doi.org/10.1016/j.jlp.2023.105156,1,Fresh_50SOC,Table 3; Fig. 5(a–b); Fig. 7(a); Fig. 8; Section 2.2 and Section 3,1,1,0,0
447,107,https://doi.org/10.1016/j.jlp.2023.105156,2,Aged_90SOH_1C_50SOC,Table 3; Fig. 5(a–b); Fig. 7(b); Fig. 8; Section 3,1,1,0,0
448,107,https://doi.org/10.1016/j.jlp.2023.105156,3,Aged_90SOH_2C_50SOC,Table 3; Fig. 5(a–b); Fig. 7(c); Fig. 8; Section 3,1,1,0,0
449,107,https://doi.org/10.1016/j.jlp.2023.105156,4,Aged_90SOH_4C_50SOC,Table 3; Fig. 5(a–b); Fig. 7(d); Fig. 8; Section 3,1,1,0,0
450,108,https://doi.org/10.1016/j.jlp.2024.105407,1,Test_1_NoExtinguish,Section 3.1.1; Fig. 3–4,1,0,0,0
451,108,https://doi.org/10.1016/j.jlp.2024.105407,2,Test_2_WM_Continuous,Section 3.1.2; Fig. 5–6; Table 2,1,1,0,0
452,108,https://doi.org/10.1016/j.jlp.2024.105407,3,Test_3_C6F12O_WM_IS_DC0.5_Pt2s,Section 3.2; Fig. 8–9; Table 2; Fig. 11; Table 3,1,1,0,0
453,108,https://doi.org/10.1016/j.jlp.2024.105407,4,Test_4_C6F12O_WM_IS_DC0.5_Pt5s,Section 3.2; Fig. 8–9; Table 2; Fig. 11; Table 3,1,1,0,0
454,108,https://doi.org/10.1016/j.jlp.2024.105407,5,Test_5_C6F12O_WM_IS_DC0.5_Pt10s,Section 3.2; Fig. 8–9; Table 2; Fig. 11; Table 3,1,1,0,0
455,108,https://doi.org/10.1016/j.jlp.2024.105407,6,Test_6_C6F12O_WM_IS_DC0.5_Pt20s,Section 3.2; Fig. 8–9; Table 2; Fig. 11; Table 3,1,1,0,0
456,108,https://doi.org/10.1016/j.jlp.2024.105407,7,Test_7_C6F12O_WM_IS_DC0.75_Pt20s,Section 3.3; Fig. 12–13; Table 4; Fig. 14; Table 5,1,1,0,0
457,108,https://doi.org/10.1016/j.jlp.2024.105407,8,Test_8_C6F12O_WM_IS_DC0.25_Pt20s,Section 3.3; Fig. 12–13; Table 4; Fig. 14; Table 5,1,1,0,0
458,108,https://doi.org/10.1016/j.jlp.2024.105407,9,Test_9_C6F12O_WM_IS_DC0.1_Pt20s,Section 3.3; Fig. 12–15; Table 4; Fig. 14–15,1,1,0,0
459,109,https://doi.org/10.1016/j.jlp.2024.105433,1,Weng_2019_FRPCM_Aerogel_18650,Table 4; Section 4.2; cited as Weng et al. (2019a),1,1,0,0
460,109,https://doi.org/10.1016/j.jlp.2024.105433,2,Yu_2023_Aerogel_Cu_Composite_18650,Table 4; Section 4.2; cited as Yu et al. (2023),1,1,0,0
461,109,https://doi.org/10.1016/j.jlp.2024.105433,3,Zhou_2022_PCM_Aerogel_LFP_Module,Table 4; Section 4.2; cited as Zhou et al. (2022),1,1,0,0
462,109,https://doi.org/10.1016/j.jlp.2024.105433,4,Li_2023_NanoCeramicFibre_PCM_Mica_NCM523,Table 4; Section 4.2; cited as Li et al. (2023),1,1,0,0
463,109,https://doi.org/10.1016/j.jlp.2024.105433,5,Weng_2021_Oxygen_Dilution,Section 4.2 (oxygen dilution); cites Weng et al. (2021) with 44% reduction in TR propagation rate,1,0,0,0
464,110,https://doi.org/10.1016/j.jlp.2025.105691,1,8m3_LFP_Pouch_SOC100_Overheating,Section 3.1.1 (Pouch cells) and Conclusion,1,0,0,0
465,110,https://doi.org/10.1016/j.jlp.2025.105691,2,8m3_NMC_Pouch_SOC100_Overheating,Section 3.1.1 (Pouch cells: temperature and flames) and Conclusion,1,0,0,0
466,110,https://doi.org/10.1016/j.jlp.2025.105691,3,8m3_NMC_21700_SOC100_Overheating,Sections 3.1.2 (Cylindrical cells) and Conclusion,0,0,0,0
467,110,https://doi.org/10.1016/j.jlp.2025.105691,4,8m3_LFP_Prismatic_SOC10_Overheating_Test48,Section 3.1.3 (Prismatic cells) and Fig. 11 (Test #48),1,0,0,0
468,110,https://doi.org/10.1016/j.jlp.2025.105691,5,8m3_LFP_Prismatic_SOC50_Overheating_Test50,Section 3.1.3 (Prismatic cells); statement on Test #50 achieving >600 °C,1,0,0,0
469,111,https://doi.org/10.1016/j.wasman.2018.11.029,1,LCO_Pouch_Pyrolysis_100SOC,"Fig. 2 (setup), Fig. 4 and Section 4 (Results and analysis: statement of temperatures higher than 700 °C and TR during pyrolysis).",1,0,0,0
470,112,https://doi.org/10.1016/j.psep.2020.06.009,1,2S_30%SoC,"Table 2 (T0, Tmax, dT/dtmax, pmax, dp/dtmax), Table 3 (Tcr), Figs. 3 and 5, Section 3.1",1,1,0,0
471,112,https://doi.org/10.1016/j.psep.2020.06.009,2,2S_50%SoC,"Table 2 (T0, Tmax, dT/dtmax, pmax, dp/dtmax), Table 3 (Tcr), Figs. 3 and 5, Section 3.1",1,1,0,0
472,112,https://doi.org/10.1016/j.psep.2020.06.009,3,2S_80%SoC,"Table 2 (T0, Tmax, dT/dtmax, pmax, dp/dtmax), Table 3 (Tcr), Figs. 3 and 5, Section 3.1",1,1,0,0
473,112,https://doi.org/10.1016/j.psep.2020.06.009,4,2P_0%SoC,"Table 2 (T0, Tmax, dT/dtmax, pmax, dp/dtmax), Fig. 4, Section 3.1",1,1,0,0
474,112,https://doi.org/10.1016/j.psep.2020.06.009,5,2P_30%SoC,"Table 2 (T0, Tmax, dT/dtmax, pmax, dp/dtmax), Table 3 (Tcr), Fig. 4 and Fig. 6, Section 3.1",1,1,0,0
475,112,https://doi.org/10.1016/j.psep.2020.06.009,6,2P_50%SoC,"Table 2 (T0, Tmax, dT/dtmax, pmax, dp/dtmax), Table 3 (Tcr), Fig. 4 and Fig. 6, Section 3.1",1,1,0,0
476,112,https://doi.org/10.1016/j.psep.2020.06.009,7,2P_80%SoC,"Table 2 (T0, Tmax, dT/dtmax, pmax, dp/dtmax), Table 3 (Tcr), Fig. 4 and Fig. 6, Section 3.1",1,1,0,0
477,113,https://doi.org/10.1016/j.psep.2020.07.028,1,LFP_26650_single_220cc,Fig. 4 (LFP cell temp/pressure trace); Table 2 (onset and peak temperatures); Section 3.2,1,1,0,0
478,113,https://doi.org/10.1016/j.psep.2020.07.028,2,LTO_18650_single_220cc,Table 2 (onset and peak temperatures); Figs. 5–6; Section 3.2,1,1,0,0
479,113,https://doi.org/10.1016/j.psep.2020.07.028,3,NMC1_18650_single_220cc,Table 2 (onset and peak temperatures); Fig. 6; Section 3.2 narrative (flame observation),1,1,0,0
480,113,https://doi.org/10.1016/j.psep.2020.07.028,4,NMC2_18650_single_220cc,Table 2 (onset and peak temperatures); Figs. 5–6; Section 3.2 narrative (flame observation),1,1,0,0
481,113,https://doi.org/10.1016/j.psep.2020.07.028,5,LFP_26650_single_735cc,Table 4 (multi-cell canister tests),0,1,0,0
482,113,https://doi.org/10.1016/j.psep.2020.07.028,6,LFP_26650_two_cells_735cc,Table 4 (multi-cell canister tests),0,1,0,0
483,113,https://doi.org/10.1016/j.psep.2020.07.028,7,LFP_26650_three_cells_735cc,Table 4 (multi-cell canister tests),0,1,0,0
484,114,https://doi.org/10.1016/j.psep.2021.09.031,1,4cell_330C_100kPa,Figure 4a and 4d; Section 3.2,1,0,1,0
485,114,https://doi.org/10.1016/j.psep.2021.09.031,2,4cell_330C_60kPa,Figure 4b and 4d; Section 3.2,1,0,1,0
486,114,https://doi.org/10.1016/j.psep.2021.09.031,3,4cell_330C_20kPa,Figure 4c and 4d; Section 3.2; SEM/EDS discussion in Section 3.3,1,0,1,0
487,115,https://doi.org/10.1016/j.psep.2022.04.028,1,Cell_1,Table 2; Fig. 4a–b; Fig. 3b; Section 3,1,1,0,0
488,115,https://doi.org/10.1016/j.psep.2022.04.028,2,Cell_2,Table 2; Fig. 4a–b; Section 3,1,1,0,0
489,116,https://doi.org/10.1016/j.psep.2022.04.049,1,Baseline_NoFirewall_SOC100,Fig. 4a; Fig. 5a; Fig. 5c; Section 3.2,1,0,0,0
490,116,https://doi.org/10.1016/j.psep.2022.04.049,2,Baseline_NoFirewall_SOC25,Fig. 4b; Fig. 5b; Fig. 5c; Section 3.2,1,0,0,0
491,116,https://doi.org/10.1016/j.psep.2022.04.049,3,Firewall_HGM_1p5mm_SOC100,Fig. 7b; Fig. 8b; Table 2; Section 3.3,1,1,0,0
492,116,https://doi.org/10.1016/j.psep.2022.04.049,4,Firewall_HGM_2mm_SOC100,Fig. 7c; Fig. 8b; Table 2; Section 3.3,1,1,0,0
493,116,https://doi.org/10.1016/j.psep.2022.04.049,5,Firewall_HGM_3mm_SOC100,Fig. 7d; Fig. 8b; Table 2; Section 3.3,1,1,0,0
494,117,https://doi.org/10.1016/j.psep.2022.06.048,1,Module_1_NoConnection_NoPrevention,"Fig. 3(a)-(d) (max temperatures and propagation features), Section 3.1.2",1,0,0,0
495,117,https://doi.org/10.1016/j.psep.2022.06.048,2,Module_2_Parallel_NoPrevention,"Fig. 2 (jet/combustion phenomena), Fig. 3(b),(d) (thermal/voltage response and max temperatures), Fig. 4 (electricity transfer), Fig. 8(b) (average heat flux), Section 3.1.1–3.1.2",1,0,0,0
496,117,https://doi.org/10.1016/j.psep.2022.06.048,3,Module_3_NoConnection_Aerogel,"Fig. 5(a),(c) (thermal/voltage responses and max temperatures with aerogel), Table 3 (Battery 1 peak temperature), Fig. 8(c) (average heat flux ≈35 W), Section 3.2",1,1,0,0
497,117,https://doi.org/10.1016/j.psep.2022.06.048,4,Module_4_Parallel_Aerogel,"Fig. 5(b),(c) (thermal/voltage responses and max temperatures with aerogel), Table 3 (Battery 1 peak temperature), Fig. 8(c) (average heat flux ≈35 W), Section 3.2",1,1,0,0
498,118,https://doi.org/10.1016/j.psep.2022.09.016,1,Test_1_NoAgent,Fig. 2 and Fig. 3; Section 3.1 and 3.2; Table 3 (Δt = 159 s; Qdissi = 2.6 kJ),1,1,0,0
499,118,https://doi.org/10.1016/j.psep.2022.09.016,2,Test_2_HFC-227ea,Fig. 4(a); Section 3.2; Table 1 (agent parameters); Table 3 (Δt = 190 s; Qdissi = 24.8 kJ),1,1,0,0
500,118,https://doi.org/10.1016/j.psep.2022.09.016,3,Test_3_C6F12O,Fig. 4(b); Section 3.2; Table 1 (agent parameters); Table 3 (Δt = 256 s; Qdissi = 111 kJ),1,1,0,0
501,118,https://doi.org/10.1016/j.psep.2022.09.016,4,Test_4_WaterSpray,Fig. 4(c); Section 3.2; Table 1 (agent parameters); Table 3 (Qdissi = 459.8 kJ; no Δt since propagation suppressed),1,1,0,0
502,119,https://doi.org/10.1016/j.psep.2022.12.082,1,3Cell_SOC40_Cell1,Fig. 4a; Table 3; Sections 2.2 and 3.1.1–3.1.2,0,1,0,0
503,119,https://doi.org/10.1016/j.psep.2022.12.082,2,3Cell_SOC80_Cell1,"Fig. 4b; Table 3; Fig. 5; Fig. 7b; Sections 2.2, 3.1.2–3.1.3",0,1,0,0
504,119,https://doi.org/10.1016/j.psep.2022.12.082,3,3Cell_SOC100_Cell1,Fig. 4c; Sections 3.1.1–3.1.2,0,0,0,0
505,119,https://doi.org/10.1016/j.psep.2022.12.082,4,3Cell_SOC100_Cell2,Fig. 4c; Fig. 7b; Section 3.1.2,1,0,0,0
506,119,https://doi.org/10.1016/j.psep.2022.12.082,5,3Cell_SOC100_Cell3,Fig. 4c; Section 3.1.2,1,0,0,0
507,119,https://doi.org/10.1016/j.psep.2022.12.082,6,5CellModule_SOC100_Cell1,Table 4; Fig. 8; Sections 2.3 and 3.2.1,0,1,0,0
508,119,https://doi.org/10.1016/j.psep.2022.12.082,7,5CellModule_SOC100_Cell2,Table 4; Fig. 8; Section 3.2.1,1,1,0,0
509,119,https://doi.org/10.1016/j.psep.2022.12.082,8,5CellModule_SOC100_Cell3,Table 4; Fig. 8; Section 3.2.1,1,1,0,0
510,119,https://doi.org/10.1016/j.psep.2022.12.082,9,5CellModule_SOC100_Cell4,Table 4; Fig. 8; Section 3.2.1,1,1,0,0
511,119,https://doi.org/10.1016/j.psep.2022.12.082,10,5CellModule_SOC100_Cell5,Table 4; Fig. 8; Stage V description in Section 3.2.1,1,1,0,0
512,120,https://doi.org/10.1016/j.psep.2023.05.068,1,TR_Group3_HeatingPlate,Section 3.2.3 (Thermal runaway); Fig. 5–7,1,0,0,0
513,121,https://doi.org/10.1016/j.psep.2023.12.017,1,Case_1_Blank_Control,Section 3.2; Figs. 8–10; Table 2,1,1,0,0
514,121,https://doi.org/10.1016/j.psep.2023.12.017,2,Case_2_Perfluorohexanone_then_WaterMist,Section 3.2; Figs. 11–12; Fig. 8; Table 1 (device parameters); Table 2,1,1,0,0
515,121,https://doi.org/10.1016/j.psep.2023.12.017,3,Case_3_WaterMist_Only,Section 3.2; Fig. 13; Fig. 8; Table 1; Table 2,1,1,0,0
516,122,https://doi.org/10.1016/j.psep.2024.01.088,1,Charging_40kW_0p5C,"Fig. 4b, Fig. 8d (maximum temperature at 40 kW/m^2), Table 4; Section 3.2.1–3.2.3",1,1,0,0
517,122,https://doi.org/10.1016/j.psep.2024.01.088,2,Charging_40kW_1C,"Fig. 8d (maximum temperature at 40 kW/m^2), Table 4; Section 3.2.1–3.2.3",1,1,0,0
518,122,https://doi.org/10.1016/j.psep.2024.01.088,3,Charging_40kW_2C,"Fig. 8d (maximum temperature at 40 kW/m^2), Table 4; Section 3.2.1–3.2.3",1,1,0,0
519,122,https://doi.org/10.1016/j.psep.2024.01.088,4,Charging_40kW_3C,"Fig. 4b, Fig. 8d (maximum temperature at 40 kW/m^2), Table 4; Section 3.2.1–3.2.3",1,1,0,0
520,122,https://doi.org/10.1016/j.psep.2024.01.088,5,Charging_20kW_0p5C,"Fig. 8a (critical temperatures under 20 kW/m^2), Table 4; Section 3.2.1–3.2.3",1,1,0,0
521,122,https://doi.org/10.1016/j.psep.2024.01.088,6,Charging_20kW_1C,"Fig. 8a (critical temperatures under 20 kW/m^2), Table 4; Section 3.2.1–3.2.3",1,1,0,0
522,122,https://doi.org/10.1016/j.psep.2024.01.088,7,Charging_20kW_2C,"Fig. 8a (critical temperatures under 20 kW/m^2), Table 4; Section 3.2.1–3.2.3",1,1,0,0
523,122,https://doi.org/10.1016/j.psep.2024.01.088,8,Charging_20kW_3C,"Fig. 8a (critical temperatures under 20 kW/m^2), Table 4; Section 3.2.1–3.2.3",1,1,0,0
524,122,https://doi.org/10.1016/j.psep.2024.01.088,9,Still_40kW_SOC29p2,"Fig. 8d (comparison without charging at 40 kW/m^2), Table 4; Section 3.2.1–3.2.3",1,1,0,0
525,122,https://doi.org/10.1016/j.psep.2024.01.088,10,Still_40kW_SOC32p2,"Fig. 8d (comparison without charging at 40 kW/m^2), Table 4; Section 3.2.1–3.2.3",1,1,0,0
526,122,https://doi.org/10.1016/j.psep.2024.01.088,11,Still_40kW_SOC38p9,"Fig. 8d (comparison without charging at 40 kW/m^2), Table 4; Section 3.2.1–3.2.3",1,1,0,0
527,122,https://doi.org/10.1016/j.psep.2024.01.088,12,Still_40kW_SOC44p4,"Fig. 8d (comparison without charging at 40 kW/m^2), Table 4; Section 3.2.1–3.2.3",1,1,0,0
528,123,https://doi.org/10.1016/j.psep.2024.03.011,1,SOC_100,Table 3 (TR moment and temperature for #1); Fig. 5(a) (max surface temperatures and propagation); Section 3.1.1–3.1.2,1,1,0,0
529,123,https://doi.org/10.1016/j.psep.2024.03.011,2,SOC_75,Table 3 (TR moment and temperature for #1); Fig. 5(b) (max surface temperatures and propagation); Section 3.1.1–3.1.2,1,1,0,0
530,123,https://doi.org/10.1016/j.psep.2024.03.011,3,SOC_50,Table 3 (TR moment and temperature for #1); Fig. 5(c) (max surface temperatures and propagation); Section 3.1.1 (initial vs main eruption),1,1,0,0
531,123,https://doi.org/10.1016/j.psep.2024.03.011,4,SOC_25,Table 3 (TR moment and temperature for #1); Fig. 5(d) (max surface temperature and lack of propagation); Section 3.1.2,1,1,0,0
532,124,https://doi.org/10.1016/j.psep.2024.04.004,1,3-0_NoInsulation,Table 1; Section 2.3.1; Section 3.1; Fig. 3; Fig. 4,1,1,0,0
533,124,https://doi.org/10.1016/j.psep.2024.04.004,2,3-a_AG-ST-POF,Table 1; Section 2.3.1; Section 3.1 (delay ranking and stage analysis); Fig. 3; Fig. 4,1,1,0,0
534,124,https://doi.org/10.1016/j.psep.2024.04.004,3,3-b_PC-AG-ST-POF,Table 1; Section 2.3.1; Section 3.1 (qualitative ranking: PC-AG-ST-POF least effective); Fig. 3; Fig. 4,1,1,0,0
535,124,https://doi.org/10.1016/j.psep.2024.04.004,4,3-c_Silicone,Table 1; Section 2.3.1; Section 3.1 (delay ranking and stage analysis); Fig. 3; Fig. 4,1,1,0,0
536,125,https://doi.org/10.1016/j.psep.2024.06.049,1,Fresh_0cyc_SOC0,Fig. 10a; Fig. 12a–c; Section 3.3,1,0,0,0
537,125,https://doi.org/10.1016/j.psep.2024.06.049,2,Aged_25cyc_SOC0,Fig. 10c; Fig. 12a–c; Section 3.3,1,0,0,0
538,125,https://doi.org/10.1016/j.psep.2024.06.049,3,Aged_150cyc_SOC0,Fig. 10e; Fig. 12a–c; Section 3.3,1,0,0,0
539,126,https://doi.org/10.1016/j.psep.2024.09.019,1,NC,Section 5.1; Fig. 11; Table 6,1,1,0,0
540,126,https://doi.org/10.1016/j.psep.2024.09.019,2,PCM,Section 5.2; Fig. 12; Table 4; Table 6,1,1,0,0
541,126,https://doi.org/10.1016/j.psep.2024.09.019,3,TO,Section 5.3; Fig. 13; Table 5; Table 6,1,1,0,0
542,127,https://doi.org/10.1016/j.psep.2024.10.111,1,Overheating_TR_314Ah,Fig. 3; Table 1; Sections 2.2–2.3 and 3.1,0,1,0,0
543,128,https://doi.org/10.1016/j.psep.2024.11.118,1,SIB_300W,"Fig. 3(a-b), Fig. 4(c-f), Fig. 5(a), Table 3",0,1,0,0
544,128,https://doi.org/10.1016/j.psep.2024.11.118,2,SIB_400W,"Fig. 3(c-d), Fig. 4(c-f), Fig. 5(a), Table 3",0,1,0,0
545,128,https://doi.org/10.1016/j.psep.2024.11.118,3,SIB_500W,"Fig. 2(a), Fig. 3(e-f), Fig. 4(c-f), Table 3",0,1,0,0
546,128,https://doi.org/10.1016/j.psep.2024.11.118,4,NCM523_300W,Table 2; Fig. 6,0,1,0,0
547,128,https://doi.org/10.1016/j.psep.2024.11.118,5,NCM523_400W,Table 2; Fig. 6,0,1,0,0
548,128,https://doi.org/10.1016/j.psep.2024.11.118,6,NCM523_500W,Table 2; Table 3; Fig. 7,0,1,0,0
549,128,https://doi.org/10.1016/j.psep.2024.11.118,7,LFP_300W,Section 3.2.1; Fig. 6,1,0,0,0
550,128,https://doi.org/10.1016/j.psep.2024.11.118,8,LFP_400W,Section 3.2.1; Fig. 6,1,0,0,0
551,128,https://doi.org/10.1016/j.psep.2024.11.118,9,LFP_500W,Table 2; Table 3; Fig. 6; Fig. 7,0,1,0,0
552,129,https://doi.org/10.1016/j.psep.2025.01.019,1,Baseline_NoMist,"Section 3.1 (TR criterion); Section 4.1 (gas generation stages); Conclusions (point 1: CO fraction peak 3.7%, H2 peak 23 ppm); Fig. 11 (with/without mist comparison)",1,0,0,0
553,129,https://doi.org/10.1016/j.psep.2025.01.019,2,Mist_Optimal_79deg_11ms_50um,"Sections 4.2–4.4 (angle/velocity/particle size effects); Tables 4–5 (sensitivity, optimal settings); Fig. 11 (with mist); text noting reduced H2 and CO and shifted timing of gas rise/decay",0,0,0,0
554,129,https://doi.org/10.1016/j.psep.2025.01.019,3,Mist_Velocity_Comparison_3vs11ms,Section 4.3; Fig. 6 (H2 vs velocity); Fig. 7 (CO vs velocity),1,0,0,0
555,129,https://doi.org/10.1016/j.psep.2025.01.019,4,Mist_DropletSize_100um_vs_500um,Section 4.4; Fig. 8 (H2 vs droplet size); Fig. 9 (CO vs droplet size),1,0,0,0
556,130,https://doi.org/10.1016/j.psep.2025.106983,1,Validation_500W_HeatingPlate,Section 2.3 Model validation; Fig. 3(a)-(c),1,0,0,0
557,131,https://doi.org/10.1016/j.psep.2025.107175,1,RAB5,Table 2 (RAB5); Section 3.1 Thermal abuse,1,1,0,0
558,131,https://doi.org/10.1016/j.psep.2025.107175,2,RAB6,Table 2 (RAB6); Section 3.1 Thermal abuse,1,1,0,0
559,131,https://doi.org/10.1016/j.psep.2025.107175,3,RAB7,Table 2 (RAB7); Section 3.1 Thermal abuse,1,1,0,0
560,131,https://doi.org/10.1016/j.psep.2025.107175,4,RAB8,Table 2 (RAB8); Fig. 1; Section 3.1 Thermal abuse,1,1,0,0
561,131,https://doi.org/10.1016/j.psep.2025.107175,5,LIB1,Table 2 (LIB1); Section 3.1 Thermal abuse,1,1,0,0
562,131,https://doi.org/10.1016/j.psep.2025.107175,6,LIB2,Table 2 (LIB2); Section 3.1 Thermal abuse,1,1,0,0
563,131,https://doi.org/10.1016/j.psep.2025.107175,7,LIB3,Table 2 (LIB3); Section 3.1 Thermal abuse,1,1,0,0
564,131,https://doi.org/10.1016/j.psep.2025.107175,8,LIB4,Table 2 (LIB4); Section 3.1 Thermal abuse,1,1,0,0
565,132,https://doi.org/10.1016/j.psep.2025.107566,1,Heating_SOC30_120cyc,Section 2.5; Table 9; Fig. 3,1,1,0,0
566,132,https://doi.org/10.1016/j.psep.2025.107566,2,Heating_SOC60_120cyc,Section 2.5; Table 9; Fig. 3,1,1,0,0
567,132,https://doi.org/10.1016/j.psep.2025.107566,3,Heating_SOC100_120cyc,Section 2.5; Table 9; Fig. 3,1,1,0,0
568,133,https://doi.org/10.1016/j.psep.2025.107626,1,SOC_100,"Experimental setup: Fig. 1 and Section 2.2; TR criteria: Section 2.2; Temperatures: Fig. 2(d,f) and Table 5 (T_s,SV, T_s,TR, T_TR,max); Mechanism narrative: Section 3.2 and Fig. 6.",1,1,0,0
569,133,https://doi.org/10.1016/j.psep.2025.107626,2,SOC_50,"Experimental setup: Fig. 1 and Section 2.2; TR criteria: Section 2.2; Temperatures: Fig. 2(e,f) and Table 5 (T_s,SV, T_s,TR, T_TR,max); Mechanism detail (ICS at 206.9 °C example): Fig. 6.",1,1,0,0
570,134,https://doi.org/10.1016/j.psep.2025.107664,1,Pure_LFP,"Fig. 3a, Fig. 5a, Table 2, Table 3, Table 4",0,1,0,0
571,134,https://doi.org/10.1016/j.psep.2025.107664,2,Pure_NCM,"Fig. 3b, Fig. 5b, Table 2, Table 3, Table 4",0,1,0,0
572,134,https://doi.org/10.1016/j.psep.2025.107664,3,Pure_SIB,"Fig. 3c, Fig. 5c, Table 2, Table 3, Table 4",0,1,0,0
573,134,https://doi.org/10.1016/j.psep.2025.107664,4,AB1,"Fig. 4a, Fig. 5d, Table 2, Table 3, Table 4",0,1,0,0
574,134,https://doi.org/10.1016/j.psep.2025.107664,5,AB2,"Fig. 4b, Fig. 5e, Table 2, Table 3, Table 4; mass loss comparison in Fig. 6b",0,1,0,0
575,134,https://doi.org/10.1016/j.psep.2025.107664,6,AB3,"Fig. 4c, Fig. 5f, Table 2, Table 3, Table 4",0,1,0,0
576,134,https://doi.org/10.1016/j.psep.2025.107664,7,AB4,"Fig. 4d, Fig. 5g, Table 2, Table 3, Table 4",0,1,0,0
577,134,https://doi.org/10.1016/j.psep.2025.107664,8,AB5,"Fig. 4e, Fig. 5h, Table 2, Table 3, Table 4",0,1,0,0
578,135,https://doi.org/10.1016/j.psep.2025.107879,1,NCM_0pct_SOC_SideHeating_150W,Table 2 (NCM timetable and temperatures); Fig. 5; Section 3.2.1,1,1,0,0
579,135,https://doi.org/10.1016/j.psep.2025.107879,2,NCM_50pct_SOC_SideHeating_150W,Table 2 (NCM); Fig. 5; Section 3.2.1,1,1,0,0
580,135,https://doi.org/10.1016/j.psep.2025.107879,3,NCM_100pct_SOC_SideHeating_150W,Table 2 (NCM); Fig. 5; Section 3.2.1,1,1,0,0
581,135,https://doi.org/10.1016/j.psep.2025.107879,4,LFP_50pct_SOC_SideHeating_150W,Table 3 (LFP); Fig. 6; Section 3.2.1,1,1,0,0
582,135,https://doi.org/10.1016/j.psep.2025.107879,5,LFP_100pct_SOC_SideHeating_150W,Table 3 (LFP); Fig. 6; Section 3.2.1,1,1,0,0
583,135,https://doi.org/10.1016/j.psep.2025.107879,6,LCO_0pct_SOC_SideHeating_150W,Table 4 (LCO); Fig. 7; Section 3.2.1,1,1,0,0
584,135,https://doi.org/10.1016/j.psep.2025.107879,7,LCO_50pct_SOC_SideHeating_150W,Table 4 (LCO); Fig. 7; Section 3.2.1,1,1,0,0
585,135,https://doi.org/10.1016/j.psep.2025.107879,8,LCO_100pct_SOC_SideHeating_150W,Table 4 (LCO); Fig. 7; Section 3.2.1 (note: T_hmax ≈ 831.2 °C; T_max(back) ≈ 828.3 °C at 100% SOC),1,1,0,0
586,136,https://doi.org/10.1016/j.psep.2025.108131,1,Case_1_LIB_TR,Fig. 4(a) and Section 3.1.1; Table 2,1,1,0,0
587,136,https://doi.org/10.1016/j.psep.2025.108131,2,Case_2_LIB_TR_1SIB_at_Pos2,Fig. 4(b) and Section 3.1.1; Table 2,1,1,0,0
588,136,https://doi.org/10.1016/j.psep.2025.108131,3,Case_3_LIB_TR_1SIB_at_Pos3,Fig. 4(c) and Section 3.1.1; Table 2,1,1,0,0
589,136,https://doi.org/10.1016/j.psep.2025.108131,4,Case_4_LIB_TR_1SIB_at_Pos4,Fig. 4(d) and Section 3.1.1; Table 2,1,1,0,0
590,136,https://doi.org/10.1016/j.psep.2025.108131,5,Case_5_LIB_TR_2SIB_at_Pos2_Pos3,Fig. 4(e) and Section 3.1.1; Table 2,1,1,0,0
591,136,https://doi.org/10.1016/j.psep.2025.108131,6,Case_6_LIB_TR_2SIB_hybrid_route,Fig. 4(f) and Section 3.1.1; Table 2,1,1,0,0
592,136,https://doi.org/10.1016/j.psep.2025.108131,7,Case_7_LIB_TR_2SIB_variant,Fig. 4(g) and Section 3.1.1; Table 2,1,1,0,0
593,136,https://doi.org/10.1016/j.psep.2025.108131,8,Case_8_LIB_TR_3SIB_Pos2_Pos3_Pos4,Fig. 4(h) and Section 3.1.1; Table 2,1,1,0,0
594,136,https://doi.org/10.1016/j.psep.2025.108131,9,Case_9_SIB_TR_all_SIB,Fig. 7(a) and Section 3.2.1; Table 2,1,1,0,0
595,136,https://doi.org/10.1016/j.psep.2025.108131,10,Case_10_SIB_TR_1LIB_introduced,Fig. 7(b) and Section 3.2.1; Table 2,1,1,0,0
596,136,https://doi.org/10.1016/j.psep.2025.108131,11,Case_11_SIB_TR_1LIB_variant,Fig. 7(c) and Section 3.2.1; Table 2,1,1,0,0
597,136,https://doi.org/10.1016/j.psep.2025.108131,12,Case_12_SIB_TR_1LIB_lower_Tmax,Fig. 7(d) and Section 3.2.1; Table 2,1,1,0,0
598,136,https://doi.org/10.1016/j.psep.2025.108131,13,Case_13_SIB_TR_2LIB_high_Tmax,Fig. 7(e) and Section 3.2.1; Table 2,1,1,0,0
599,136,https://doi.org/10.1016/j.psep.2025.108131,14,Case_14_SIB_TR_2LIB_variant_lower_Tmax,Fig. 7(f) and Section 3.2.1; Table 2,1,1,0,0
600,136,https://doi.org/10.1016/j.psep.2025.108131,15,Case_15_SIB_TR_2LIB_high_Tavg,Fig. 7(g) and Section 3.2.1; Table 2,1,1,0,0
601,136,https://doi.org/10.1016/j.psep.2025.108131,16,Case_16_SIB_TR_3LIB_highest_LIB_fraction,Fig. 7(h) and Section 3.2.1; Table 2,1,1,0,0
602,136,https://doi.org/10.1016/j.psep.2025.108131,17,Case_17_LIB_TR_SOC75_Pos2_Pos3_SIB,Figs. 10 and 11(a); Section 3.4,1,0,0,0
603,136,https://doi.org/10.1016/j.psep.2025.108131,18,Case_18_LIB_TR_SOC50_Pos2_Pos3_SIB,Figs. 10 and 11(b); Section 3.4,1,0,0,0
604,136,https://doi.org/10.1016/j.psep.2025.108131,19,Case_20_LIB_TR_SOC50_Pos4_LIB,Figs. 10 and 11(d); Section 3.4,1,0,0,0
605,136,https://doi.org/10.1016/j.psep.2025.108131,20,Case_22_SIB_TR_SOC50_Pos2_Pos3_SIB,Figs. 10 and 11(f); Section 3.4,1,0,0,0
606,136,https://doi.org/10.1016/j.psep.2025.108131,21,Case_24_SIB_TR_SOC50_Pos4_LIB,Figs. 10 and 11(h); Section 3.4,1,0,0,0
607,137,https://doi.org/10.1016/j.psep.2025.108196,1,SOC_30,"Section 2.2 (setup); Table 2; Fig. 5a,d (T–V evolution); Fig. 6 (T_sv, T_tr, T_max and times); Fig. 7 (dT/dt)",1,1,0,0
608,137,https://doi.org/10.1016/j.psep.2025.108196,2,SOC_50,"Section 2.2 (setup); Table 2; Fig. 5b,d (T–V evolution); Fig. 6 (T_sv, T_tr, T_max and times); Fig. 7 (dT/dt)",1,1,0,0
609,137,https://doi.org/10.1016/j.psep.2025.108196,3,SOC_100,"Section 2.2 (setup); Table 2; Fig. 5c,d (T–V evolution); Fig. 6 (T_sv, T_tr, T_max and times); Fig. 7 (dT/dt)",1,1,0,0
610,138,https://doi.org/10.1016/j.psep.2025.108329,1,EV-ARC_100_SOC,Section 3.3; Fig. 6 for characteristic temperatures and rates; mechanistic interpretation from Section 3.4 and Fig. 7–8.,1,0,0,0
611,138,https://doi.org/10.1016/j.psep.2025.108329,2,EV-ARC_75_SOC,Section 3.3; Fig. 6 for temperatures/rates; mechanistic context from Section 3.4 and Fig. 7–8.,1,0,0,0
612,138,https://doi.org/10.1016/j.psep.2025.108329,3,EV-ARC_50_SOC,Section 3.3; Fig. 6 for characteristic temperatures and rates; mechanistic interpretation from Section 3.4 and Fig. 7–8.,1,0,0,0
613,138,https://doi.org/10.1016/j.psep.2025.108329,4,EV-ARC_25_SOC,Section 3.3; Fig. 6 for temperature and rate; mechanistic explanation from Section 3.4.,1,0,0,0
614,139,https://doi.org/10.1016/j.jclepro.2021.129718,1,PS_Center,"Section 3.5; Fig. 6a,d",1,0,0,0
615,139,https://doi.org/10.1016/j.jclepro.2021.129718,2,PSE_Center,"Section 3.5; Fig. 6b,e",1,0,0,0
616,139,https://doi.org/10.1016/j.jclepro.2021.129718,3,PEF15_Center,"Section 3.5; Fig. 6c,f",1,0,0,0
617,139,https://doi.org/10.1016/j.jclepro.2021.129718,4,PS_Edge,"Section 3.5; Fig. 7a,d",1,0,0,0
618,139,https://doi.org/10.1016/j.jclepro.2021.129718,5,PSE_Edge,"Section 3.5; Fig. 7b,e",1,0,0,0
619,139,https://doi.org/10.1016/j.jclepro.2021.129718,6,PEF15_Edge,"Section 3.5; Fig. 7c,f",1,0,0,0
620,140,https://doi.org/10.1016/j.renene.2022.12.092,1,Aged_25C,Section 3.3; Fig. 6; Table 2; definitions in 2.3 ARC tests,1,1,0,0
621,140,https://doi.org/10.1016/j.renene.2022.12.092,2,Aged_40C,Section 3.3; Fig. 6; Table 2; definitions in 2.3 ARC tests,1,1,0,0
622,140,https://doi.org/10.1016/j.renene.2022.12.092,3,Aged_60C,Section 3.3; Fig. 6; Table 2; 3.1 and 3.2 inform SEI state,1,1,0,0
623,140,https://doi.org/10.1016/j.renene.2022.12.092,4,Aged_80C,Section 3.3; Fig. 6; Fig. 7; Table 2; definitions in 2.3 ARC tests,1,1,0,0
624,141,https://doi.org/10.1016/j.renene.2023.03.004,1,Lower_Module_NoConnection,"Section 2.2; Fig. 1(a–e); Fig. 2(a,c,d); Fig. 3(a); Section 3.1.1",1,0,0,0
625,141,https://doi.org/10.1016/j.renene.2023.03.004,2,Lower_Module_Parallel,"Fig. 2(b,d); Fig. 3(b); Table 3 (Lower module note); Section 3.1.1",1,1,0,0
626,141,https://doi.org/10.1016/j.renene.2023.03.004,3,Upper_Module_NoConnection,"Fig. 5–7; Fig. 8(a,c,d); Table 3; Section 3.2",1,1,0,0
627,141,https://doi.org/10.1016/j.renene.2023.03.004,4,Upper_Module_Parallel,Fig. 5–7; Fig. 8(b); Fig. 9; Table 3; Section 3.2,1,1,0,0
628,142,https://doi.org/10.1016/j.renene.2023.119674,1,FH-C_500W_Continuous,"Fig. 6a,c; Fig. 9d; Table 3; Section 4.1.1–4.1.2",1,1,0,0
629,142,https://doi.org/10.1016/j.renene.2023.119674,2,BH-C_500W_Continuous,"Fig. 6b,c; Table 3; Section 4.1.1",1,1,0,0
630,142,https://doi.org/10.1016/j.renene.2023.119674,3,FH-F_500W_FixedEnergy,"Fig. 8a,c; Fig. 9d; Table 3; Section 4.1.2",1,1,0,0
631,142,https://doi.org/10.1016/j.renene.2023.119674,4,BH-F_500W_FixedEnergy,"Fig. 8b,c; Fig. 9a–d; Table 3; Section 4.1.2",1,1,0,0
632,142,https://doi.org/10.1016/j.renene.2023.119674,5,BH_200W_Target200C_thenOff,"Fig. 11a,c; Section 4.2",1,0,0,0
633,142,https://doi.org/10.1016/j.renene.2023.119674,6,BH_100W_Target200C_thenOff,"Fig. 11b,c; Section 4.2",1,0,0,0
634,143,https://doi.org/10.1016/j.ijthermalsci.2025.110047,1,Cell_Upper_SOC15,Fig. 4; Section 3.2; Conclusions (2),1,0,0,0
635,143,https://doi.org/10.1016/j.ijthermalsci.2025.110047,2,Cell_Upper_SOC50,Fig. 4; Section 3.2; Conclusions (2),1,0,0,0
636,143,https://doi.org/10.1016/j.ijthermalsci.2025.110047,3,Cell_Upper_SOC85,Fig. 4; Section 3.2; Conclusions (2),1,0,0,0
637,143,https://doi.org/10.1016/j.ijthermalsci.2025.110047,4,Cell_Middle_SOC15,Fig. 4; Section 3.2; Conclusions (2),1,0,0,0
638,143,https://doi.org/10.1016/j.ijthermalsci.2025.110047,5,Cell_Middle_SOC50,Fig. 4; Section 3.2; Conclusions (2),1,0,0,0
639,143,https://doi.org/10.1016/j.ijthermalsci.2025.110047,6,Cell_Middle_SOC85,Fig. 4; Section 3.2; Conclusions (2),1,0,0,0
640,143,https://doi.org/10.1016/j.ijthermalsci.2025.110047,7,Cell_Lower_SOC15,Fig. 4; Section 3.2; Conclusions (2),1,0,0,0
641,143,https://doi.org/10.1016/j.ijthermalsci.2025.110047,8,Cell_Lower_SOC50,Fig. 4; Section 3.2,1,0,0,0
642,143,https://doi.org/10.1016/j.ijthermalsci.2025.110047,9,Cell_Lower_SOC85,Fig. 4; Section 3.2; Conclusions (2),1,0,0,0
643,143,https://doi.org/10.1016/j.ijthermalsci.2025.110047,10,Module_NonImmersion_Spacing2mm,Fig. 5(a); Section 3.3,1,0,0,0
644,143,https://doi.org/10.1016/j.ijthermalsci.2025.110047,11,Module_Immersion50mm_Spacing2mm,Fig. 5(b); Section 3.3; Table 3,1,1,0,0
645,143,https://doi.org/10.1016/j.ijthermalsci.2025.110047,12,Module_NonImmersion_Spacing5mm,Table 5; Section 3.4; Fig. 7(a),1,1,0,0
646,143,https://doi.org/10.1016/j.ijthermalsci.2025.110047,13,Module_Immersion50mm_Spacing3mm,Table 5; Fig. 7(b); Section 3.4,1,1,0,0
647,144,https://doi.org/10.1016/j.applthermaleng.2017.06.056,1,HotBox_88mAh_NoVac,Section 3 (Results and discussion): hot-box test paragraph stating 'the temperature at which the cell exceeds the sensitivity of 6 °C/min ... was 210 °C'; Materials and methods hot-box test description,1,0,0,0
648,145,https://doi.org/10.1016/j.applthermaleng.2019.02.127,1,ARC_18650_100SOC,"Fig. 3(d–f), Section 2.2",1,0,0,0
649,145,https://doi.org/10.1016/j.applthermaleng.2019.02.127,2,Air_TopVenting,Fig. 9(a); Table 3 (case a),0,1,0,0
650,145,https://doi.org/10.1016/j.applthermaleng.2019.02.127,3,Air_SideRupture,Fig. 9(b); Table 3 (case b),0,1,0,0
651,145,https://doi.org/10.1016/j.applthermaleng.2019.02.127,4,AlPlate_TopVenting,Fig. 9(c); Table 3 (case c),0,1,0,0
652,145,https://doi.org/10.1016/j.applthermaleng.2019.02.127,5,AlPlate_SideRupture,Fig. 9(d); Table 3 (case d),0,1,0,0
653,145,https://doi.org/10.1016/j.applthermaleng.2019.02.127,6,GraphiteSheet_TopVenting,Fig. 9(e); Table 3 (case e),0,1,0,0
654,145,https://doi.org/10.1016/j.applthermaleng.2019.02.127,7,GraphiteSheet_SideRupture,Fig. 9(f); Table 3 (case f),0,1,0,0
655,145,https://doi.org/10.1016/j.applthermaleng.2019.02.127,8,AlExtrusion_TopVenting,Fig. 9(g); Table 3 (case g),0,1,0,0
656,145,https://doi.org/10.1016/j.applthermaleng.2019.02.127,9,AlExtrusion_SideRupture,Fig. 9(h); Fig. 11; Table 3 (case h),0,1,0,0
657,146,https://doi.org/10.1016/j.applthermaleng.2019.113847,1,Exp_523K_OneSide,Fig. 5; Sections 2.6 and 3,0,0,0,0
658,147,https://doi.org/10.1016/j.applthermaleng.2019.114144,1,ARC_SOC_25,Table 3; Section 3.2.1; Fig. 7,1,1,0,0
659,147,https://doi.org/10.1016/j.applthermaleng.2019.114144,2,ARC_SOC_50,Table 3; Section 3.2.1; Fig. 7,1,1,0,0
660,147,https://doi.org/10.1016/j.applthermaleng.2019.114144,3,ARC_SOC_75,Table 3; Section 3.2.1; Fig. 7,1,1,0,0
661,147,https://doi.org/10.1016/j.applthermaleng.2019.114144,4,ARC_SOC_100,Table 3; Section 3.2.1; Fig. 7,1,1,0,0
662,148,https://doi.org/10.1016/j.applthermaleng.2020.115429,1,A1_20%SOC_400W,"Table 2 (PIES, tIES, tSVO-IES); Fig. 2a; Fig. 3a (TIPR, TMP)",0,1,0,0
663,148,https://doi.org/10.1016/j.applthermaleng.2020.115429,2,A2_40%SOC_400W,Table 2; Fig. 2a; Fig. 3a,0,1,0,0
664,148,https://doi.org/10.1016/j.applthermaleng.2020.115429,3,A3_60%SOC_400W,Table 2; Fig. 2a; Fig. 3a,0,1,0,0
665,148,https://doi.org/10.1016/j.applthermaleng.2020.115429,4,A4_80%SOC_400W,Table 2; Fig. 2a; Fig. 3a,0,1,0,0
666,148,https://doi.org/10.1016/j.applthermaleng.2020.115429,5,A5_100%SOC_400W,Table 2; Fig. 2a; Fig. 3a,0,1,0,0
667,148,https://doi.org/10.1016/j.applthermaleng.2020.115429,6,B6_100%SOC_200W,Table 2; Fig. 2b; Fig. 3b,0,1,0,0
668,148,https://doi.org/10.1016/j.applthermaleng.2020.115429,7,B7_100%SOC_250W,Table 2; Fig. 2b; Fig. 3b,0,1,0,0
669,148,https://doi.org/10.1016/j.applthermaleng.2020.115429,8,B8_100%SOC_300W,Table 2; Fig. 2b; Fig. 3b,0,1,0,0
670,148,https://doi.org/10.1016/j.applthermaleng.2020.115429,9,B9_100%SOC_350W,Table 2; Fig. 2b; Fig. 3b,0,1,0,0
671,148,https://doi.org/10.1016/j.applthermaleng.2020.115429,10,B10_100%SOC_400W,Table 2; Fig. 2b; Fig. 3b,0,1,0,0
672,149,https://doi.org/10.1016/j.applthermaleng.2020.115679,1,MultiCell_SOC100,Fig. 13 and Table 1,0,1,0,0
673,149,https://doi.org/10.1016/j.applthermaleng.2020.115679,2,MultiCell_SOC30,Fig. 13 and Table 1,0,1,0,0
674,149,https://doi.org/10.1016/j.applthermaleng.2020.115679,3,SingleCell_SOC0_Prelim,Section 3.1 (Preliminary experiment),1,0,0,0
675,150,https://doi.org/10.1016/j.applthermaleng.2020.116346,1,Fixed_20W_16kJ,"Table 2 (T_vent, T_trigger, max temperature); Fig. 7 (max dT/dt); Fig. 4(b); Stage descriptions in Section 3.1",1,1,0,0
676,150,https://doi.org/10.1016/j.applthermaleng.2020.116346,2,Fixed_50W_16kJ,Table 2; Fig. 7; Fig. 4(c); Explosion description in Section 3.4,1,1,0,0
677,150,https://doi.org/10.1016/j.applthermaleng.2020.116346,3,Fixed_100W_16kJ,Table 2; Fig. 7; Fig. 4(d); Section 3.3 (heat generation peak at 100 W),1,1,0,0
678,150,https://doi.org/10.1016/j.applthermaleng.2020.116346,4,Fixed_150W_16kJ,Table 2; Fig. 7; Fig. 4(e); Section 3.1,1,1,0,0
679,150,https://doi.org/10.1016/j.applthermaleng.2020.116346,5,Fixed_200W_16kJ,Table 2; Fig. 7; Fig. 4(f); Explosion discussion in Section 3.4,1,1,0,0
680,150,https://doi.org/10.1016/j.applthermaleng.2020.116346,6,Continuous_20W,Fig. 3 (typical 20 W continuous heating; ~800 s to TR); Fig. 4(a); Section 2.3 and 3.1,1,0,0,0
681,151,https://doi.org/10.1016/j.applthermaleng.2021.116661,1,NCA_50SOC_FilmHeater,Fig. 4 and Section 2.3 (Experiments considered),1,0,0,0
682,152,https://doi.org/10.1016/j.applthermaleng.2021.116949,1,Case1_SOC0,Table 1; Fig. 6; Section 3.1.1 and 3.2.1,1,1,0,0
683,152,https://doi.org/10.1016/j.applthermaleng.2021.116949,2,Case1_SOC50,Table 1; Fig. 6; Section 3.1.1 and 3.2.1,1,1,0,0
684,152,https://doi.org/10.1016/j.applthermaleng.2021.116949,3,Case1_SOC100,Table 1; Fig. 6; Section 3.1.1 and 3.2.1,1,1,0,0
685,152,https://doi.org/10.1016/j.applthermaleng.2021.116949,4,Case2_SOC0,Table 1; Fig. 6; Section 3.1.2 and 3.2.2,1,1,0,0
686,152,https://doi.org/10.1016/j.applthermaleng.2021.116949,5,Case2_SOC50,Table 1; Fig. 6; Section 3.1.2 and 3.2.2,1,1,0,0
687,152,https://doi.org/10.1016/j.applthermaleng.2021.116949,6,Case2_SOC100,Table 1; Fig. 6; Section 3.1.2 and 3.2.2,1,1,0,0
688,153,https://doi.org/10.1016/j.applthermaleng.2021.117147,1,Group_V_SOC_50,"Fig. 8(a) and Table 2 (Group V, SOC 50%)",0,1,0,0
689,153,https://doi.org/10.1016/j.applthermaleng.2021.117147,2,Group_V_SOC_75,"Fig. 7(a), Fig. 7(d), Table 4 (Group V, SOC 75%)",0,1,0,0
690,153,https://doi.org/10.1016/j.applthermaleng.2021.117147,3,Group_V_SOC_100,"Fig. 8(a) and Table 2 (Group V, SOC 100%)",0,1,0,0
691,153,https://doi.org/10.1016/j.applthermaleng.2021.117147,4,Group_VI_SOC_50,"Fig. 8(b) and Table 2 (Group VI, SOC 50%)",0,1,0,0
692,153,https://doi.org/10.1016/j.applthermaleng.2021.117147,5,Group_VI_SOC_75,"Fig. 7(b), Fig. 7(e), Table 4 (Group VI, SOC 75%)",0,1,0,0
693,153,https://doi.org/10.1016/j.applthermaleng.2021.117147,6,Group_VI_SOC_100,"Fig. 8(b) and Table 2 (Group VI, SOC 100%)",0,1,0,0
694,154,https://doi.org/10.1016/j.applthermaleng.2021.117244,1,Lengthwise_100_SOC,"Fig. 3 (temperature, voltage, and temperature rate for lengthwise), Table 1 (maximum temperature for 100% SOC lengthwise), Fig. 10 (time of safety valve opening and TR onset), Section 3.1 and 3.3",1,1,0,0
695,154,https://doi.org/10.1016/j.applthermaleng.2021.117244,2,Transversal_100_SOC,"Fig. 5 (temperature, voltage, and temperature rate for different SOCs in transversal), Fig. 6 (placement comparison), Table 2 (maximum temperature for 100% SOC transversal), Fig. 11 (pressure trace with safety valve opening at ~654 s and thermal runaway at ~704 s), Section 3.2",1,1,0,0
696,155,https://doi.org/10.1016/j.applthermaleng.2021.117399,1,SOC50_s0,"Setup: Fig. 1, Section 2.2; TR criteria: Section 3.1.1; Lower-cell temperatures/times: Table 5; Propagation outcome: Table 3; Mechanism: Section 3.2.2",1,1,0,0
697,155,https://doi.org/10.1016/j.applthermaleng.2021.117399,2,SOC80_s0,Propagation time: Table 4; Temperatures/times (lower cell): Table 5; Temperature traces: Fig. 6; Mechanism: Section 3.2.2,1,1,0,0
698,155,https://doi.org/10.1016/j.applthermaleng.2021.117399,3,SOC80_s4,Propagation outcome/time: Tables 3–4; Lower-cell temperatures/times: Table 5; Temperature traces: Fig. 6; Mechanism: Section 3.2.2,1,1,0,0
699,155,https://doi.org/10.1016/j.applthermaleng.2021.117399,4,SOC80_s6,Propagation outcome: Table 3; Lower-cell temperatures/times: Table 5; Temperature traces: Fig. 6; Mechanism: Section 3.2.2,1,1,0,0
700,155,https://doi.org/10.1016/j.applthermaleng.2021.117399,5,SOC100_s0,Propagation outcome/time: Tables 3–4; Lower-cell temperatures/times: Table 5; Temperature traces: Fig. 5; Mechanism: Section 3.2.2,1,1,0,0
701,155,https://doi.org/10.1016/j.applthermaleng.2021.117399,6,SOC100_s4,Propagation outcome/time: Tables 3–4; Lower-cell temperatures/times: Table 5; Temperature traces: Fig. 5; Mechanism: Section 3.2.2,1,1,0,0
702,155,https://doi.org/10.1016/j.applthermaleng.2021.117399,7,SOC100_s6,Propagation time: Table 4; Temperature rise rate behavior: Fig. 8; Lower-cell temperatures/times: Table 5; Temperature traces: Fig. 5; Mechanism: Section 3.1.2 and 3.2.2,1,1,0,0
703,155,https://doi.org/10.1016/j.applthermaleng.2021.117399,8,SOC100_s8,Propagation outcome: Table 3; Lower-cell temperatures/times: Table 5; Temperature traces: Fig. 5; Mechanism: Section 3.2.2,1,1,0,0
704,156,https://doi.org/10.1016/j.applthermaleng.2021.117521,1,Exp_1,Experimental setup in Section 3 and Fig. 3; temperature/voltage behavior in Fig. 4; propagation timing in Table 5; heat-flux mechanism in Fig. 7 and Conclusions (2).,1,1,0,0
705,156,https://doi.org/10.1016/j.applthermaleng.2021.117521,2,Exp_2,Experimental settings in Section 3; Fig. 3 and Fig. 4; propagation timing in Table 5; heat-flux comparison in Fig. 7 and Conclusions (2).,1,1,0,0
706,156,https://doi.org/10.1016/j.applthermaleng.2021.117521,3,Exp_3,Experimental configuration in Section 3 and Fig. 3; temperature/voltage traces in Fig. 4; propagation data in Table 5; interpretation in Fig. 6 and text in Section 4.1.,1,1,0,0
707,156,https://doi.org/10.1016/j.applthermaleng.2021.117521,4,Exp_4,Experimental setup and conditions in Section 3 and Fig. 3; no-propagation outcome in Fig. 4 and Table 5 (Exp.4# with NA for Cells 2–6); boundary map validation in Fig. 11.,1,1,0,0
708,157,https://doi.org/10.1016/j.applthermaleng.2021.117774,1,NoSidePlates_Cell1,"Section 2.4; Fig. 3; Fig. 6; Table 6 (t_tri,1 and T_max,1 experimental values)",1,1,0,0
709,157,https://doi.org/10.1016/j.applthermaleng.2021.117774,2,NoSidePlates_Cell2,"Section 2.4; Fig. 6; Table 6 (t_tri,2 and T_max,2 experimental values)",1,1,0,0
710,157,https://doi.org/10.1016/j.applthermaleng.2021.117774,3,NoSidePlates_Cell3,"Section 2.4; Fig. 6; Table 6 (t_tri,3 and T_max,3 experimental values)",1,1,0,0
711,157,https://doi.org/10.1016/j.applthermaleng.2021.117774,4,NoSidePlates_Cell4,"Section 2.4; Fig. 6; Table 6 (t_tri,4 and T_max,4 experimental values)",1,1,0,0
712,158,https://doi.org/10.1016/j.applthermaleng.2022.118418,1,EV-ARC_SingleCell,Section 3.1.1; Fig. 5; Fig. 6,1,0,0,0
713,158,https://doi.org/10.1016/j.applthermaleng.2022.118418,2,LateralHeating_SingleCell,Section 3.1.2; Fig. 7,1,0,0,0
714,158,https://doi.org/10.1016/j.applthermaleng.2022.118418,3,Module_B1_Heated,Sections 3.2.1–3.2.4; Figs. 8–11,0,0,0,0
715,159,https://doi.org/10.1016/j.applthermaleng.2022.118565,1,ARC_80SOH_40C_AgedCell,Fig. 6(a–b); Section 3.2,1,0,0,0
716,160,10.1016/j.applthermaleng.2022.119255,1,Sample_1,,0,0,0,0
717,160,10.1016/j.applthermaleng.2022.119255,2,Sample_2,,0,0,0,0
718,160,10.1016/j.applthermaleng.2022.119255,3,Sample_3,,0,0,0,0
719,160,10.1016/j.applthermaleng.2022.119255,4,Sample_4,,0,0,0,0
720,161,https://doi.org/10.1016/j.applthermaleng.2022.119830,1,Exp1_Case1_NoFlame,Case definition and flame presence: Table 2; Onset time: Table 4; Setup: Fig. 1; TR behavior without flame: Fig. 2b,0,1,0,0
721,161,https://doi.org/10.1016/j.applthermaleng.2022.119830,2,Exp2_Case1_NoFlame,Case/flame classification: Table 2; Onset time: Table 4; Setup: Fig. 1; TR behavior without flame: Fig. 2b,0,1,0,0
722,161,https://doi.org/10.1016/j.applthermaleng.2022.119830,3,Exp3_Case1_Flame,Case/flame classification: Table 2; TR behavior with flame: Fig. 2a; Onset time: Table 4; Enclosure temperature effect: Fig. 6,0,1,0,0
723,161,https://doi.org/10.1016/j.applthermaleng.2022.119830,4,Exp4_Case1_Flame,Case/flame classification: Table 2; TR with flame: Fig. 2a; Onset time: Table 4; Enclosure temperature differences: Fig. 6,0,1,0,0
724,161,https://doi.org/10.1016/j.applthermaleng.2022.119830,5,Exp5_Case2_Flame,Case/flame classification: Table 2; Onset time: Table 4; Enclosure and cell temperatures: Figs. 6–7; TR behavior with flame: Fig. 2a,0,1,0,0
725,161,https://doi.org/10.1016/j.applthermaleng.2022.119830,6,Exp6_Case2_Flame,"Case/flame classification: Table 2; Onset time: Table 4; Enclosure/cell temperatures and feedback: Figs. 5–7, 9",0,1,0,0
726,161,https://doi.org/10.1016/j.applthermaleng.2022.119830,7,Exp7_Case2_NoFlame,Case/flame classification: Table 2; Onset time and first-TR cell: Table 4 and Fig. 3c; Enclosure and cell temperatures: Figs. 6–7; No-return temperature analysis: Section 3.6.2,1,1,0,0
727,161,https://doi.org/10.1016/j.applthermaleng.2022.119830,8,Exp8_Case2_NoFlame,"Case/flame classification: Table 2; Onset time: Table 4; Setup and temperature context: Figs. 1, 6–7",0,1,0,0
728,162,https://doi.org/10.1016/j.applthermaleng.2023.120816,1,Batt1_SOC50,Table 3; Section 3.1,1,1,0,0
729,162,https://doi.org/10.1016/j.applthermaleng.2023.120816,2,Batt1_SOC75,Table 3,0,1,0,0
730,162,https://doi.org/10.1016/j.applthermaleng.2023.120816,3,Batt1_SOC100,Table 3; Fig. 2,0,1,0,0
731,162,https://doi.org/10.1016/j.applthermaleng.2023.120816,4,Batt2_SOC50,Table 3,0,1,0,0
732,162,https://doi.org/10.1016/j.applthermaleng.2023.120816,5,Batt2_SOC75,Table 3,0,1,0,0
733,162,https://doi.org/10.1016/j.applthermaleng.2023.120816,6,Batt2_SOC100,Table 3,0,1,0,0
734,162,https://doi.org/10.1016/j.applthermaleng.2023.120816,7,Batt3_SOC25,Table 3,0,1,0,0
735,162,https://doi.org/10.1016/j.applthermaleng.2023.120816,8,Batt3_SOC50,Table 3,0,1,0,0
736,162,https://doi.org/10.1016/j.applthermaleng.2023.120816,9,Batt3_SOC75,Table 3,0,1,0,0
737,162,https://doi.org/10.1016/j.applthermaleng.2023.120816,10,Batt3_SOC100,Table 3,0,1,0,0
738,162,https://doi.org/10.1016/j.applthermaleng.2023.120816,11,Batt4_SOC50,Table 3,0,1,0,0
739,162,https://doi.org/10.1016/j.applthermaleng.2023.120816,12,Batt4_SOC75,Table 3,0,1,0,0
740,162,https://doi.org/10.1016/j.applthermaleng.2023.120816,13,Batt4_SOC100,Table 3,0,1,0,0
741,162,https://doi.org/10.1016/j.applthermaleng.2023.120816,14,Batt1_SOC100_GasWarning,Fig. 6 and Fig. 7; Section 3.5,1,0,0,0
742,163,https://doi.org/10.1016/j.applthermaleng.2023.121946,1,TRP_Module_100SOC,Section 2.1–2.3; Fig. 4(b); Fig. 5(b); Table 5,1,1,0,0
743,164,https://doi.org/10.1016/j.applthermaleng.2023.121991,1,ARC_LN2_Suspension,Fig. 15 and associated text citing Zhang et al. [54],0,0,0,0
744,164,https://doi.org/10.1016/j.applthermaleng.2023.121991,2,ARC_N2_Gas_Suspension,Fig. 15 and associated text citing Zhang et al. [54],0,0,0,0
745,165,https://doi.org/10.1016/j.applthermaleng.2023.122166,1,OS_25_SOC_NoFWM,Table 2; Section 4.1; Fig. 4a,1,1,0,0
746,165,https://doi.org/10.1016/j.applthermaleng.2023.122166,2,OS_50_SOC_NoFWM,Table 2; Section 4.1; Fig. 4b,1,1,0,0
747,165,https://doi.org/10.1016/j.applthermaleng.2023.122166,3,OS_75_SOC_NoFWM,Table 2; Section 4.1; Fig. 4c,1,1,0,0
748,165,https://doi.org/10.1016/j.applthermaleng.2023.122166,4,OS_100_SOC_NoFWM,Table 2; Section 4.1; Fig. 4d,1,1,0,0
749,165,https://doi.org/10.1016/j.applthermaleng.2023.122166,5,CS_25_SOC_NoFWM,Table 3; Section 4.1; Fig. 5a,1,1,0,0
750,165,https://doi.org/10.1016/j.applthermaleng.2023.122166,6,CS_50_SOC_NoFWM,Table 3; Section 4.1; Fig. 5b,1,1,0,0
751,165,https://doi.org/10.1016/j.applthermaleng.2023.122166,7,CS_75_SOC_NoFWM,Table 3; Section 4.1; Fig. 5c,1,1,0,0
752,165,https://doi.org/10.1016/j.applthermaleng.2023.122166,8,CS_100_SOC_NoFWM,Table 3; Section 4.1; Fig. 5d,1,1,0,0
753,165,https://doi.org/10.1016/j.applthermaleng.2023.122166,9,CS_25_SOC_FWM_Suppressed,Table 4; Sections 3.2 and 4.3.1; Fig. 10a,0,1,0,0
754,165,https://doi.org/10.1016/j.applthermaleng.2023.122166,10,CS_50_SOC_FWM_Suppressed,Table 4; Sections 3.2 and 4.3.1; Fig. 10b,0,1,0,0
755,165,https://doi.org/10.1016/j.applthermaleng.2023.122166,11,CS_75_SOC_FWM_Suppressed,"Table 4; Sections 4.3.1–4.3.2; Fig. 10c, Fig. 11",0,1,0,0
756,165,https://doi.org/10.1016/j.applthermaleng.2023.122166,12,CS_100_SOC_FWM_Suppressed,Table 4; Sections 4.2–4.3.1; Fig. 10d,0,1,0,0
757,165,https://doi.org/10.1016/j.applthermaleng.2023.122166,13,CS_ReheatAfterFWM_25_SOC,Table 6; Section 4.4; Fig. 17a,1,1,0,0
758,165,https://doi.org/10.1016/j.applthermaleng.2023.122166,14,CS_ReheatAfterFWM_50_SOC,Table 6; Section 4.4; Fig. 17b,1,1,0,0
759,165,https://doi.org/10.1016/j.applthermaleng.2023.122166,15,CS_ReheatAfterFWM_75_SOC,Table 6; Section 4.4; Fig. 17c,1,1,0,0
760,165,https://doi.org/10.1016/j.applthermaleng.2023.122166,16,CS_ReheatAfterFWM_100_SOC,Table 6; Section 4.4; Fig. 17d,1,1,0,0
761,166,https://doi.org/10.1016/j.applthermaleng.2024.123054,1,SOH_100,Table 4; Fig. 10; Fig. 11–13; Section 2.7 and 3.3–3.4,1,1,0,0
762,166,https://doi.org/10.1016/j.applthermaleng.2024.123054,2,SOH_90_47,Table 4; Fig. 11–13; Section 3.4.1,1,1,0,0
763,166,https://doi.org/10.1016/j.applthermaleng.2024.123054,3,SOH_81_17,Table 4; Fig. 11–13; Section 3.4.1,1,1,0,0
764,166,https://doi.org/10.1016/j.applthermaleng.2024.123054,4,SOH_80_23,Table 4; Fig. 11–13; Section 3.4.1,1,1,0,0
765,166,https://doi.org/10.1016/j.applthermaleng.2024.123054,5,SOH_70_15,Table 4; Fig. 11–13; Section 3.4.1–3.4.2,1,1,0,0
766,166,https://doi.org/10.1016/j.applthermaleng.2024.123054,6,SOH_63_40,Table 4; Fig. 11–13; Section 3.4.1–3.4.2,1,1,0,0
767,167,https://doi.org/10.1016/j.applthermaleng.2024.123421,1,SingleCell_HWS_FullSOC,Fig. 8(a) and Section 3.1,1,0,0,0
768,168,https://doi.org/10.1016/j.applthermaleng.2024.123518,1,Sim_Cell1_HeatFlux_5S1P,"Section 2.4; Fig. 7 (text states: “At 9.34 s, Cell 1 reached its maximum temperature…”)",1,0,0,0
769,169,https://doi.org/10.1016/j.applthermaleng.2024.124093,1,Depth_0mm_NaturalCooling,Fig. 7 and Section 3.1.3,1,0,0,0
770,169,https://doi.org/10.1016/j.applthermaleng.2024.124093,2,Depth_20mm,"Fig. 3a, Fig. 4a, Fig. 7, and Section 3.1.1",1,0,0,0
771,169,https://doi.org/10.1016/j.applthermaleng.2024.124093,3,Depth_45mm,"Fig. 3b, Fig. 4b, Fig. 7, and Section 3.1.1",1,0,0,0
772,169,https://doi.org/10.1016/j.applthermaleng.2024.124093,4,Depth_65mm,"Fig. 3c, Fig. 4c, Fig. 7, and Section 3.1.1",1,0,0,0
773,169,https://doi.org/10.1016/j.applthermaleng.2024.124093,5,Depth_70mm_FullyImmersed,"Fig. 3d, Fig. 4d, Fig. 7, and Section 3.1.1",1,0,0,0
774,169,https://doi.org/10.1016/j.applthermaleng.2024.124093,6,SOC_100pct_SingleCell,Table 3 and Fig. 12,0,1,0,0
775,169,https://doi.org/10.1016/j.applthermaleng.2024.124093,7,SOC_75pct_SingleCell,Table 3 and Fig. 12,0,1,0,0
776,169,https://doi.org/10.1016/j.applthermaleng.2024.124093,8,SOC_50pct_SingleCell,Table 3 and Fig. 12,0,1,0,0
777,169,https://doi.org/10.1016/j.applthermaleng.2024.124093,9,Module_SOC_100pct_AdjacentCells,Fig. 13 and Fig. 14,0,0,0,0
778,169,https://doi.org/10.1016/j.applthermaleng.2024.124093,10,Module_SOC_75pct_AdjacentCells,Fig. 13 and Fig. 14,0,0,0,0
779,169,https://doi.org/10.1016/j.applthermaleng.2024.124093,11,Module_SOC_50pct_AdjacentCells,Fig. 13 and Fig. 14,0,0,0,0
780,170,https://doi.org/10.1016/j.applthermaleng.2024.124188,1,UH_0ms,"Table 2a (T_onset and T_max at 0 m/s), Fig. 4c (Tsv-UH, Tonset-UH), Fig. 15b (dT/dt(max)), Section 3.2",1,1,0,0
781,170,https://doi.org/10.1016/j.applthermaleng.2024.124188,2,UH_3ms,"Fig. 4a (tonset-UH time at 3 m/s), Fig. 4c (Tsv-UH and Tonset-UH at 3 m/s), Fig. 4d (Tmax-UH at 3 m/s), Fig. 15b (dT/dt(max)), Section 3.2",1,0,0,0
782,170,https://doi.org/10.1016/j.applthermaleng.2024.124188,3,H_1ms,"Fig. 6a–e (time and temperature changes in humidified vs. un-humidified at 1 m/s), Fig. 7b (flame temperatures at 1 m/s: Tf-1 ≈ 428.6 °C, Tf-2 ≈ 126.4 °C, Tf-3 ≈ 84.3 °C), Fig. 16 (dT/dt reductions), Section 3.2–3.3",1,0,0,0
783,171,https://doi.org/10.1016/j.applthermaleng.2024.124220,1,AirFlow_0.15,Results and discussion; Fig. 16(b); Model validation section,1,0,0,0
784,171,https://doi.org/10.1016/j.applthermaleng.2024.124220,2,AirFlow_0.25,Results and discussion; Fig. 16(c),0,0,0,0
785,171,https://doi.org/10.1016/j.applthermaleng.2024.124220,3,AirFlow_0.35,Results and discussion; Fig. 16(d),0,0,0,0
786,172,https://doi.org/10.1016/j.applthermaleng.2024.124813,1,PW_block,Section 3.5; Fig. 16(a)–(d),1,0,0,0
787,172,https://doi.org/10.1016/j.applthermaleng.2024.124813,2,PEEF_block,Section 3.5; Fig. 16(a)–(d),1,0,0,0
788,172,https://doi.org/10.1016/j.applthermaleng.2024.124813,3,PEE@EBF_block,Section 3.5; Fig. 16(a)–(d),1,0,0,0
789,173,https://doi.org/10.1016/j.applthermaleng.2025.125501,1,Validation_LevelIII_Fresh,Figure 12 and Section 3.8 (warning effectiveness validation); Section 2.4 and Fig. 1 (test setup),1,0,1,0
790,173,https://doi.org/10.1016/j.applthermaleng.2025.125501,2,Validation_LevelIII_Aged_60kPa_10C,Figure 12 and Section 3.8 (warning effectiveness validation); Table 2 and Section 2.2 (aging conditions); Section 2.4 and Fig. 1 (test setup),1,1,1,0
791,174,https://doi.org/10.1016/j.applthermaleng.2025.125991,1,SOC_5,Section 3 text and Fig. 4: vent opening at 130 s for 5% SOC; explicit statement that Stage 3 (flames) did not occur at 5% SOC.,1,0,0,0
792,174,https://doi.org/10.1016/j.applthermaleng.2025.125991,2,SOC_40,"Section 3 text: vent opening at 179 s (Fig. 4), continuous venting ~214 s before Stage 3; Stage 3 initiation time ≈ 179 s + 214 s = 393 s (Fig. 5).",1,0,0,0
793,174,https://doi.org/10.1016/j.applthermaleng.2025.125991,3,SOC_80,"Section 3 text: vent opening at 173 s (Fig. 4), ~170 s of venting before Stage 3 ignition; Stage 3 time ≈ 173 s + 170 s = 343 s (Fig. 6).",1,0,0,0
794,175,https://doi.org/10.1016/j.applthermaleng.2025.126299,1,SOC_0_percent,"Fig. 3a (ejection), Fig. 5a (pressure), Fig. 6 and Section 3.3 (temperature narrative), Table 2 (ejection timing), Table 3 (Δτ values)",1,1,0,0
795,175,https://doi.org/10.1016/j.applthermaleng.2025.126299,2,SOC_25_percent,"Fig. 3b (ejection), Fig. 6 and Section 3.3 (TR at 444.3 s; TFmax 667 °C), Fig. 8b (V/P/T), Table 2 (ejection timing), Table 3 (Δτ values)",1,1,0,0
796,175,https://doi.org/10.1016/j.applthermaleng.2025.126299,3,SOC_50_percent,"Fig. 3c (ejection), Fig. 5c (pressure), Fig. 6 and Section 3.3 (TFmax ≈ 53.1 °C lower than 70% SOC), Fig. 8c (V/P/T), Table 2 (venting 396.8 s), Table 3 (Δτ values)",1,1,0,0
797,175,https://doi.org/10.1016/j.applthermaleng.2025.126299,4,SOC_70_percent,"Fig. 3d (ejection with jellyroll/particulates), Fig. 5d (pressure), Fig. 6 and Section 3.3 (TFmax 694 °C, delay vs 100%), Fig. 8d (V/P/T), Table 2 (venting 340.6 s), Table 3 (Δτ values)",1,1,0,0
798,175,https://doi.org/10.1016/j.applthermaleng.2025.126299,5,SOC_100_percent,"Fig. 3e (spark ejection), Fig. 5e (pressure), Fig. 6 and Section 3.3 (TFmax 819.3 °C at 295.7 s; TBmax 625.4 °C at 332.9 s), Fig. 8e (V/P/T), Table 2 (venting 263.7 s), Table 3 (Δτ values), Fig. 12 (melt zone)",1,1,0,0
799,176,https://doi.org/10.1016/j.applthermaleng.2025.126616,1,ExternalHeating_0C,Section 3.1 (text) and Fig. 6: uncharged (0C) condition thermal runaway time 692 s,1,0,0,0
800,176,https://doi.org/10.1016/j.applthermaleng.2025.126616,2,ExternalHeating_Charge_1C,Section 3.1 (text) and Fig. 6: 1C charge condition thermal runaway time 659 s; temperature nonuniformity (~47 °C) at 659 s noted in Fig. 7,1,0,0,0
801,176,https://doi.org/10.1016/j.applthermaleng.2025.126616,3,ExternalHeating_Discharge_1C,Table 6: 1C discharge time to thermal runaway 586 s; Section 3.3 discusses faster TR under discharge,1,1,0,0
802,176,https://doi.org/10.1016/j.applthermaleng.2025.126616,4,ExternalHeating_Discharge_3C,Table 6: 3C discharge time to thermal runaway 533 s; Section 3.3,1,1,0,0
803,176,https://doi.org/10.1016/j.applthermaleng.2025.126616,5,ExternalHeating_Discharge_5C,Table 6: 5C discharge time to thermal runaway 480 s; Section 3.3 discussion on forced switch to charging and lower peak temperature,1,1,0,0
804,177,https://doi.org/10.1016/j.applthermaleng.2025.126634,1,1C_0%SOC,Table 3; Sections 2.1–2.2,0,1,0,0
805,177,https://doi.org/10.1016/j.applthermaleng.2025.126634,2,1C_50%SOC,Table 3; Sections 2.1–2.2,0,1,0,0
806,177,https://doi.org/10.1016/j.applthermaleng.2025.126634,3,1C_75%SOC,Table 3; Sections 2.1–2.2,0,1,0,0
807,177,https://doi.org/10.1016/j.applthermaleng.2025.126634,4,1C_100%SOC,Table 3; Sections 2.1–2.2,0,1,0,0
808,177,https://doi.org/10.1016/j.applthermaleng.2025.126634,5,2C_0%SOC,Table 3; Sections 2.1–2.2,0,1,0,0
809,177,https://doi.org/10.1016/j.applthermaleng.2025.126634,6,2C_50%SOC,Table 3; Sections 2.1–2.2,0,1,0,0
810,177,https://doi.org/10.1016/j.applthermaleng.2025.126634,7,2C_75%SOC,Table 3; Sections 2.1–2.2,0,1,0,0
811,177,https://doi.org/10.1016/j.applthermaleng.2025.126634,8,2C_100%SOC,Table 3; Sections 2.1–2.2,0,1,0,0
812,177,https://doi.org/10.1016/j.applthermaleng.2025.126634,9,3C_0%SOC,Table 3; Sections 2.1–2.2,0,1,0,0
813,177,https://doi.org/10.1016/j.applthermaleng.2025.126634,10,3C_50%SOC,Table 3; Sections 2.1–2.2,0,1,0,0
814,177,https://doi.org/10.1016/j.applthermaleng.2025.126634,11,3C_75%SOC,Table 3; Sections 2.1–2.2,0,1,0,0
815,177,https://doi.org/10.1016/j.applthermaleng.2025.126634,12,3C_100%SOC,Table 3; Sections 2.1–2.2,0,1,0,0
816,178,https://doi.org/10.1016/j.applthermaleng.2025.127320,1,Test_1,Fig. 2a and Section 3.1 for time and peak temperature; Fig. 3 for parameter definitions; Section 3.2 (Test 1 example) and Fig. 4 for valve/threshold context.,1,0,0,0
817,178,https://doi.org/10.1016/j.applthermaleng.2025.127320,2,Test_2,Fig. 2b and Section 3.1 for time and peak temperature; Fig. 3 for parameter definitions; Section 3.1 comparative narrative.,1,0,0,0
818,179,https://doi.org/10.1016/j.applthermaleng.2025.127734,1,Thickness_29mm_60Ah,"Fig. 3b–c (setup), Fig. 4a (29 mm temperature profile), Table 2 (experimental maxima and TRP times), Sections 3.2–3.3",0,1,0,0
819,179,https://doi.org/10.1016/j.applthermaleng.2025.127734,2,Thickness_52mm_102Ah,"Fig. 4b (52 mm temperature profile), Table 2 (experimental maxima and TRP times), Sections 3.2–3.4",0,1,0,0
820,179,https://doi.org/10.1016/j.applthermaleng.2025.127734,3,Thickness_80mm_153Ah,"Fig. 4c (80 mm temperature profile), Table 2 (experimental maxima and TRP times), Sections 3.2–3.4",0,1,0,0
821,180,https://doi.org/10.1016/j.applthermaleng.2025.127780,1,Module_Cell1_LateralHeating_700W,"Section 5.1 (Experimental results), Table 5, and Fig. 4a",1,1,0,0
822,181,https://doi.org/10.1016/j.applthermaleng.2025.129440,1,ARC_NCM622,Fig. 2(a–c); Section 3.1,1,0,0,0
823,181,https://doi.org/10.1016/j.applthermaleng.2025.129440,2,ARC_LFP,Fig. 2(d–e); Section 3.1,1,0,0,0
824,181,https://doi.org/10.1016/j.applthermaleng.2025.129440,3,Fire_NCM622,Fig. 5; Section 3.4,1,0,0,0
825,181,https://doi.org/10.1016/j.applthermaleng.2025.129440,4,Fire_LFP,Fig. 6; Section 3.4,1,0,0,0
826,182,https://doi.org/10.1016/j.applthermaleng.2025.129444,1,SOC_50pct_200W_Fresh,Fig. 3(f) and Section 3.1.1 (detailed 50% SOC narrative),1,0,0,0
827,182,https://doi.org/10.1016/j.applthermaleng.2025.129444,2,SOC_75pct_200W_Fresh,"Fig. 3(d), Fig. 4 and Section 3.1.1 (TR stage definition and SOC≥50% behavior)",1,0,0,0
828,182,https://doi.org/10.1016/j.applthermaleng.2025.129444,3,SOC_100pct_200W_Fresh,"Fig. 3(e), Fig. 4 and Section 3.1.1 (Tvent range 130–150 °C; ΔTmax=429.8 °C at 100% SOC)",1,0,0,0
829,182,https://doi.org/10.1016/j.applthermaleng.2025.129444,4,Power_150W_100pctSOC_Fresh,Fig. 5(g) and Section 3.1.2 (peak Tin up to 1037.8 °C; 150 W showed higher Tin peak than 200–300 W),1,0,0,0
830,182,https://doi.org/10.1016/j.applthermaleng.2025.129444,5,Power_100W_100pctSOC_Fresh,"Fig. 5(f) and 5(g), Section 3.1.2 (Tout(max)=654.8 °C at 100 W; Tin peaks >900 °C across powers)",1,0,0,0
831,182,https://doi.org/10.1016/j.applthermaleng.2025.129444,6,Power_250W_100pctSOC_Aged,"Table 4 (tvent=440 s, Tin(vent)=141.5 °C, Treq=100.8 °C); Fig. 6(f,g) and Section 3.1.2 (aged Tin peaks >900 °C, up to 1063.2 °C)",1,1,0,0
832,182,https://doi.org/10.1016/j.applthermaleng.2025.129444,7,Power_300W_100pctSOC_Aged_Explosion,Section 3.1.2 and Fig. 6(a–e) discussion; Supplementary Fig. S1 (explosion at 300 W aging; Tin at vent 134.4 °C),1,0,0,0
833,183,https://doi.org/10.1016/j.rser.2023.113740,1,Sample_A_TR,"Table 1 (cell specs), Fig. 1c (setup), Table 2 (timing), Sections 2.2 and 3.1.1",0,1,0,0
834,183,https://doi.org/10.1016/j.rser.2023.113740,2,Sample_B_TR,"Table 1 (cell specs), Fig. 1c (setup), Table 2 (timing), Sections 2.2 and 3.1.1",0,1,0,0
835,183,https://doi.org/10.1016/j.rser.2023.113740,3,Sample_C_TR,"Table 1 (cell specs), Fig. 1c (setup), Table 2 (timing), Sections 2.2 and 3.1.1",0,1,0,0
836,183,https://doi.org/10.1016/j.rser.2023.113740,4,TRP_Mitigation_Test,Section 3.3.3; Fig. 7e–f,1,0,0,0
837,184,https://doi.org/10.1016/j.rser.2025.116056,1,Barrier_A_LateralHeating_Module,"Section 3.2 (TRP setup), Section 4.2.1 (Mitigation effect), Fig. 3(b–h) and Fig. 4(c–g)",1,0,0,0
838,184,https://doi.org/10.1016/j.rser.2025.116056,2,Barrier_B_LateralHeating_Module,"Section 3.2 (TRP setup), Section 4.2.1 (Mitigation effect), Fig. 3(b–h) (TRP interval 762.8 s between Cells 1 and 2), Fig. 4(c–g) (venting/combustion and debris), text noting third-cell maximum front-surface temperature 231.3 °C",1,0,0,0
839,185,https://doi.org/10.1016/j.cej.2021.129387,1,Graphite_LCO_FullCell_MMC,Figure 4c and Section 2.4 (In-situ thermal analysis),1,0,1,0
840,185,https://doi.org/10.1016/j.cej.2021.129387,2,Annealed_Ti3C2Tz_LCO_FullCell_MMC,Figure 4d and Section 2.4 (In-situ thermal analysis),1,0,1,0
841,186,https://doi.org/10.1016/j.cej.2023.144434,1,Group_0-2_ELY,,0,0,0,0
842,186,https://doi.org/10.1016/j.cej.2023.144434,2,Group_0-3_SEP,,0,0,0,0
843,186,https://doi.org/10.1016/j.cej.2023.144434,3,Group_0-4_ELY+SEP,,0,0,0,0
844,186,https://doi.org/10.1016/j.cej.2023.144434,4,Group_1-1_PE,,0,0,0,0
845,186,https://doi.org/10.1016/j.cej.2023.144434,5,Group_1-2_PE+ELY,,0,0,0,0
846,186,https://doi.org/10.1016/j.cej.2023.144434,6,Group_1-4_PE+ELY+SEP,,0,0,0,0
847,186,https://doi.org/10.1016/j.cej.2023.144434,7,Group_2-1_NE,,0,0,0,0
848,186,https://doi.org/10.1016/j.cej.2023.144434,8,Group_2-2_NE+ELY,,0,0,0,0
849,186,https://doi.org/10.1016/j.cej.2023.144434,9,Group_2-4_NE+ELY+SEP,,0,0,0,0
850,186,https://doi.org/10.1016/j.cej.2023.144434,10,Group_3-1_PE+NE,,0,0,0,0
851,186,https://doi.org/10.1016/j.cej.2023.144434,11,Group_3-2_PE+NE+ELY,,0,0,0,0
852,186,https://doi.org/10.1016/j.cej.2023.144434,12,Group_3-4_PE+NE+ELY+SEP,,0,0,0,0
853,187,https://doi.org/10.1016/j.cej.2024.153234,1,ClosedCalorimeter_3Ah_ASSB,Table 2 and Section 3.4,1,1,0,0
854,188,https://doi.org/10.1016/j.cej.2025.159699,1,HeatOnly_100_SOC,"Methodology Sections 2.1–2.2; blank-experiment paragraph (t values); Fig. 2(b)-(c) for setup; Fig. 3(a) for heat-only temperature curves; Table 2, entry #1 (100-0C)",0,1,0,0
855,188,https://doi.org/10.1016/j.cej.2025.159699,2,HeatOnly_75_SOC,"Methodology Sections 2.1–2.2; blank-experiment paragraph (t values); Fig. 2(b)-(c) for setup; Fig. 3(a) for heat-only temperature curves; Table 2, entry #5 (75-0C)",0,1,0,0
856,188,https://doi.org/10.1016/j.cej.2025.159699,3,HeatOnly_50_SOC,"Methodology Sections 2.1–2.2; blank-experiment paragraph (t values); Fig. 2(b)-(c) for setup; Fig. 3(a) for heat-only temperature curves; Table 2, entry #9 (50-0C)",0,1,0,0
857,189,https://doi.org/10.1016/j.cej.2025.160202,1,FullCell_ARC_FullyCharged,Fig. 1e–f; Section 3.2,1,0,0,0
858,189,https://doi.org/10.1016/j.cej.2025.160202,2,Partial_AnEly_ARC,Fig. 2a; Section 3.3,1,0,0,0
859,189,https://doi.org/10.1016/j.cej.2025.160202,3,Partial_CaEly_ARC,Fig. 2b and Fig. S14–S15; Section 3.3,1,0,0,0
860,189,https://doi.org/10.1016/j.cej.2025.160202,4,Partial_CaAn_ARC,Fig. 2c and Fig. S16–S17; Section 3.3,1,0,0,0
861,190,https://doi.org/10.1016/j.cej.2025.160402,1,ARC_MainCluster,Figure 6d; Table A.1; Section 3.2.2,1,1,1,0
862,190,https://doi.org/10.1016/j.cej.2025.160402,2,ARC_LateISC,Figure 6c; Table A.1; Section 3.2.2; Appendix A,1,1,1,0
863,191,https://doi.org/10.1016/j.cej.2025.160800,1,PVC_Module_TR_Heating,Fig. 7a and Fig. 7e; Section 3.5 (TR simulation setup and results),1,0,0,0
864,191,https://doi.org/10.1016/j.cej.2025.160800,2,CCH50_SCH_Module_TR_Heating,Fig. 7b and Fig. 7f; Section 3.5 (TR elimination investigation),1,0,0,0
865,191,https://doi.org/10.1016/j.cej.2025.160800,3,CCH50_Module_TR_Heating,Fig. 7c and Fig. 7g; Section 3.5 (TR elimination investigation),1,0,0,0
866,191,https://doi.org/10.1016/j.cej.2025.160800,4,CCH55_SCH_Module_TR_Heating,Fig. 7d and Fig. 7h; Section 3.5 (TR elimination investigation),1,0,0,0
867,192,https://doi.org/10.1016/j.cej.2025.164014,1,NoInsulation_ConfinedBox,"Section 3.6; Fig. 6b,c,h; Fig. 7a",1,0,0,0
868,192,https://doi.org/10.1016/j.cej.2025.164014,2,AerogelSheet_ConfinedBox,"Section 3.6; Fig. 6e,f; Fig. 7b",1,0,0,0
869,192,https://doi.org/10.1016/j.cej.2025.164014,3,FEM@AS_ConfinedBox,Section 3.5–3.6; Fig. 5c–d; Fig. 6d–h; Fig. 7c,1,0,0,0
870,193,https://doi.org/10.1016/j.cej.2025.165205,1,Blank_Module_500W_Heater,Experimental setup: Fig. 3; Temperature/voltage/mass profiles: Fig. 9(a–c); Key parameters: Table 1; Temperature rise rates: Fig. 11(b),0,1,0,0
871,193,https://doi.org/10.1016/j.cej.2025.165205,2,ICPCM_Module_500W_Heater,"Experimental setup: Fig. 3; ICPCM mitigation and temperature profiles: Fig. 10(a–c); Key parameters: Table 1; Temperature rise rates and flame/smoke phenomena: Fig. 11(a,b)",0,1,0,0
872,194,https://doi.org/10.1016/j.cej.2025.169633,1,H-cell1_NoBarrier,"Section 3.3; Fig. 9a1–c1, d–g",1,0,0,0
873,194,https://doi.org/10.1016/j.cej.2025.169633,2,H-cell2_NoBarrier,"Section 3.3; Fig. 9a2–c2, d–g",1,0,0,0
874,194,https://doi.org/10.1016/j.cej.2025.169633,3,H-cell3_NoBarrier,"Section 3.3; Fig. 9a3–c3, d–g",1,0,0,0
875,194,https://doi.org/10.1016/j.cej.2025.169633,4,H-cell1_KGSA_2mm,"Section 3.4; Fig. 10a1–c1, d–g",1,0,0,0
876,194,https://doi.org/10.1016/j.cej.2025.169633,5,H-cell1_KGSA_3mm,"Section 3.4; Fig. 10a2–c2, d–g",1,0,0,0
877,194,https://doi.org/10.1016/j.cej.2025.169633,6,H-cell1_SMEP_1mm,"Section 3.4; Fig. 10a3–c3, d–g",1,0,0,0
878,194,https://doi.org/10.1016/j.cej.2025.169633,7,H-cell1_SMEP_1.5mm,"Section 3.4; Fig. 10a4–c4, d–g",1,0,0,0
879,194,https://doi.org/10.1016/j.cej.2025.169633,8,H-cell1_Sandwich_KGSA2mm_SMEP1mm,Section 3.4; Fig. 11 (I); microstructural evidence in Fig. 13a1–a3,1,0,0,0
880,194,https://doi.org/10.1016/j.cej.2025.169633,9,H-cell1_Sandwich_KGSA2mm_SMEP1.5mm,Section 3.4; Fig. 11 (I); microstructural evidence in Fig. 13a4–a6,1,0,0,0
881,194,https://doi.org/10.1016/j.cej.2025.169633,10,H-cell2_Sandwich_KGSA2mm_SMEP1mm,Section 3.4; Fig. 11 (II); microstructural evidence in Fig. 13b1–b3,1,0,0,0
882,194,https://doi.org/10.1016/j.cej.2025.169633,11,H-cell2_Sandwich_KGSA2mm_SMEP1.5mm,Section 3.4; Fig. 11 (II); Fig. 12a2–d2,1,0,0,0
883,194,https://doi.org/10.1016/j.cej.2025.169633,12,H-cell3_Sandwich_KGSA2mm_SMEP1mm,Section 3.4; Fig. 11 (III); microstructural evidence in Fig. 13c1–c3,1,0,0,0
884,194,https://doi.org/10.1016/j.cej.2025.169633,13,H-cell3_Sandwich_KGSA2mm_SMEP1.5mm,Section 3.4; Fig. 11 (III); Fig. 12a2–d2; microstructure in Fig. 13c4–c6,1,0,0,0
885,195,https://doi.org/10.1016/j.elecom.2017.02.008,1,ARC_AIM_NCA,"Fig. 2(a), Fig. 4(a), Section 3; ARC method details in Experimental Section",1,0,0,0
886,195,https://doi.org/10.1016/j.elecom.2017.02.008,2,ARC_AIM_NCM,"Fig. 3(a), Fig. 4(b), Section 3; ARC method details in Experimental Section",1,0,0,0
887,195,https://doi.org/10.1016/j.elecom.2017.02.008,3,DSC_NCA_MgB2,Fig. 5 and Section 3 (trial for improving thermal stability of NCA),1,0,0,0
888,195,https://doi.org/10.1016/j.elecom.2017.02.008,4,DSC_NCA_AlB2,Fig. 5 and Section 3 (trial for improving thermal stability of NCA),1,0,0,0
889,196,https://doi.org/10.1016/j.ijoes.2025.101270,1,SOC_0_NoMist,Table 3; Fig. 2; Section 3.1,1,1,0,0
890,196,https://doi.org/10.1016/j.ijoes.2025.101270,2,SOC_25_NoMist,Table 3; Fig. 2; Section 3.1,1,1,0,0
891,196,https://doi.org/10.1016/j.ijoes.2025.101270,3,SOC_50_NoMist,Table 3; Fig. 2; Section 3.1,1,1,0,0
892,196,https://doi.org/10.1016/j.ijoes.2025.101270,4,SOC_75_NoMist,Table 3; Fig. 2; Section 3.1,1,1,0,0
893,196,https://doi.org/10.1016/j.ijoes.2025.101270,5,SOC_100_NoMist,Table 3; Fig. 2; Section 3.1,1,1,0,0
894,196,https://doi.org/10.1016/j.ijoes.2025.101270,6,WaterMist_Only_100SOC,Fig. 3; Table 4; Section 3.1,1,1,0,0
895,196,https://doi.org/10.1016/j.ijoes.2025.101270,7,FeCl2_0.15pct_100SOC,Fig. 4; Table 4; Section 3.2,1,1,0,0
896,196,https://doi.org/10.1016/j.ijoes.2025.101270,8,SodiumLactate_2.5pct_100SOC,Fig. 4; Table 4; Section 3.2,1,1,0,0
897,196,https://doi.org/10.1016/j.ijoes.2025.101270,9,Tween20_0.3pct_100SOC,Fig. 5; Table 4; Section 3.2,1,1,0,0
898,196,https://doi.org/10.1016/j.ijoes.2025.101270,10,FeCl2_0.15pct_Tween20_0.3pct_100SOC,Fig. 8; Fig. 10; Table 5; Section 3.3,1,1,0,0
899,196,https://doi.org/10.1016/j.ijoes.2025.101270,11,SodiumLactate_2.5pct_Tween20_0.3pct_100SOC,Fig. 10; Table 5; Section 3.3,1,1,0,0
900,197,https://doi.org/10.1016/j.proci.2022.07.185,1,LCO_20.4W,Section 2; Fig. 4a-b; Table 2; Table 4,1,1,0,0
901,197,https://doi.org/10.1016/j.proci.2022.07.185,2,LCO_34.1W,Section 2; Fig. 4a-b; Table 2; Table 4,1,1,0,0
902,197,https://doi.org/10.1016/j.proci.2022.07.185,3,NMC_20.4W,Section 2; Fig. 4a-b; Table 2; Table 4,1,1,0,0
903,197,https://doi.org/10.1016/j.proci.2022.07.185,4,NMC_34.1W,Section 2; Fig. 4a-b; Table 2; Table 4,1,1,0,0
904,197,https://doi.org/10.1016/j.proci.2022.07.185,5,LFP_20.4W,Section 2; Fig. 4a-b; Table 2; Table 4,1,1,0,0
905,197,https://doi.org/10.1016/j.proci.2022.07.185,6,LFP_34.1W,Section 2; Fig. 4a-b; Table 2; Table 4,1,1,0,0
906,198,https://doi.org/10.1016/j.partic.2022.11.009,1,ARC_16cycles_leanElectrolyte,"Fig. 2a,c,f and text in Section 2.2",1,0,0,0
907,198,https://doi.org/10.1016/j.partic.2022.11.009,2,ARC_45cycles_leanElectrolyte,"Fig. 2b,d,g and text in Section 2.2",1,0,0,0
908,198,https://doi.org/10.1016/j.partic.2022.11.009,3,ARC_16cycles_plusFreshElectrolyte,"Fig. 3c,e; Table S4; text in Section 2.2",1,1,0,0
909,198,https://doi.org/10.1016/j.partic.2022.11.009,4,ARC_45cycles_plusFreshElectrolyte,"Fig. 3d,f; Fig. S3e; text in Section 2.2",1,0,0,0
910,199,https://doi.org/10.1016/j.egypro.2019.01.736,1,ARC_Normal_20Ah_NCM+LMO_Graphite,Fig. 6(a) and Section 3.4; Fig. 5 (T2 = 192.4 °C; mechanism discussion),1,0,0,0
911,199,https://doi.org/10.1016/j.egypro.2019.01.736,2,ARC_NoSeparator_VacuumedElectrolyte,Fig. 6(b) and Section 3.4,1,0,0,0
912,200,https://doi.org/10.1016/j.jechem.2020.03.029,1,Sample_1_ARC_0SOC,"Fig. 4a–b (ARC temperature and rate), Fig. 7d (separator DSC/TGA), Fig. 8 (voltage), Results and discussion section",1,0,0,0
913,201,https://doi.org/10.1016/j.jechem.2022.05.005,1,LiFoil_ARC,"Fig. 1b, Fig. 1c, Fig. 1d; Section 2.4 (Investigations on thermal stability); Section 3.1",1,0,0,0
914,201,https://doi.org/10.1016/j.jechem.2022.05.005,2,DepositedLi_ARC,"Fig. 1b, Fig. 1c, Fig. 1d; Fig. S4 (gas generation observation); Section 2.4; Section 3.1",1,0,0,0
915,202,https://doi.org/10.1016/j.jechem.2023.07.045,1,BE_4.2V_EV-ARC,Fig. 1c–d; Table S1; Section 2 (Results and discussion),1,1,0,0
916,202,https://doi.org/10.1016/j.jechem.2023.07.045,2,HSE_4.2V_EV-ARC,Fig. 1c–d; Table S1; Fig. 2a–c; Section 2 (Results and discussion),1,1,0,0
917,202,https://doi.org/10.1016/j.jechem.2023.07.045,3,BE_4.5V_EV-ARC,Fig. 1e; Section 2 (Results and discussion),1,0,0,0
918,202,https://doi.org/10.1016/j.jechem.2023.07.045,4,HSE_4.5V_EV-ARC,Fig. 1e; Section 2 (Results and discussion),1,0,0,0
919,203,https://doi.org/10.1016/j.jechem.2023.12.045,1,Preload_1000N,"Table 3 for times (tabn, tV, tISC, tTR); Fig. 2a and Fig. 6a for signals; Fig. 9 for event temperatures; Section 3.1–3.4",1,1,0,0
920,203,https://doi.org/10.1016/j.jechem.2023.12.045,2,Preload_2000N,Table 3; Fig. 2b; Fig. 6b; Fig. 9; Section 3.1–3.4,1,1,0,0
921,203,https://doi.org/10.1016/j.jechem.2023.12.045,3,Preload_3000N,Table 3; Fig. 2c; Fig. 6c; Fig. 9; Section 3.1–3.4,1,1,0,0
922,203,https://doi.org/10.1016/j.jechem.2023.12.045,4,Preload_4000N,Table 3; Fig. 2d; Fig. 6d; Fig. 9; Section 3.1–3.4,1,1,0,0
923,203,https://doi.org/10.1016/j.jechem.2023.12.045,5,Preload_5000N,Table 3; Fig. 2e; Fig. 6e; Fig. 9 (TR temperature vs preload); Section 3.1–3.4,1,1,0,0
924,203,https://doi.org/10.1016/j.jechem.2023.12.045,6,Preload_6000N,Table 3; Fig. 2f; Fig. 6f; Fig. 9 (TR temperature decreases at >4000 N); Section 3.1–3.4,1,1,0,0
925,203,https://doi.org/10.1016/j.jechem.2023.12.045,7,Module_4Cells_EarlyWarning_6000N,Section 3.5; Fig. 12 (warning logic) and Fig. 13b (module with warning: no TR; Cell 1 max < 140 °C),1,0,0,0
926,204,https://doi.org/10.1016/j.jechem.2024.10.036,1,SIB_Test_1,"Table 4; Fig. 2(a, d); Fig. 3(c–f)",0,1,0,0
927,204,https://doi.org/10.1016/j.jechem.2024.10.036,2,SIB_Test_2,"Table 4; Fig. 2(a, d); Fig. 3(c–f)",0,1,0,0
928,204,https://doi.org/10.1016/j.jechem.2024.10.036,3,LFP_Test_1,"Table 4; Fig. 2(b, d); Fig. 3(c–f)",0,1,0,0
929,204,https://doi.org/10.1016/j.jechem.2024.10.036,4,LFP_Test_2,"Table 4; Fig. 2(b, d); Fig. 3(c–f)",0,1,0,0
930,204,https://doi.org/10.1016/j.jechem.2024.10.036,5,NCM523_Test_1,"Table 4; Fig. 2(c, d); Fig. 3(c–f)",0,1,0,0
931,204,https://doi.org/10.1016/j.jechem.2024.10.036,6,NCM523_Test_2,"Table 4; Fig. 2(c, d); Fig. 3(c–f)",0,1,0,0
932,205,https://doi.org/10.1016/j.jechem.2024.11.031,1,LPS_HotPlate_DryAir_Ramp5,Section 3.1; Fig. 3; Table 3 (hot plate autoignition and sulfur evolution temperatures),1,1,0,0
933,205,https://doi.org/10.1016/j.jechem.2024.11.031,2,LPSCl_HotPlate_DryAir_Ramp5,Section 3.1; Fig. 3; Table 1 (mass loss); Table 3 (hot plate autoignition and sulfur evolution temperatures),1,1,0,0
934,205,https://doi.org/10.1016/j.jechem.2024.11.031,3,LPS_DSCTGA_O2_5Cmin,"Fig. 5a,c,e; Table 3 (DSC/TGA first and second exotherm onsets)",0,1,0,0
935,205,https://doi.org/10.1016/j.jechem.2024.11.031,4,LPSCl_DSCTGA_O2_5Cmin,"Fig. 5a,b,d; Table 3 (DSC/TGA first and second exotherm onsets)",0,1,0,0
936,205,https://doi.org/10.1016/j.jechem.2024.11.031,5,Composite_NCM_LPS_100SOC_DSC_Ar_40Cmin,Fig. 6a; Table 4 (TR onset 217.2 °C at 100% SOC),0,1,0,0
937,205,https://doi.org/10.1016/j.jechem.2024.11.031,6,Composite_NCM_LPSCl_100SOC_DSC_Ar_40Cmin,Fig. 6b; Table 4 (TR onset 221.7 °C at 100% SOC),0,1,0,0
938,205,https://doi.org/10.1016/j.jechem.2024.11.031,7,Composite_NCM_LPS_0SOC_DSC_Ar_40Cmin,Fig. 6a; Table 4 (TR onset 369.5 °C at 0% SOC),0,1,0,0
939,205,https://doi.org/10.1016/j.jechem.2024.11.031,8,Composite_NCM_LPSCl_0SOC_DSC_Ar_40Cmin,Fig. 6b; Table 4 (TR onset 346.0 °C at 0% SOC),0,1,0,0
940,206,https://doi.org/10.1016/j.jechem.2024.11.059,1,ARC_Pouch_100SOC,Section 3.3; Fig. 8(a–c),1,0,0,0
941,207,https://doi.org/10.1016/j.jechem.2024.12.004,1,100SOC_1C,Experimental setup: Section 2.2 and Fig. 1; Heating and surface warming rate: Section 3.2; Key temperatures: Table 2 and Fig. 3a,1,1,0,0
942,207,https://doi.org/10.1016/j.jechem.2024.12.004,2,100SOC_2C,Experimental setup: Section 2.2 and Fig. 1; Key temperatures: Table 2 and Fig. 3b,1,1,0,0
943,207,https://doi.org/10.1016/j.jechem.2024.12.004,3,100SOC_3C,Experimental setup: Section 2.2 and Fig. 1; Key temperatures: Table 2 and Fig. 3c,1,1,0,0
944,207,https://doi.org/10.1016/j.jechem.2024.12.004,4,100SOC_4C,Experimental setup: Section 2.2 and Fig. 1; Key temperatures: Table 2 and Fig. 3d,1,1,0,0
945,208,https://doi.org/10.1016/j.jechem.2024.12.050,1,ARC_LIB_LFP_LE_Li,Section 3.4; Fig. 10(a); Conclusions (LIB Tonset 145.7 °C),1,0,0,0
946,208,https://doi.org/10.1016/j.jechem.2024.12.050,2,ARC_SSB_LFP_SSE_Li,Section 3.4; Fig. 10(b); radargrams Fig. 10(d–e),1,0,0,0
947,208,https://doi.org/10.1016/j.jechem.2024.12.050,3,ARC_SSB_LFP_SSE_ModLi,Section 3.4; Fig. 10(c); radargrams Fig. 10(d–e),1,0,0,0
948,208,https://doi.org/10.1016/j.jechem.2024.12.050,4,ARC_SSB_LFP_SSE_Gr,Section 3.4; Fig. 10(g) and related text,1,0,0,0
949,208,https://doi.org/10.1016/j.jechem.2024.12.050,5,ExternalOverheat_LIB_LFP_LE_Li_100W,Section 3.4; Fig. 12(a); Fig. 13(b) and related text,1,0,0,0
950,208,https://doi.org/10.1016/j.jechem.2024.12.050,6,ExternalOverheat_SSB_LFP_SSE_Li_100W,Section 3.4; Fig. 12(b); Fig. 13(b) and related text,1,0,0,0
951,208,https://doi.org/10.1016/j.jechem.2024.12.050,7,ExternalOverheat_SSB_LFP_SSE_ModLi_100W,Section 3.4; Fig. 12(c); Fig. 13(a–b) and related text,1,0,0,0
952,209,https://doi.org/10.1016/j.jechem.2025.02.016,1,ARC_100_SOC,Table 2 (HWS settings) and Fig. 6 with narrative in Section 3.2.2,1,1,0,0
953,209,https://doi.org/10.1016/j.jechem.2025.02.016,2,ARC_105_SOC,Table 2 (HWS settings) and Fig. 6 with narrative in Section 3.2.2,1,1,0,0
954,210,https://doi.org/10.1016/j.jechem.2025.06.065,1,LiNCM523_3.26Ah_100SOC_20cycles_ARC,Fig. 5a–b; Section 2.4; Ref. [31],1,0,0,0
955,210,https://doi.org/10.1016/j.jechem.2025.06.065,2,LiNCM523_3.26Ah_100SOC_Activated_ARC,Fig. 5a–b; Section 2.4; Ref. [31],1,0,0,0
956,210,https://doi.org/10.1016/j.jechem.2025.06.065,3,SSLMB_Li6PS5Cl_3.8Ah_100SOC,Fig. 6c; Section 2.5; Ref. [68],1,0,0,0
957,210,https://doi.org/10.1016/j.jechem.2025.06.065,4,Liquid_LMB_HighNi_100SOC_Baseline,Fig. 6c; Section 2.5; Ref. [68],1,0,0,0
958,210,https://doi.org/10.1016/j.jechem.2025.06.065,5,SSLMB_Li6PS5Cl_3.8Ah_0SOC,Fig. 6c; Section 2.5; Ref. [68],1,0,0,0
959,210,https://doi.org/10.1016/j.jechem.2025.06.065,6,ASSLMB_Li6PS5Cl_NCM_OvenHeat,Section 2.4; Ref. [36],1,0,0,0
960,210,https://doi.org/10.1016/j.jechem.2025.06.065,7,ASSLMB_Li6PS5Cl_LFP_OvenHeat,Section 2.4; Ref. [36],1,0,0,0
961,210,https://doi.org/10.1016/j.jechem.2025.06.065,8,LiNCM811_Pouch_Commercial_ECDEC_Cone,Fig. 9a–b; Section 3.1.2; Ref. [89],1,0,0,0
962,210,https://doi.org/10.1016/j.jechem.2025.06.065,9,LiNCM811_Pouch_TEPFEC_LiNO3_Cone,Fig. 9b; Section 3.1.2; Ref. [89],1,0,0,0
963,210,https://doi.org/10.1016/j.jechem.2025.06.065,10,LMB_NCM811_PE_HotBox200C,Section 3.3; Ref. [133] hot-box results,1,0,0,0
964,210,https://doi.org/10.1016/j.jechem.2025.06.065,11,LMB_NCM811_DCPE_HotBox200C,Section 3.3; Ref. [133] hot-box results,1,0,0,0
965,210,https://doi.org/10.1016/j.jechem.2025.06.065,12,LiLFP_PP_ILE_ARC,Section 3.3; Ref. [137],1,0,0,0
966,210,https://doi.org/10.1016/j.jechem.2025.06.065,13,LiLFP_PILNM_ILE_ARC,Section 3.3; Ref. [137],1,0,0,0
967,210,https://doi.org/10.1016/j.jechem.2025.06.065,14,LMB_Pouch_LiquidLE_ARC_Baseline,Section 3.1.3; Ref. [69],1,0,0,0
968,210,https://doi.org/10.1016/j.jechem.2025.06.065,15,LMB_Pouch_QSE_ARC,Section 3.1.3; Ref. [69],1,0,0,0
969,211,https://doi.org/10.1016/j.jechem.2025.10.051,1,ARC_100SOC_30mAh_pouch,Fig. 2d and Section 3.1,1,0,0,0
970,212,https://doi.org/10.1016/j.nanoen.2021.105832,1,Fresh_DME_5Kmin_StdSeal,"Fig. 3a–d; Fig. 4a–b; Results and discussion, Section 2",1,0,0,0
971,212,https://doi.org/10.1016/j.nanoen.2021.105832,2,Fresh_DEG_5Kmin_StdSeal,"Fig. 3a–d; Fig. 4a–b; Results and discussion, Section 2",1,0,0,0
972,212,https://doi.org/10.1016/j.nanoen.2021.105832,3,Fresh_TEG_5Kmin_StdSeal,"Fig. 3a–b; Results and discussion, Section 2",1,0,0,0
973,212,https://doi.org/10.1016/j.nanoen.2021.105832,4,Cycled_DEG_5Kmin_StdSeal,"Fig. 3f–h; Fig. S6; Results and discussion, Section 2",1,0,0,0
974,212,https://doi.org/10.1016/j.nanoen.2021.105832,5,Cycled_TEG_5Kmin_StdSeal,"Fig. 3f; Results and discussion, Section 2",1,0,0,0
975,212,https://doi.org/10.1016/j.nanoen.2021.105832,6,DME_SealPressure_0.5TON,"Main text paragraph on sealing pressure; Fig. S9 (SI); Results and discussion, Section 2",1,0,0,0
976,212,https://doi.org/10.1016/j.nanoen.2021.105832,7,DME_SealPressure_0.75TON,Main text paragraph on sealing pressure; Fig. S9 (SI),0,0,0,0
977,212,https://doi.org/10.1016/j.nanoen.2021.105832,8,DME_SealPressure_1.4TON,Main text paragraph on sealing pressure; Fig. S9 (SI),0,0,0,0
978,212,https://doi.org/10.1016/j.nanoen.2021.105832,9,HMDS_DEG_3Kmin,"Fig. S13 (SI); Results and discussion, Section 2",1,0,0,0
979,212,https://doi.org/10.1016/j.nanoen.2021.105832,10,HMDS_TEG_3Kmin,"Fig. S13 (SI); Results and discussion, Section 2",1,0,0,0
980,213,https://doi.org/10.1016/j.nanoen.2021.105878,1,ARC_NCM811_Baseline,"Section 2.1; Fig. S1b,c (ARC characterization) and narrative defining T1/T2/T3",1,0,0,0
981,213,https://doi.org/10.1016/j.nanoen.2021.105878,2,ARC_NCM811_TPFPB_Additive,Fig. 6a–c (ARC with TPFPB) and Section 2.3 discussion linking oxygen-species trapping to TR metrics,1,0,0,0
982,214,https://doi.org/10.1016/j.csite.2021.101474,1,Oven_100SOC_1cell,Section 3.2; Fig. 4(a); Fig. 5(a),1,0,0,0
983,214,https://doi.org/10.1016/j.csite.2021.101474,2,Oven_100SOC_2cells_unconnected,Section 3.2; Fig. 4(b); Fig. 5(b),1,0,0,0
984,214,https://doi.org/10.1016/j.csite.2021.101474,3,Oven_100SOC_2cells_parallel,Section 3.2; Fig. 4(c); Fig. 5(c),1,0,0,0
985,214,https://doi.org/10.1016/j.csite.2021.101474,4,ARC_100SOC_1cell,Table 6; Fig. 6(a)-(b); Section 3.3,1,1,0,0
986,214,https://doi.org/10.1016/j.csite.2021.101474,5,ARC_100SOC_2cells_unconnected,Table 6; Fig. 6(a)-(b); Section 3.3,1,1,0,0
987,214,https://doi.org/10.1016/j.csite.2021.101474,6,ARC_50SOC_1cell,Table 6; Fig. 6(a)-(b); Section 3.3,1,1,0,0
988,214,https://doi.org/10.1016/j.csite.2021.101474,7,ARC_0SOC_1cell,Table 6; Fig. 6(a)-(b); Section 3.3,1,1,0,0
989,215,https://doi.org/10.1016/j.csite.2022.102335,1,TW_gap0,"Section 3 (Numerical simulations, heating power and ≤5 min criterion), Section 4.1; Fig. 5",1,0,0,0
990,215,https://doi.org/10.1016/j.csite.2022.102335,2,NC_gap0,Section 3; Section 4.1; Fig. 6 (TW vs NC differences),1,0,0,0
991,215,https://doi.org/10.1016/j.csite.2022.102335,3,NR_gap0,Section 3; Section 4.1; Fig. 7 (TW vs NR differences),1,0,0,0
992,215,https://doi.org/10.1016/j.csite.2022.102335,4,TW_gap1,Section 4.2; Fig. 8–9,1,0,0,0
993,215,https://doi.org/10.1016/j.csite.2022.102335,5,TW_gap2,Section 4.2; Fig. 8–9,1,0,0,0
994,215,https://doi.org/10.1016/j.csite.2022.102335,6,TW_gap3,Section 4.2; Fig. 8–9,1,0,0,0
995,215,https://doi.org/10.1016/j.csite.2022.102335,7,TW_gap4,Section 4.2; Fig. 8–9,1,0,0,0
996,216,https://doi.org/10.1016/j.csite.2024.105417,1,Heating_Rod_46950_100SOC,"Section 3.1; Fig. 3 (voltage/pressure/temperature evolution), Fig. 4 (pre-TR temperature and rate), Fig. 6 (peak temperatures); Section 4 Conclusions (trigger time and pre-TR temperature)",1,0,0,0
997,216,https://doi.org/10.1016/j.csite.2024.105417,2,Heating_Coil_46950_100SOC,"Section 3.1; Fig. 3 (signals), Fig. 4 (pre-TR temperature and rate), Fig. 6 (peak temperatures), Fig. 7 (gas generation); Section 4 Conclusions (trigger time and pre-TR temperature)",1,0,0,0
998,216,https://doi.org/10.1016/j.csite.2024.105417,3,Heating_Plate_46950_100SOC,"Section 3.1; Fig. 3 (signals), Fig. 4 (pre-TR temperature and rate), Fig. 6 (peak temperatures); Section 4 Conclusions (trigger time and pre-TR temperature)",1,0,0,0
999,217,https://doi.org/10.1016/j.csite.2025.107010,1,Open_NoPVS,"Fig. 2(a-1, a-2); Fig. 4a; Fig. 6a; Table 2 (Case 1); Table 3 (Open TR onset time); text in Section 3.1",1,1,0,0
1000,217,https://doi.org/10.1016/j.csite.2025.107010,2,Confined_TopPlate_NoPVS,"Fig. 2(b-1, b-2); Fig. 4b; Fig. 6b; Table 2 (Case 2); Table 3 (Confined TR onset time); text in Section 3.1",1,1,0,0
1001,217,https://doi.org/10.1016/j.csite.2025.107010,3,Open_PVS,"Fig. 2(c-1, c-2); Fig. 4c; Fig. 6c; Table 2 (Case 3); Table 3 (Open-PVS TR onset time); text in Section 3.1",1,1,0,0
1002,217,https://doi.org/10.1016/j.csite.2025.107010,4,Confined_TopPlate_PVS,"Fig. 2(d-1, d-2); Fig. 4d; Fig. 6d; Table 2 (Case 4); Table 3 (Confined-PVS TR onset time); text in Section 3.1",1,1,0,0
1003,218,https://doi.org/10.1016/j.csite.2025.107433,1,LFP_SOC100,Fig. 1a; Table 2; Section 3.1.1,1,1,0,0
1004,218,https://doi.org/10.1016/j.csite.2025.107433,2,LFP_SOC75,Fig. 1b; Table 2; Section 3.1.1,1,1,0,0
1005,218,https://doi.org/10.1016/j.csite.2025.107433,3,LFP_SOC50,Fig. 1c; Table 2; Section 3.1.1,1,1,0,0
1006,218,https://doi.org/10.1016/j.csite.2025.107433,4,LFP_SOC25,Fig. 1d; Table 2; Section 3.1.1,1,1,0,0
1007,218,https://doi.org/10.1016/j.csite.2025.107433,5,LFP_SOC0,Fig. 1e; Table 2; Section 3.1.1,1,1,0,0
1008,218,https://doi.org/10.1016/j.csite.2025.107433,6,NCM_SOC100,Fig. 2a; Table 3; Sections 3.1.2 and 3.3,0,1,0,0
1009,218,https://doi.org/10.1016/j.csite.2025.107433,7,NCM_SOC75,Fig. 2b; Table 3; Sections 3.1.2 and 3.3,0,1,0,0
1010,218,https://doi.org/10.1016/j.csite.2025.107433,8,NCM_SOC50,Fig. 2c; Table 3; Sections 3.1.2 and 3.3,0,1,0,0
1011,218,https://doi.org/10.1016/j.csite.2025.107433,9,NCM_SOC25,Fig. 2d; Table 3; Sections 3.1.2 and 3.3,0,1,0,0
1012,218,https://doi.org/10.1016/j.csite.2025.107433,10,NCM_SOC0,Fig. 2e; Table 3; Section 3.1.2,1,1,0,0
1013,219,https://doi.org/10.1016/j.est.2019.101065,1,SOC_5pct,Fig. 4 (temperature profiles); Section 3.1 (Temperature responses); Section 3.2 (Post-mortem observations),1,0,0,0
1014,219,https://doi.org/10.1016/j.est.2019.101065,2,SOC_90pct,Fig. 4 (temperature profiles showing sudden rise at ~55 min and peak 883 °C); Section 3.1 (Temperature responses); Section 3.2 (Particles/flame and powder mass 1.22 g),1,0,0,0
1015,219,https://doi.org/10.1016/j.est.2019.101065,3,SOC_100pct,Fig. 4 (temperature profiles showing sudden rise at ~55 min and peak 857 °C); Section 3.1 (Temperature responses); Section 3.2 (Flame/deflagration; powder mass 2.57 g),1,0,0,0
1016,220,https://doi.org/10.1016/j.est.2020.101232,1,Fresh_SOC_25,Table 2; Section 3.1–3.2; Fig. 4–6,1,1,0,0
1017,220,https://doi.org/10.1016/j.est.2020.101232,2,Fresh_SOC_35,Table 2; Section 3.1–3.2,1,1,0,0
1018,220,https://doi.org/10.1016/j.est.2020.101232,3,Fresh_SOC_50,Table 2; Fig. 4–6,0,1,0,0
1019,220,https://doi.org/10.1016/j.est.2020.101232,4,Fresh_SOC_65,Table 2; Section 3.2; Fig. 6,1,1,0,0
1020,220,https://doi.org/10.1016/j.est.2020.101232,5,Fresh_SOC_75,Table 2; Fig. 4–6,0,1,0,0
1021,220,https://doi.org/10.1016/j.est.2020.101232,6,Fresh_SOC_85,Table 2; Section 3.2,1,1,0,0
1022,220,https://doi.org/10.1016/j.est.2020.101232,7,Fresh_SOC_100,Table 2; Section 3.2; Fig. 4–6,1,1,0,0
1023,220,https://doi.org/10.1016/j.est.2020.101232,8,Aged_100_cycles_SOC100,Table 4; Fig. 9; Section 3.3,1,1,0,0
1024,220,https://doi.org/10.1016/j.est.2020.101232,9,Aged_200_cycles_SOC100,Table 4; Fig. 9; Section 3.3,1,1,0,0
1025,220,https://doi.org/10.1016/j.est.2020.101232,10,Aged_300_cycles_SOC100,Table 4; Fig. 7–9; Section 3.3,1,1,0,0
1026,220,https://doi.org/10.1016/j.est.2020.101232,11,Aged_400_cycles_SOC100,Table 4; Fig. 7–9; Section 3.3,1,1,0,0
1027,221,https://doi.org/10.1016/j.est.2020.101580,1,IFR14500_4.2V_exp1,Section 3.1; Figure 2; Table 3,1,1,1,0
1028,221,https://doi.org/10.1016/j.est.2020.101580,2,IFR14500_4.2V_exp2,Section 3.1; Figure 2; Table 3,1,1,1,0
1029,221,https://doi.org/10.1016/j.est.2020.101580,3,A12318650_4.2V_exp1,Section 3.2; Figure 2; Table 3,1,1,1,0
1030,221,https://doi.org/10.1016/j.est.2020.101580,4,A12318650_4.2V_exp2,Section 3.2; Figure 2; Table 3,1,1,1,0
1031,221,https://doi.org/10.1016/j.est.2020.101580,5,A12326650_3.8V_exp1,Section 3.3.1; Figure 2; Table 3,1,1,1,0
1032,221,https://doi.org/10.1016/j.est.2020.101580,6,A12326650_3.8V_exp2,Section 3.3.1; Figure 2; Table 3,1,1,1,0
1033,221,https://doi.org/10.1016/j.est.2020.101580,7,A12326650_4.2V_exp1,Section 3.3.3; Figure 2; Table 3,1,1,1,0
1034,221,https://doi.org/10.1016/j.est.2020.101580,8,A12326650_4.2V_exp2,Section 3.3.3; Figure 2; Table 3,1,1,1,0
1035,221,https://doi.org/10.1016/j.est.2020.101580,9,SONY26650_3.8V_exp1,Section 3.3.2; Figure 2; Table 3,1,1,1,0
1036,221,https://doi.org/10.1016/j.est.2020.101580,10,SONY26650_3.8V_exp2,Section 3.3.2; Figure 2; Table 3,1,1,1,0
1037,221,https://doi.org/10.1016/j.est.2020.101580,11,SONY26650_4.2V_exp1,Section 3.3.4; Figures 2 and 5; Table 3,1,1,0,0
1038,221,https://doi.org/10.1016/j.est.2020.101580,12,SONY26650_4.2V_exp2,Section 3.3.4; Figures 2 and 5; Table 3,1,1,0,0
1039,222,10.1016/j.est.2020.101668,1,Pack_2_Battery_2,,0,0,0,0
1040,222,10.1016/j.est.2020.101668,2,Pack_9_Battery_2,,0,0,0,0
1041,222,10.1016/j.est.2020.101668,3,Pack_9_Battery_5,,0,0,0,0
1042,222,10.1016/j.est.2020.101668,4,Pack_9_Battery_9,,0,0,0,0
1043,223,https://doi.org/10.1016/j.est.2020.101863,1,EnvTemp_140C,Section 3.1.2; Fig. 6 (battery and gas temperature vs time under different environmental temperatures); Fig. 7 (CO/CO2 under different environmental temperatures),1,0,0,0
1044,223,https://doi.org/10.1016/j.est.2020.101863,2,EnvTemp_180C,Section 3.1.2; Fig. 6; Fig. 7 (note: CO concentration at 180 °C showed distinct behavior due to proximity to valve-opening temperature),1,0,0,0
1045,223,https://doi.org/10.1016/j.est.2020.101863,3,EnvTemp_220C,Section 3.1.2; Fig. 6; Fig. 7,1,0,0,0
1046,223,https://doi.org/10.1016/j.est.2020.101863,4,EnvTemp_260C,Section 3.1.2; Fig. 6; Fig. 7,1,0,0,0
1047,223,https://doi.org/10.1016/j.est.2020.101863,5,EnvTemp_300C,Section 3.1.2; Fig. 6; Fig. 7,1,0,0,0
1048,224,https://doi.org/10.1016/j.est.2021.102546,1,NonSpray_SOC30,Table 2; Fig. 3a–b; Section 3.1,1,1,0,0
1049,224,https://doi.org/10.1016/j.est.2021.102546,2,NonSpray_SOC60,Table 2; Fig. 3a–b; Fig. 4; Section 3.1,1,1,0,0
1050,224,https://doi.org/10.1016/j.est.2021.102546,3,NonSpray_SOC90,Table 2; Fig. 4; Section 3.1,1,1,0,0
1051,224,https://doi.org/10.1016/j.est.2021.102546,4,Spray_SOC30_Te150_ts2,"Table 4 (Te = 150 °C, 30% SOC, ts = 2 s)",0,1,0,0
1052,224,https://doi.org/10.1016/j.est.2021.102546,5,Spray_SOC30_Te150_ts5,"Table 4 (Te = 150 °C, 30% SOC, ts = 5 s)",0,1,0,0
1053,224,https://doi.org/10.1016/j.est.2021.102546,6,Spray_SOC30_Te150_ts10,"Table 4 (Te = 150 °C, 30% SOC, ts = 10 s)",0,1,0,0
1054,224,https://doi.org/10.1016/j.est.2021.102546,7,Spray_SOC60_Te150_ts2,"Table 4 (Te = 150 °C, 60% SOC, ts = 2 s); Fig. 6a",0,1,0,0
1055,224,https://doi.org/10.1016/j.est.2021.102546,8,Spray_SOC60_Te150_ts5,"Table 4 (Te = 150 °C, 60% SOC, ts = 5 s); Fig. 6c",0,1,0,0
1056,224,https://doi.org/10.1016/j.est.2021.102546,9,Spray_SOC60_Te150_ts10,"Table 4 (Te = 150 °C, 60% SOC, ts = 10 s); Fig. 5",0,1,0,0
1057,224,https://doi.org/10.1016/j.est.2021.102546,10,Spray_SOC60_Te170_ts20,Fig. 7; Fig. 6b; Section 3.2,1,0,0,0
1058,224,https://doi.org/10.1016/j.est.2021.102546,11,Spray_SOC90_Te150_ts10,"Table 4 (Te = 150 °C, 90% SOC, ts = 10 s); Fig. 6a; Section 3.2",1,1,0,0
1059,225,https://doi.org/10.1016/j.est.2021.102609,1,Test_1_EV+ARC,"Fig. 4a–b; Fig. 5; Table 2; Sections 2.2, 3.1–3.3",0,1,0,0
1060,225,https://doi.org/10.1016/j.est.2021.102609,2,Test_2_EV+ARC,Fig. 4a–b; Table 2; Sections 2.2 and 3.1,0,1,0,0
1061,226,https://doi.org/10.1016/j.est.2021.102888,1,LCO_Jhu2012_VSP2_4p2V_A,Table 4 (LCO; 4.2 V row with Tmax 903.0 °C; data from [57]),0,1,0,0
1062,226,https://doi.org/10.1016/j.est.2021.102888,2,LCO_Tsai2015_4p2V_709C,"Table 4 (LCO; 4.2 V row with Tcr 190.8 °C, Tmax 709.5 °C; data from [60])",0,1,0,0
1063,226,https://doi.org/10.1016/j.est.2021.102888,3,LCO_Jhu2012_VSP2_100pct,Table 4 (LCO; 100% SOC row with Tmax 733.1 °C; data from [61]),0,1,0,0
1064,226,https://doi.org/10.1016/j.est.2021.102888,4,NMC_Zhao2020_EVARC_100pct,"Table 6 (NMC; 100% SOC row with Tcr 237.3 °C, Tmax 727.6 °C; data from [37])",0,1,0,0
1065,226,https://doi.org/10.1016/j.est.2021.102888,5,NMC_Duh2017_4p2V_Row1,"Table 6 (NMC; 4.2 V row with Tcr 219.7 °C, Tmax 657.4 °C; data from [69])",0,1,0,0
1066,226,https://doi.org/10.1016/j.est.2021.102888,6,NMC_Yayathi2016_100pct_786C,Table 6 (NMC; 100% SOC row with Tmax 786.4 °C; data from [68]),0,1,0,0
1067,226,https://doi.org/10.1016/j.est.2021.102888,7,NCA_Duh2017_100pct_1104C,"Table 7 (NCA; 100% SOC row with Tcr 190.3 °C, Tmax 1104.5 °C; data from [70])",0,1,0,0
1068,226,https://doi.org/10.1016/j.est.2021.102888,8,NCA_Golubkov2015_100pct_904C,"Table 7 (NCA; 100% SOC row with Tmax 904 °C, max rate 40000 °C/min; data from [71])",0,1,0,0
1069,226,https://doi.org/10.1016/j.est.2021.102888,9,LFP_Lu2013_3p6V_243C,"Table 8 (LFP; 3.6 V row with Tonset 199.9 °C, Tmax 243.2 °C; data from [62])",0,1,0,0
1070,226,https://doi.org/10.1016/j.est.2021.102888,10,LFP_Said2020_100pct_N2,Table 8 (LFP; 100% SOC row annotated 'a' N2 backing gas; data from [40]),0,1,0,0
1071,226,https://doi.org/10.1016/j.est.2021.102888,11,LFP_Said2020_100pct_Air,Table 8 (LFP; 100% SOC row annotated 'b' air backing gas; data from [40]),0,1,0,0
1072,226,https://doi.org/10.1016/j.est.2021.102888,12,LMO_Lei2017_100pct_581C,"Table 5 (LMO; 100% SOC row with Tcr 220 °C, Tmax 581 °C; data from [64])",0,1,0,0
1073,226,https://doi.org/10.1016/j.est.2021.102888,13,LCO_Lu2013_4p2V_370C,Table 4 (LCO; 4.2 V row with Tmax 370.0 °C; data from [62]),0,1,0,0
1074,227,https://doi.org/10.1016/j.est.2021.103557,1,Module_FR-CPCM-4,Section 3.5; Fig. 8(a) and 8(c),1,0,0,0
1075,227,https://doi.org/10.1016/j.est.2021.103557,2,Module_NoBarrier,Section 3.5; Fig. 8(b) and 8(d),1,0,0,0
1076,228,https://doi.org/10.1016/j.est.2021.103640,1,Ext_N2_100SOC_125W,"Fig. 7 (top), Fig. 8 (left), Fig. 11 (left); Sections 2.2 and 3.2–3.3",0,0,0,0
1077,228,https://doi.org/10.1016/j.est.2021.103640,2,Ext_N2_0SOC_125W,Fig. 10 (left); Fig. 9 (top) (venting-time trends); Section 3.3,1,0,0,0
1078,229,https://doi.org/10.1016/j.est.2021.103759,1,SOC_0,Table 3; Fig. 3; Sections 2.1–2.2,0,1,0,0
1079,229,https://doi.org/10.1016/j.est.2021.103759,2,SOC_25,Table 3; Fig. 3; Section 2.2 discussion,1,1,0,0
1080,229,https://doi.org/10.1016/j.est.2021.103759,3,SOC_50,Table 3; Fig. 3; Section 2.2 discussion,1,1,0,0
1081,229,https://doi.org/10.1016/j.est.2021.103759,4,SOC_75,Table 3; Fig. 3; Section 2.2 discussion,1,1,0,0
1082,229,https://doi.org/10.1016/j.est.2021.103759,5,SOC_100,Table 3; Fig. 3; Section 2.2 discussion,1,1,0,0
1083,230,https://doi.org/10.1016/j.est.2021.103767,1,CaseStudy_ExternalHeating_400W_300C,Section 5.2 (Case study); Table 9; Table 11,1,1,0,0
1084,231,https://doi.org/10.1016/j.est.2022.104002,1,Exp1_NoEnclosure,"Table 1 (tonset & Tonset), Table 2 (Tmax), Table 3 (TIRmax for Cell1), Table 4 (D1→2, D2→3), Fig. 1 (setup), Fig. 6a (surface temperatures), Fig. 10a–b (heat flux)",0,1,0,0
1085,231,https://doi.org/10.1016/j.est.2022.104002,2,Exp2_NoEnclosure,"Table 1 (tonset & Tonset), Table 2 (Tmax), Table 3 (TIRmax for Cell1), Table 4 (D1→2, D2→3), Table 7 (jet fire Cell3), Fig. 6a, Fig. 10b–c",0,1,0,0
1086,231,https://doi.org/10.1016/j.est.2022.104002,3,Exp3_NoEnclosure,"Table 1 (tonset & Tonset), Table 2 (Tmax), Table 3 (TIRmax for Cell1), Table 4 (D1→2, D2→3), Table 7 (jet fires on all cells), Fig. 3c, Fig. 9 (jet temperatures), Fig. 10c",0,1,0,0
1087,231,https://doi.org/10.1016/j.est.2022.104002,4,Exp4_Enclosure,"Table 1 (tonset & Tonset), Table 2 (Tmax), Table 3 (TIRmax for Cell1), Table 4 (D1→2, D2→3), Fig. 2 (enclosure setup), Fig. 6b (surface temps), Fig. 8 (wall temperatures), Fig. 10d (heat flux)",0,1,0,0
1088,231,https://doi.org/10.1016/j.est.2022.104002,5,Exp5_Enclosure,"Table 1 (tonset & Tonset), Table 2 (Tmax), Table 3 (TIRmax for Cell1), Table 4 (D1→2, D2→3), Table 7 (venting with sparks), Fig. 6b, Fig. 10e",0,1,0,0
1089,231,https://doi.org/10.1016/j.est.2022.104002,6,Exp6_Enclosure,"Table 1 (tonset & Tonset), Table 2 (Tmax), Table 3 (TIRmax for Cell1), Table 4 (D1→2, D2→3), Table 7 (jet fires on all cells), Fig. 3d, Fig. 8 (enclosure temperature with jet fire), Fig. 10f",0,1,0,0
1090,232,https://doi.org/10.1016/j.est.2022.104302,1,LFP_OpenCap_ARC,"Characteristic temperatures: Fig. 3 (open-cap comparison), Section 3.1; temperature/pressure vs time: Fig. 2a; impact assessment: Fig. 9, Fig. 10b–d",1,0,0,0
1091,232,https://doi.org/10.1016/j.est.2022.104302,2,LMO_OpenCap_ARC,"Characteristic temperatures: Fig. 3 (open-cap comparison), Section 3.1; temperature/pressure vs time: Fig. 2b; impact assessment: Fig. 9, Fig. 10e–h",1,0,0,0
1092,232,https://doi.org/10.1016/j.est.2022.104302,3,NCM_OpenCap_ARC,"Characteristic temperatures: Fig. 3 (open-cap comparison), Section 3.1; temperature/pressure vs time: Fig. 2c; impact assessment: Fig. 9, Fig. 10i–l",1,0,0,0
1093,232,https://doi.org/10.1016/j.est.2022.104302,4,LFP_NoCap_ARC,Tonset and Tsc identification and pressure decomposition: Fig. 4a–b and Fig. 5a–b; discussion in Section 3.2,1,0,0,0
1094,232,https://doi.org/10.1016/j.est.2022.104302,5,LMO_NoCap_ARC,Tsc and gas-release context: Fig. 6 (Tsc ≈ 466 K; stage-B gas 0.042 mol) and Section 3.2; morphology/impact discussion: Fig. 10e–h,1,0,0,0
1095,232,https://doi.org/10.1016/j.est.2022.104302,6,NCM_NoCap_ARC,Tsc and stage-B gas (0.058 mol): Fig. 6; decomposition/mechanism discussion in Section 3.2; morphology/impact evidence: Fig. 10i–l,1,0,0,0
1096,233,https://doi.org/10.1016/j.est.2022.104322,1,HE2_2.4Cmin,"Sections 6, 6.1, 6.2; Fig. 5(a,b); Fig. 6; Fig. 7; Table 1",0,1,0,0
1097,233,https://doi.org/10.1016/j.est.2022.104322,2,HE2_3.6Cmin,"Sections 6, 6.1, 6.2; Fig. 5(a,b); Fig. 6; Fig. 7; Table 1",0,1,0,0
1098,233,https://doi.org/10.1016/j.est.2022.104322,3,HE2_4.8Cmin,"Sections 6, 6.1, 6.2; Fig. 5(a,b); Fig. 6; Fig. 7; Table 1",0,1,0,0
1099,233,https://doi.org/10.1016/j.est.2022.104322,4,HE2_4.8Cmin_repeat,"Sections 6, 6.1, 6.2; Fig. 5(a,b); Fig. 6; Fig. 7; Table 1",0,1,0,0
1100,234,https://doi.org/10.1016/j.est.2022.104870,1,FullCell_LateralHeating_6Ah,Fig. 7a–b and Section 3 (Full cell validation),1,0,0,0
1101,235,https://doi.org/10.1016/j.est.2022.105709,1,P1.0atm_SOC100,"Fig. 2a; Fig. 3a (temperature/time); Fig. 5 (TTR, Tv); Section 3.1",1,0,0,0
1102,235,https://doi.org/10.1016/j.est.2022.105709,2,P1.0atm_SOC30,Fig. 2b; Fig. 3b (temperature/time); Fig. 5 (Tv),0,0,0,0
1103,235,https://doi.org/10.1016/j.est.2022.105709,3,P0.6atm_SOC100,Fig. 4a (temperature and pressure); Fig. 5 (Tv); Section 3.2,1,0,0,0
1104,235,https://doi.org/10.1016/j.est.2022.105709,4,P0.6atm_SOC30,Fig. 4b; Section 3.2 (propagation timing); Fig. 5 (Tv),1,0,0,0
1105,235,https://doi.org/10.1016/j.est.2022.105709,5,P0.0atm_SOC100,"Fig. 4c; Fig. 5 (TTR, Tmax); Section 3.2",1,0,0,0
1106,235,https://doi.org/10.1016/j.est.2022.105709,6,P0.0atm_SOC30,Fig. 4d; Section 3.2; Fig. 5 (Tv),1,0,0,0
1107,236,https://doi.org/10.1016/j.est.2022.106024,1,Batt_1,Table 7 (Batt 1 metrics); Section 2.1.2 (definitions); Fig. 2(b) and Fig. 3 (setup and HWS),1,1,0,0
1108,236,https://doi.org/10.1016/j.est.2022.106024,2,Batt_2,"Table 7 (Batt 2 metrics); Section 2.1.2; Fig. 2(b), Fig. 3",1,1,0,0
1109,236,https://doi.org/10.1016/j.est.2022.106024,3,Batt_3,"Table 7 (Batt 3 metrics); Section 2.1.2; Fig. 2(b), Fig. 3",1,1,0,0
1110,236,https://doi.org/10.1016/j.est.2022.106024,4,Batt_4,"Table 7 (Batt 4 metrics); Section 2.1.2; Fig. 2(b), Fig. 3",1,1,0,0
1111,236,https://doi.org/10.1016/j.est.2022.106024,5,Batt_5,"Table 7 (Batt 5 metrics); Section 2.1.2; Fig. 2(b), Fig. 3",1,1,0,0
1112,236,https://doi.org/10.1016/j.est.2022.106024,6,Batt_6,"Table 7 (Batt 6 metrics); Section 2.1.2; Fig. 2(b), Fig. 3",1,1,0,0
1113,236,https://doi.org/10.1016/j.est.2022.106024,7,Batt_7,Table 7 (Batt 7 metrics); Fig. 6 and Fig. 8 (two-stage behavior); Section 2.1.2,1,1,0,0
1114,236,https://doi.org/10.1016/j.est.2022.106024,8,Batt_8,"Table 7 (Batt 8 metrics); Section 2.1.2; Fig. 2(b), Fig. 3",1,1,0,0
1115,236,https://doi.org/10.1016/j.est.2022.106024,9,Batt_9,"Table 7 (Batt 9 metrics); Section 2.1.2; Fig. 2(b), Fig. 3",1,1,0,0
1116,237,https://doi.org/10.1016/j.est.2022.106100,1,ARC_C-PI_Separator,Abstract; Fig. 5(c–d); Section 3.3,1,0,0,0
1117,237,https://doi.org/10.1016/j.est.2022.106100,2,ARC_PE_Separator_Control,Abstract; Fig. 5(e–f); Section 3.3; Fig. S13,1,0,0,0
1118,238,https://doi.org/10.1016/j.est.2022.106535,1,VentGas_N2Purge,Section 2.4 Experimental setup; Fig. 6; Section 3.1; Fig. 7,1,0,0,0
1119,238,https://doi.org/10.1016/j.est.2022.106535,2,Air_Burner_HRR,Section 2.4; Section 3.1 (Ignition occurred at about 208–240 °C); Fig. 6; narrative linked to Fig. 7,1,0,0,0
1120,239,https://doi.org/10.1016/j.est.2023.107133,1,Group_0_Blank,"Fig. 3a (temperature/voltage), Table 3 (maximum temperatures), Sections 2.2–2.5 (setup)",0,1,0,0
1121,239,https://doi.org/10.1016/j.est.2023.107133,2,Group_1_A_ex,"Table 2 (group definitions), Fig. 3b, Table 3 (max temperatures), Section 3 (agent mechanisms)",1,1,0,0
1122,239,https://doi.org/10.1016/j.est.2023.107133,3,Group_2_B_ex,"Section 4.1 (temperature/voltage timeline for group 2), Fig. 3c, Table 2 (group definitions), Table 3 (max temperatures)",1,1,0,0
1123,239,https://doi.org/10.1016/j.est.2023.107133,4,Group_3_C_ex,"Table 2 (group definitions), Fig. 3d, Table 3 (max temperatures), Section 3 (agent mechanisms), Section 4.1 (propagation times)",1,1,0,0
1124,239,https://doi.org/10.1016/j.est.2023.107133,5,Group_4_D_ex,"Table 2 (group definitions), Fig. 3e, Table 3 (max temperatures)",0,1,0,0
1125,239,https://doi.org/10.1016/j.est.2023.107133,6,Group_5_BX_ex,"Table 2 (group definitions), Fig. 3f, Table 3 (max temperatures), Section 3 (halogen + Sb synergy)",1,1,0,0
1126,239,https://doi.org/10.1016/j.est.2023.107133,7,Group_6_AB_ex,"Table 2 (group definitions), Fig. 3g, Table 3 (max temperatures)",0,1,0,0
1127,239,https://doi.org/10.1016/j.est.2023.107133,8,Group_7_B_in,"Table 2 (group definitions), Fig. 3h, Table 3 (max temperatures)",0,1,0,0
1128,239,https://doi.org/10.1016/j.est.2023.107133,9,Group_8_AB_in,"Table 2 (group definitions), Fig. 3i, Table 3 (max temperatures)",0,1,0,0
1129,240,10.1016/j.est.2023.107175,1,LFP_SOC33_HF30,,0,0,0,0
1130,240,10.1016/j.est.2023.107175,2,LFP_SOC66_HF30,,0,0,0,0
1131,240,10.1016/j.est.2023.107175,3,LFP_SOC100_HF30,,0,0,0,0
1132,240,10.1016/j.est.2023.107175,4,LFP_SOC33_HF45,,0,0,0,0
1133,240,10.1016/j.est.2023.107175,5,LFP_SOC66_HF45,,0,0,0,0
1134,240,10.1016/j.est.2023.107175,6,LFP_SOC100_HF45,,0,0,0,0
1135,240,10.1016/j.est.2023.107175,7,LFP_SOC33_HF60,,0,0,0,0
1136,240,10.1016/j.est.2023.107175,8,LFP_SOC66_HF60,,0,0,0,0
1137,240,10.1016/j.est.2023.107175,9,LFP_SOC100_HF60,,0,0,0,0
1138,240,10.1016/j.est.2023.107175,10,LCO_SOC33_HF30,,0,0,0,0
1139,240,10.1016/j.est.2023.107175,11,LCO_SOC66_HF30,,0,0,0,0
1140,240,10.1016/j.est.2023.107175,12,LCO_SOC100_HF30,,0,0,0,0
1141,240,10.1016/j.est.2023.107175,13,LCO_SOC33_HF45,,0,0,0,0
1142,240,10.1016/j.est.2023.107175,14,LCO_SOC66_HF45,,0,0,0,0
1143,240,10.1016/j.est.2023.107175,15,LCO_SOC100_HF45,,0,0,0,0
1144,240,10.1016/j.est.2023.107175,16,LCO_SOC33_HF60,,0,0,0,0
1145,240,10.1016/j.est.2023.107175,17,LCO_SOC66_HF60,,0,0,0,0
1146,240,10.1016/j.est.2023.107175,18,LCO_SOC100_HF60,,0,0,0,0
1147,240,10.1016/j.est.2023.107175,19,NMC111_SOC33_HF30,,0,0,0,0
1148,240,10.1016/j.est.2023.107175,20,NMC111_SOC66_HF30,,0,0,0,0
1149,240,10.1016/j.est.2023.107175,21,NMC111_SOC100_HF30,,0,0,0,0
1150,240,10.1016/j.est.2023.107175,22,NMC111_SOC33_HF45,,0,0,0,0
1151,240,10.1016/j.est.2023.107175,23,NMC111_SOC66_HF45,,0,0,0,0
1152,240,10.1016/j.est.2023.107175,24,NMC111_SOC100_HF45,,0,0,0,0
1153,240,10.1016/j.est.2023.107175,25,NMC111_SOC33_HF60,,0,0,0,0
1154,240,10.1016/j.est.2023.107175,26,NMC111_SOC66_HF60,,0,0,0,0
1155,240,10.1016/j.est.2023.107175,27,NMC111_SOC100_HF60,,0,0,0,0
1156,241,https://doi.org/10.1016/j.est.2023.107231,1,ARC_Control_LB301,Figure 6b–c; Section 2.5 (ARC experiment),1,0,1,0
1157,241,https://doi.org/10.1016/j.est.2023.107231,2,ARC_TMP_PPpackage,Figure 6b–c; Section 2.5 (ARC experiment) and Section 2.1–2.2 (PP package function),1,0,1,0
1158,242,https://doi.org/10.1016/j.est.2023.107451,1,SOH_80,"Section 2.1.2; Fig. 3(a,b); Table 3",1,1,0,0
1159,242,https://doi.org/10.1016/j.est.2023.107451,2,SOH_85,Section 2.1.2; Fig. 3(c–f); Table 3,1,1,0,0
1160,242,https://doi.org/10.1016/j.est.2023.107451,3,SOH_90,Section 2.1.2; Fig. 3(c–f); Table 3,1,1,0,0
1161,242,https://doi.org/10.1016/j.est.2023.107451,4,SOH_95,Section 2.1.2; Fig. 3(c–f); Table 3,1,1,0,0
1162,243,https://doi.org/10.1016/j.est.2023.108088,1,Propagating_Cell_ExternalHeating_C2C,"Results and Discussion; Fig. 1c (temperature trace), Fig. 2 (sidewall breach sequence), Fig. 3 (spatiotemporal mapping); text stating propagation at 147 s and 219 °C with max 710 °C.",0,0,0,0
1163,244,https://doi.org/10.1016/j.est.2023.108381,1,NoPad_Baseline,Fig. 9A; Section 3.4,1,0,0,0
1164,244,https://doi.org/10.1016/j.est.2023.108381,2,Pad1_SiliconeRubber_APP,Fig. 8D; Fig. 9B; Fig. 10A; Sections 3.4–3.5,0,0,0,0
1165,244,https://doi.org/10.1016/j.est.2023.108381,3,Pad2_PMMA_APP_ZnO_GlassFiber,Fig. 10B; Section 3.5,1,0,0,0
1166,244,https://doi.org/10.1016/j.est.2023.108381,4,Pad3_EVA_APP_ZnO_AlOH3_ExpandedGraphite_VermiculiteGF,Fig. 6C–G; Fig. 7A; Fig. 10C; Section 3.5,1,0,0,0
1167,244,https://doi.org/10.1016/j.est.2023.108381,5,Pad4_EVA_APP_ZnO_AlOH3_ExpandedGraphite_FlameproofCloth,Fig. 6D–H; Fig. 7B; Fig. 10D; Section 3.5,1,0,0,0
1168,245,https://doi.org/10.1016/j.est.2023.109178,1,Test1_50Ah_NoBarrier,"Figure 4a–b (temperature traces), Figure 5a (TR behavior), Figures 7–8 (squeeze path and wreckage), Sections 3.1–3.2",0,0,1,0
1169,245,https://doi.org/10.1016/j.est.2023.109178,2,Test2_153Ah_NoBarrier,"Figure 4c–d (temperature traces), Figure 5b (TR behavior), Figures 7–8, Sections 3.1–3.2",0,0,1,0
1170,245,https://doi.org/10.1016/j.est.2023.109178,3,Test3_50Ah_With3mmBarrier,"Figure 4e (temperature traces), Figure 5c (TR behavior), Figures 6–8 (morphology and mechanism), Sections 3.1–3.2",0,0,1,0
1171,245,https://doi.org/10.1016/j.est.2023.109178,4,Test4_153Ah_With3mmBarrier,"Figure 4f (temperature traces), Figure 5d (TR behavior), Figures 6–8 (morphology and mechanism), Sections 3.1–3.2",0,0,1,0
1172,246,https://doi.org/10.1016/j.est.2023.109367,1,Electrolyte_Only_Pyrolysis,Section 2.1–2.2 (setup) and Section 3.1.1–3.1.3; Fig. 2a–b; Fig. 4; Table 5,1,1,0,0
1173,246,https://doi.org/10.1016/j.est.2023.109367,2,SOC_0_Li1.0CoO2,Section 3.2.1–3.2.3; Table 6 mapping; Table 7; Fig. 7,1,1,0,0
1174,246,https://doi.org/10.1016/j.est.2023.109367,3,SOC_20_Li0.9CoO2,Section 3.2.2–3.2.3; Table 6; Table 7,1,1,0,0
1175,246,https://doi.org/10.1016/j.est.2023.109367,4,SOC_40_Li0.8CoO2,Section 3.2.2–3.2.3; Table 6; Table 7,1,1,0,0
1176,246,https://doi.org/10.1016/j.est.2023.109367,5,SOC_60_Li0.7CoO2,Fig. 6 (temperature dependence across SOC); Section 3.2.2,1,0,0,0
1177,246,https://doi.org/10.1016/j.est.2023.109367,6,SOC_80_Li0.6CoO2,"Fig. 5e–f (SOC trends), Fig. 6; Section 3.2.2",1,0,0,0
1178,246,https://doi.org/10.1016/j.est.2023.109367,7,SOC_100_Li0.5CoO2,"Fig. 5 (gas species vs SOC), Fig. 6 (turning point behavior), Table 7; Section 3.2.2–3.2.3",1,1,0,0
1179,247,https://doi.org/10.1016/j.est.2023.110041,1,Model_Pouch_NMC622_BottomHeating_1000W,"Section 3.1 (Validation; max temperature 635.8 °C, Fig. 4), Section 3.2 (local temperature evolution; Fig. 5–7; onset/abrupt rise around 190 °C), Sections 3.3–3.4 (reaction onsets and heat contributions; Figs. 8–11; combustion trigger at average 200 °C)",1,0,0,0
1180,248,https://doi.org/10.1016/j.est.2023.110201,1,SOC_120,Section 3.1; Fig. 3a (temperature/pressure/voltage evolution) and Fig. 4 (dT/dt); text stating temperature rises from ~450 K to ~700 K for SOC 120%,1,0,0,0
1181,248,https://doi.org/10.1016/j.est.2023.110201,2,SOC_30,Section 3.1; Fig. 3e and Fig. 4; text stating Tmax ~600 K and (dT/dt)max ~O(10^2) K/min for SOC 30%,1,0,0,0
1182,249,https://doi.org/10.1016/j.est.2024.110892,1,LFP_68Ah_50SOC,Fig. 12 and Section 5.1,1,0,0,0
1183,249,https://doi.org/10.1016/j.est.2024.110892,2,LFP_68Ah_75SOC,Fig. 12 and Section 5.1,1,0,0,0
1184,249,https://doi.org/10.1016/j.est.2024.110892,3,LFP_68Ah_100SOC,Fig. 12 and Section 5.1,1,0,0,0
1185,250,https://doi.org/10.1016/j.est.2024.111288,1,NMC_94Ah_Prismatic_50SOC_Overheating,"Section 2.3 (Toxicity), citing [77]",1,0,0,0
1186,250,https://doi.org/10.1016/j.est.2024.111288,2,NMC_94Ah_Prismatic_100SOC_Overheating,"Section 2.3 (Toxicity), citing [77]",1,0,0,0
1187,250,https://doi.org/10.1016/j.est.2024.111288,3,LFP_22Ah_LargeCell_0SOC_Overheating_NoTR,"Section 2.5 (Composition in relation to other factors) and Section 2.3 (Toxicity), citing [42]",1,0,0,0
1188,251,https://doi.org/10.1016/j.est.2024.111548,1,Canister_I,Table 2; Section 3.2.1; Fig. 4; Fig. 5,1,1,0,0
1189,251,https://doi.org/10.1016/j.est.2024.111548,2,Canister_II,Table 2; Section 3.2.1; Fig. 4; Fig. 5,1,1,0,0
1190,251,https://doi.org/10.1016/j.est.2024.111548,3,Canister_III,Table 2; Section 3.2.1; Fig. 4; Fig. 5,1,1,0,0
1191,252,https://doi.org/10.1016/j.est.2024.111744,1,Control_NoInsulation,"Section 3.2.1; Fig. 5 (state evolution), Fig. 6 (temperature curves and peak temperature)",1,0,0,0
1192,252,https://doi.org/10.1016/j.est.2024.111744,2,Aerogel_0.5mm,"Section 3.2.2; Fig. 7 (state changes), Fig. 8 (temperature responses)",1,0,0,0
1193,252,https://doi.org/10.1016/j.est.2024.111744,3,Aerogel_1mm,"Section 3.2.2; Fig. 7 (state changes), Fig. 8 (temperature responses)",1,0,0,0
1194,252,https://doi.org/10.1016/j.est.2024.111744,4,Aerogel_1.5mm,"Section 3.2.2; Fig. 7 (state changes), Fig. 8 (temperature responses)",1,0,0,0
1195,252,https://doi.org/10.1016/j.est.2024.111744,5,Aerogel_2mm,"Section 3.2.2 (blocking effect); Conclusions; Fig. 7–8 (no TR in Cell 2), Fig. 11 (heating power of Cell 2 ≈ 0.118 W)",1,0,0,0
1196,253,https://doi.org/10.1016/j.est.2024.111813,1,SC_LCO_Bottom_2000,"Fig. 4 (LCO), Section 5.1.1",1,0,0,0
1197,253,https://doi.org/10.1016/j.est.2024.111813,2,SC_LCO_Bottom_4000,"Fig. 4 (LCO), Section 5.1.1",1,0,0,0
1198,253,https://doi.org/10.1016/j.est.2024.111813,3,SC_LCO_Bottom_5000,"Fig. 4 (LCO), Section 5.1.1",1,0,0,0
1199,253,https://doi.org/10.1016/j.est.2024.111813,4,SC_LCO_Bottom_6000,"Fig. 4 (LCO), Section 5.1.1",1,0,0,0
1200,253,https://doi.org/10.1016/j.est.2024.111813,5,SC_LFP_Bottom_2000,"Fig. 5 (LFP), Section 5.1.1",1,0,0,0
1201,253,https://doi.org/10.1016/j.est.2024.111813,6,SC_LFP_Bottom_4000,"Fig. 5 (LFP), Section 5.1.1",1,0,0,0
1202,253,https://doi.org/10.1016/j.est.2024.111813,7,SC_LFP_Bottom_5000,"Fig. 5 (LFP), Section 5.1.1",1,0,0,0
1203,253,https://doi.org/10.1016/j.est.2024.111813,8,SC_LFP_Bottom_6000,"Fig. 5 (LFP), Section 5.1.1",1,0,0,0
1204,253,https://doi.org/10.1016/j.est.2024.111813,9,SC_NCA_Bottom_4000,"Fig. 6 (NCA), Section 5.1.1",1,0,0,0
1205,253,https://doi.org/10.1016/j.est.2024.111813,10,SC_NCA_Bottom_5000,"Fig. 6 (NCA), Section 5.1.1",1,0,0,0
1206,253,https://doi.org/10.1016/j.est.2024.111813,11,SC_NCA_Bottom_6000,"Fig. 6 (NCA), Section 5.1.1",1,0,0,0
1207,253,https://doi.org/10.1016/j.est.2024.111813,12,SC_NCA_Bottom10mm_2000,"Fig. 7, Section 5.1.2",1,0,0,0
1208,253,https://doi.org/10.1016/j.est.2024.111813,13,SC_NCA_Bottom10mm_5000,"Fig. 7, Section 5.1.2",1,0,0,0
1209,253,https://doi.org/10.1016/j.est.2024.111813,14,SC_NCA_Center10mm_2500,"Fig. 8, Section 5.1.2",1,0,0,0
1210,253,https://doi.org/10.1016/j.est.2024.111813,15,SC_NCA_Center10mm_5000,"Fig. 8, Section 5.1.2",1,0,0,0
1211,253,https://doi.org/10.1016/j.est.2024.111813,16,SC_NCA_Bottom5mm_3500,"Fig. 9, Section 5.1.2",1,0,0,0
1212,253,https://doi.org/10.1016/j.est.2024.111813,17,SC_NCA_Bottom5mm_7000,"Fig. 9, Section 5.1.2",1,0,0,0
1213,253,https://doi.org/10.1016/j.est.2024.111813,18,SC_NCA_Vertical5mm_6000,"Fig. 10, Section 5.1.2",1,0,0,0
1214,253,https://doi.org/10.1016/j.est.2024.111813,19,SC_NCA_Vertical5mm_8000,"Fig. 10, Section 5.1.2",1,0,0,0
1215,253,https://doi.org/10.1016/j.est.2024.111813,20,SC_NCA_Vertical5mm_10000,"Fig. 10, Section 5.1.2",1,0,0,0
1216,253,https://doi.org/10.1016/j.est.2024.111813,21,BP_NCA_SideHeating_2mm_7000,"Fig. 14, Section 5.2.1.2",1,0,0,0
1217,253,https://doi.org/10.1016/j.est.2024.111813,22,BP_NCA_SideHeating_4mm_7000,"Fig. 14, Section 5.2.1.2",1,0,0,0
1218,253,https://doi.org/10.1016/j.est.2024.111813,23,BP_NCA_SideHeating_6mm_7000,"Fig. 14, Section 5.2.1.2",1,0,0,0
1219,253,https://doi.org/10.1016/j.est.2024.111813,24,BP_NCA_SideHeating_8mm_7000,"Fig. 14, Section 5.2.1.2",1,0,0,0
1220,253,https://doi.org/10.1016/j.est.2024.111813,25,BP_NCA_SideHeating_2mm_10000,"Fig. 24 (row-wise comparison), Section 5.2.3",1,0,0,0
1221,254,https://doi.org/10.1016/j.est.2024.112393,1,Battery_I_Uncoated,Section 3.4 and Fig. 7b–7c,1,0,0,0
1222,254,https://doi.org/10.1016/j.est.2024.112393,2,Battery_I_Coated_AB_Microcapsules,Section 3.4 and Fig. 7c,1,0,0,0
1223,254,https://doi.org/10.1016/j.est.2024.112393,3,Battery_II_Uncoated,Section 3.4 and Fig. 7d,1,0,0,0
1224,254,https://doi.org/10.1016/j.est.2024.112393,4,Battery_II_Coated_AB_Microcapsules,Section 3.4 and Fig. 7d,1,0,0,0
1225,255,https://doi.org/10.1016/j.est.2024.112624,1,LCO_ARC_[136],"Table 3 (heat abuse, LCO, Ref. [136])",0,1,0,0
1226,255,https://doi.org/10.1016/j.est.2024.112624,2,LCO_ARC_[137],"Table 3 (heat abuse, LCO, Ref. [137])",0,1,0,0
1227,255,https://doi.org/10.1016/j.est.2024.112624,3,LCO_HeatAbuse_[138],"Table 3 (heat abuse, LCO, Ref. [138])",0,1,0,0
1228,255,https://doi.org/10.1016/j.est.2024.112624,4,LMO_HeatAbuse_[138],"Table 3 (heat abuse, LMO, Ref. [138])",0,1,0,0
1229,255,https://doi.org/10.1016/j.est.2024.112624,5,LMO_ARC_18650_[139],"Table 3 (heat abuse, LMO, Ref. [139])",0,1,0,0
1230,255,https://doi.org/10.1016/j.est.2024.112624,6,LFP_ARC_18650_[139],"Table 3 (heat abuse, LFP, Ref. [139])",0,1,0,0
1231,255,https://doi.org/10.1016/j.est.2024.112624,7,LFP_HeatAbuse_[136],"Table 3 (heat abuse, LFP, Ref. [136])",0,1,0,0
1232,255,https://doi.org/10.1016/j.est.2024.112624,8,LFP_HeatAbuse_[140],"Table 3 (heat abuse, LFP, Ref. [140])",0,1,0,0
1233,255,https://doi.org/10.1016/j.est.2024.112624,9,NCM111_ARC_18650_[139],"Table 3 (heat abuse, NCM111, Ref. [139])",0,1,0,0
1234,255,https://doi.org/10.1016/j.est.2024.112624,10,NCM111_HeatAbuse_[141]_37Ah,"Table 3 (heat abuse, NCM111, Ref. [141])",0,1,0,0
1235,255,https://doi.org/10.1016/j.est.2024.112624,11,NCM111_HeatAbuse_[142]_38Ah,"Table 3 (heat abuse, NCM111, Ref. [142])",0,1,0,0
1236,255,https://doi.org/10.1016/j.est.2024.112624,12,NCM523_HeatAbuse_[141]_50Ah,"Table 3 (heat abuse, NCM523, Ref. [141])",0,1,0,0
1237,255,https://doi.org/10.1016/j.est.2024.112624,13,NCM622_HeatAbuse_[143]_1p2Ah,"Table 3 (heat abuse, NCM622, Ref. [143])",0,1,0,0
1238,255,https://doi.org/10.1016/j.est.2024.112624,14,NCM622_HeatAbuse_[141]_50Ah,"Table 3 (heat abuse, NCM622, Ref. [141])",0,1,0,0
1239,255,https://doi.org/10.1016/j.est.2024.112624,15,NCM811_HeatAbuse_[144]_78Ah,"Table 3 (heat abuse, NCM811, Ref. [144])",0,1,0,0
1240,255,https://doi.org/10.1016/j.est.2024.112624,16,NCA_HeatAbuse_[145]_3p5Ah_18650,"Table 3 (heat abuse, NCA, Ref. [145])",0,1,0,0
1241,255,https://doi.org/10.1016/j.est.2024.112624,17,NCA_HeatAbuse_[140]_3p3Ah,"Table 3 (heat abuse, NCA, Ref. [140])",0,1,0,0
1242,255,https://doi.org/10.1016/j.est.2024.112624,18,LFP_SPE_SSB_HeatAbuse_[108],"Table 3 (heat abuse, LPF(SPE), Ref. [108])",0,1,0,0
1243,255,https://doi.org/10.1016/j.est.2024.112624,19,NCM811_OSE_SSB_HeatAbuse_[112]_3Ah,"Table 3 (heat abuse, NCM811(OSE), Ref. [112])",0,1,0,0
1244,255,https://doi.org/10.1016/j.est.2024.112624,20,NCM811_SSB_HeatAbuse_[147]_3Ah,"Table 3 (heat abuse, NCM811 (SSB), Ref. [147])",0,1,0,0
1245,256,https://doi.org/10.1016/j.est.2024.112695,1,SoC_100,Section 2.4 (Thermal abuse test method); Fig. 2a; Section 3.2 (Thermal runaway),1,0,0,0
1246,256,https://doi.org/10.1016/j.est.2024.112695,2,SoC_75,Section 2.4 (Thermal abuse test method); Fig. 2b; Section 3.2 (Thermal runaway),1,0,0,0
1247,256,https://doi.org/10.1016/j.est.2024.112695,3,SoC_50,Section 2.4 (Thermal abuse test method); Fig. 2c; Section 3.2 (Thermal runaway),1,0,0,0
1248,257,https://doi.org/10.1016/j.est.2024.113076,1,Exp1_SingleCell,"Comparative analysis section; Table 3 (ttemp), Table 4 (Tfirst, TMax); Fig. 9–10",1,1,0,0
1249,257,https://doi.org/10.1016/j.est.2024.113076,2,Exp2_1P2S,"Section 2.5.1; Fig. 4 (force-voltage-temperature), Table 3 (ttemp), Table 4 (Tfirst, TMax)",1,1,0,0
1250,257,https://doi.org/10.1016/j.est.2024.113076,3,Exp3_1P4S,"Section 2.5.2; Fig. 5 (force-voltage-temperature), Fig. 13 (propagation mechanism), Table 3 (ttemp)",1,1,0,0
1251,257,https://doi.org/10.1016/j.est.2024.113076,4,Exp4_1P6S,"Section 2.5.3; Fig. 6 (force-voltage-temperature), Fig. 14 (propagation), Table 3 (ttemp), Table 4 (Tfirst, TMax)",1,1,0,0
1252,258,https://doi.org/10.1016/j.est.2024.113165,1,1Ah_SCNCM811_Conventional_Oven,Section 2.4 (Oven test) and Section 3.2; Fig. 3a,1,0,0,0
1253,258,https://doi.org/10.1016/j.est.2024.113165,2,1Ah_SCNCM811_FPN_Oven,Section 2.4 (Oven test) and Section 3.2; Fig. 3a,1,0,0,0
1254,259,https://doi.org/10.1016/j.est.2024.113377,1,TR_no_suppression,"Fig. 8, Fig. 9, Fig. S5; Section 3.2",1,0,0,0
1255,259,https://doi.org/10.1016/j.est.2024.113377,2,TR_prevention_DI_water,"Fig. 10a, Fig. 11a, Fig. 12a; Section 3.2",1,0,0,0
1256,259,https://doi.org/10.1016/j.est.2024.113377,3,TR_prevention_SSW,"Fig. 10b, Fig. 11b, Fig. 12b; Section 3.2",1,0,0,0
1257,259,https://doi.org/10.1016/j.est.2024.113377,4,TR_prevention_TapWater,Fig. S6; Section 3.2,1,0,0,0
1258,260,https://doi.org/10.1016/j.est.2024.114005,1,BTMS-1a,"Setup: Sec. 2.1, Table 2, Table 4; Results: Table 6 (propagation time), Fig. 11a",0,1,0,0
1259,260,https://doi.org/10.1016/j.est.2024.114005,2,BTMS-1b,"Setup: Sec. 2.1, Table 2, Table 4; Results: Table 6 (propagation time), Fig. 11b",0,1,0,0
1260,260,https://doi.org/10.1016/j.est.2024.114005,3,BTMS-1b*,"Setup: Sec. 3.2 text; Results: Table 6 (propagation time), Fig. 5 (trend of Ttr), Fig. 11c",0,1,0,0
1261,260,https://doi.org/10.1016/j.est.2024.114005,4,BTMS-1c,"Setup: Sec. 2.1, Table 2, Table 4; Results: Fig. 5 (Ttr = 1015.8 °C), Table 6 (propagation time), Fig. 11d",0,1,0,0
1262,260,https://doi.org/10.1016/j.est.2024.114005,5,BTMS-1c*,"Setup: Sec. 2.1, Table 2; Results: Fig. 5 (Ttr = 1165.9 °C), Table 6 (propagation time), Fig. 11f",0,1,0,0
1263,260,https://doi.org/10.1016/j.est.2024.114005,6,BTMS-3,"Setup: Sec. 2.1, Table 2; Results: Fig. 5 (Ttr = 913.5 °C), Table 6 (propagation time), Fig. 11g",0,1,0,0
1264,261,https://doi.org/10.1016/j.est.2024.114196,1,LFP_300Ah_ARC_100SOC,"Table 4 (TR parameters); Fig. 3–6 (temperature/pressure evolution); Section 3.1–3.3 (staging, definitions, mechanisms)",1,1,0,0
1265,262,https://doi.org/10.1016/j.est.2024.114693,1,Preload_200N,"Table 6 (T_SV, T_TR, t_SV, t_TR); Fig. 6 (TR stages), Fig. 7 (pressure/temperature rates)",0,1,0,0
1266,262,https://doi.org/10.1016/j.est.2024.114693,2,Preload_2000N,"Table 6 (T_SV, T_TR, t_SV, t_TR); Fig. 6 (delay between venting and TR), Fig. 7 (temperature/pressure evolution)",0,1,0,0
1267,262,https://doi.org/10.1016/j.est.2024.114693,3,Preload_4000N,"Table 6 (T_SV, T_TR, t_SV, t_TR); Fig. 6 (TR stages), Fig. 7 (two-peak dT/dt profile and pressure-rate behavior)",0,1,0,0
1268,263,10.1016/j.est.2024.114697,1,ModelA_Cell5_TR,,0,0,0,0
1269,263,10.1016/j.est.2024.114697,2,ModelA_Cell2_TR,,0,0,0,0
1270,263,10.1016/j.est.2024.114697,3,ModelA_Cell8_TR,,0,0,0,0
1271,263,10.1016/j.est.2024.114697,4,ModelE_Cell5_TR,,0,0,0,0
1272,263,10.1016/j.est.2024.114697,5,ModelE_Cell2_NoTR,,0,0,0,0
1273,263,10.1016/j.est.2024.114697,6,ModelE_Cell8_NoTR,,0,0,0,0
1274,264,https://doi.org/10.1016/j.est.2024.114964,1,No.1_NCM532_Pristmatic_Liquid,Table 2; Fig. 2; Section 2.3,1,1,0,0
1275,264,https://doi.org/10.1016/j.est.2024.114964,2,No.2_NCM532_Pouch_Liquid,Table 2; Fig. 2; Section 2.3,1,1,0,0
1276,264,https://doi.org/10.1016/j.est.2024.114964,3,No.3_NCM622_Pristmatic_Liquid,Table 2; Fig. 3; Section 2.3,1,1,0,0
1277,264,https://doi.org/10.1016/j.est.2024.114964,4,No.4_NCM811_Pristmatic_Liquid,Table 2; Fig. 4; Section 2.3,1,1,0,0
1278,264,https://doi.org/10.1016/j.est.2024.114964,5,No.5_NCM811_Pouch_Liquid,Table 2; Fig. 4; Section 2.3,1,1,0,0
1279,264,https://doi.org/10.1016/j.est.2024.114964,6,No.6_NCM90505_Pristmatic_Liquid,Table 2; Fig. 5; Section 2.3,1,1,0,0
1280,264,https://doi.org/10.1016/j.est.2024.114964,7,No.7_NCM90505_Pouch_Liquid,Table 2; Fig. 5; Section 2.3,1,1,0,0
1281,264,https://doi.org/10.1016/j.est.2024.114964,8,No.8_NCM622_LiMetal_Pouch_SemiSolid,Table 2; Fig. 6; Section 2.3,1,1,0,0
1282,264,https://doi.org/10.1016/j.est.2024.114964,9,No.9_NCM622_LiMetal_Pouch_SemiSolid,Table 2; Fig. 6; Section 2.3,1,1,0,0
1283,265,https://doi.org/10.1016/j.est.2024.115042,1,A-1,"Table 2 (A-1), Fig. 4, Sections 2.1–2.2 and 4.1",0,1,0,0
1284,265,https://doi.org/10.1016/j.est.2024.115042,2,A-2,"Table 2 (A-2), Fig. 4, Sections 2.2 and 4.1",0,1,0,0
1285,265,https://doi.org/10.1016/j.est.2024.115042,3,A-3,"Table 2 (A-3), Fig. 4, Sections 2.2 and 4.1",0,1,0,0
1286,265,https://doi.org/10.1016/j.est.2024.115042,4,A-4,"Table 2 (A-4), Fig. 4, Sections 2.2 and 4.1",0,1,0,0
1287,265,https://doi.org/10.1016/j.est.2024.115042,5,B-1,"Table 2 (B-1), Fig. 5a, Sections 2.2 and 4.2",0,1,0,0
1288,265,https://doi.org/10.1016/j.est.2024.115042,6,B-2,"Table 2 (B-2), Fig. 5a, Sections 2.2 and 4.2",0,1,0,0
1289,265,https://doi.org/10.1016/j.est.2024.115042,7,B-3,"Table 2 (B-3), Fig. 5a, Sections 2.2 and 4.2",0,1,0,0
1290,265,https://doi.org/10.1016/j.est.2024.115042,8,C-1,"Table 2 (C-1), Fig. 9a, Sections 2.2 and 4.3",0,1,0,0
1291,265,https://doi.org/10.1016/j.est.2024.115042,9,C-2,"Table 2 (C-2), Fig. 9a, Sections 2.2 and 4.3",0,1,0,0
1292,265,https://doi.org/10.1016/j.est.2024.115042,10,C-3,"Table 2 (C-3), Sections 2.2 and 4.3",0,1,0,0
1293,266,https://doi.org/10.1016/j.est.2024.115085,1,NCM_ExternalHeating,"Figure 8a,b; Table 3; Section 3.3.1",1,1,1,0
1294,266,https://doi.org/10.1016/j.est.2024.115085,2,LFP_ExternalHeating,"Figure 9a,b; Table 3; Section 3.3.2",1,1,1,0
1295,267,https://doi.org/10.1016/j.est.2024.115098,1,HP_400W,Fig. 3(a) and Fig. 3(d) for timing; Fig. 5(d) for peak jet velocity and internal TRP velocity; Section 2.2 for setup; Section 3.1–3.3 and Conclusions (4). Peak jet velocity 21 ± 1.17 m/s and vTR 0.339 ± 0.013 mm/s are reported in Fig. 5(d).,1,0,0,0
1296,267,https://doi.org/10.1016/j.est.2024.115098,2,HP_1000W,Fig. 3(c) and Fig. 3(d) for timing; Section 3.1 for ΔtSV–TR trend; Conclusions (1) for time-to-TR numeric value; Section 2.2 for setup.,1,0,0,0
1297,268,https://doi.org/10.1016/j.est.2025.115488,1,Fresh_ARC,Table 4; Fig. 8; Section 3.3,1,1,0,0
1298,268,https://doi.org/10.1016/j.est.2025.115488,2,Aged96kPa_ARC,Table 4; Fig. 8; Section 3.3,1,1,0,0
1299,268,https://doi.org/10.1016/j.est.2025.115488,3,Aged20kPa_ARC,Table 4; Fig. 8; Fig. 9; Fig. 10a; Section 3.3,1,1,0,0
1300,269,https://doi.org/10.1016/j.est.2025.115780,1,Baseline_0SOC,Section 3.1; Fig. 2; Table 2,1,1,0,0
1301,269,https://doi.org/10.1016/j.est.2025.115780,2,Baseline_50SOC,Section 3.1; Fig. 2; Table 2,1,1,0,0
1302,269,https://doi.org/10.1016/j.est.2025.115780,3,Baseline_100SOC,Section 3.1; Fig. 2; Table 2,1,1,0,0
1303,269,https://doi.org/10.1016/j.est.2025.115780,4,Suppression_PureWaterMist_100SOC,Section 3.2; Fig. 3; Table 3,1,1,0,0
1304,269,https://doi.org/10.1016/j.est.2025.115780,5,Suppression_Tween20_75ppm_100SOC,Section 3.2; Fig. 3; Table 3,1,1,0,0
1305,269,https://doi.org/10.1016/j.est.2025.115780,6,Suppression_Silok2235_600ppm_100SOC,Section 3.2; Fig. 3; Table 3; Fig. 4,1,1,0,0
1306,269,https://doi.org/10.1016/j.est.2025.115780,7,Suppression_FC7430_200ppm_100SOC,Section 3.2; Fig. 3; Table 3; Fig. 4,1,1,0,0
1307,269,https://doi.org/10.1016/j.est.2025.115780,8,Suppression_TX100_200ppm_100SOC,Section 3.2; Fig. 3; Table 3; Fig. 4,1,1,0,0
1308,269,https://doi.org/10.1016/j.est.2025.115780,9,Suppression_CQDs_1200ppm_100SOC,Section 3.3; Fig. 5; Fig. 6,1,0,0,0
1309,269,https://doi.org/10.1016/j.est.2025.115780,10,Suppression_Composite_Silok2235_600ppm_CQDs_1200ppm_100SOC,Section 3.4; Table 4; Fig. 7,1,1,0,0
1310,269,https://doi.org/10.1016/j.est.2025.115780,11,Suppression_Composite_Tween20_75ppm_CQDs_1200ppm_100SOC,Section 3.4; Table 4; Fig. 7,1,1,0,0
1311,270,https://doi.org/10.1016/j.est.2025.115897,1,Zhao_94W_18650,Section 2.5; Fig. 2(b)-(c),1,0,0,0
1312,271,https://doi.org/10.1016/j.est.2025.116066,1,ARC_Test_1,"Table 3; Fig. 4a,d; Section 4.1.1",1,1,0,0
1313,271,https://doi.org/10.1016/j.est.2025.116066,2,ARC_Test_2,"Table 3; Fig. 4b,e; Section 4.1.1",1,1,0,0
1314,271,https://doi.org/10.1016/j.est.2025.116066,3,ARC_Test_3,"Table 3; Fig. 4c,f and Fig. 5; Section 4.1.1",1,1,0,0
1315,272,https://doi.org/10.1016/j.est.2025.116154,1,Single_Sp1,Section 4.1; Fig. 5; Table 1; Table 4,1,1,0,0
1316,272,https://doi.org/10.1016/j.est.2025.116154,2,Single_Sp2,Section 4.1; Fig. 5; Table 1; Table 4,1,1,0,0
1317,272,https://doi.org/10.1016/j.est.2025.116154,3,Single_Sp3,Section 4.1; Fig. 5; Table 1; Table 4,1,1,0,0
1318,272,https://doi.org/10.1016/j.est.2025.116154,4,Prop_Sp1_Cell2,Section 4.2; Fig. 6a–b,1,0,0,0
1319,272,https://doi.org/10.1016/j.est.2025.116154,5,Prop_Sp3_Cell2,Section 4.2; Fig. 6a–b,1,0,0,0
1320,273,https://doi.org/10.1016/j.est.2025.116358,1,Test1_Overheating_LiquidImmersion,"Section 3.1.1; Fig. 4b; Table 3 (safety venting time noted, no TR); Table 4 (Overheating with cooling: no TR)",1,1,0,0
1321,273,https://doi.org/10.1016/j.est.2025.116358,2,Test2_Overheating_Air,Section 3.1.1; Fig. 4a (temperature/voltage profiles with Tmax=471.7 °C and max dT/dt=4.4 °C/s); Table 3 (safety vent at 27 min 39 s; TR onset at 34 min 6 s); Table 4,1,1,0,0
1322,274,https://doi.org/10.1016/j.est.2025.116548,1,Test_1_Control,Fig. 2; Section 3.1; Table 2,1,1,0,0
1323,274,https://doi.org/10.1016/j.est.2025.116548,2,Test_2_CPCM_3mm,Fig. 3a; Section 3.1; Table 2,1,1,0,0
1324,274,https://doi.org/10.1016/j.est.2025.116548,3,Test_3_CPCM_2mm,Fig. 3b; Section 3.1; Table 2,1,1,0,0
1325,274,https://doi.org/10.1016/j.est.2025.116548,4,Test_4_Aerogel_3mm,Fig. 4a; Section 3.2; Table 2,1,1,0,0
1326,274,https://doi.org/10.1016/j.est.2025.116548,5,Test_5_Aerogel_2mm,Fig. 4b; Section 3.2; Table 2,1,1,0,0
1327,274,https://doi.org/10.1016/j.est.2025.116548,6,Test_6_Brick_Module,Fig. 5; Section 3.3; Table 2,1,1,0,0
1328,275,https://doi.org/10.1016/j.est.2025.116748,1,Z0-2_SOC0,Fig. 13 (temperature-time under Z0–2; SOC 0%),0,0,0,0
1329,275,https://doi.org/10.1016/j.est.2025.116748,2,Z0-2_SOC50,Fig. 13 (temperature-time under Z0–2; SOC 50%),0,0,0,0
1330,275,https://doi.org/10.1016/j.est.2025.116748,3,Z0-2_SOC75,Table 4 (Z0–2 at SOC 75%),0,1,0,0
1331,275,https://doi.org/10.1016/j.est.2025.116748,4,Z0-2_SOC100,Fig. 13 (temperature-time under Z0–2; SOC 100%),0,0,0,0
1332,275,https://doi.org/10.1016/j.est.2025.116748,5,Z5-1_SOC75,Table 4 (Z5–1 at SOC 75%),0,1,0,0
1333,275,https://doi.org/10.1016/j.est.2025.116748,6,Z1-2_SOC75,Table 4 (Z1–2 at SOC 75%),0,1,0,0
1334,275,https://doi.org/10.1016/j.est.2025.116748,7,Z2-2_SOC75,Table 4 (Z2–2 at SOC 75%),0,1,0,0
1335,275,https://doi.org/10.1016/j.est.2025.116748,8,Z3-2_SOC75,Table 4 (Z3–2 at SOC 75%),0,1,0,0
1336,275,https://doi.org/10.1016/j.est.2025.116748,9,Z4-2_SOC75,Table 4 (Z4–2 at SOC 75%),0,1,0,0
1337,275,https://doi.org/10.1016/j.est.2025.116748,10,Z5-2_SOC75,Table 4 (Z5–2 at SOC 75%),0,1,0,0
1338,275,https://doi.org/10.1016/j.est.2025.116748,11,Z3-2_SOC100,Fig. 11–12; Fig. 14 (Z3–2 prevented TR at SOC 100%),0,0,0,0
1339,276,https://doi.org/10.1016/j.est.2025.116852,1,ARC_100SOH,Fig. 3a; Section 3.2,1,0,0,0
1340,276,https://doi.org/10.1016/j.est.2025.116852,2,ARC_90SOH,Fig. 3b–d; Section 3.2,1,0,0,0
1341,276,https://doi.org/10.1016/j.est.2025.116852,3,ARC_80SOH,Fig. 3b–d; Section 3.2,1,0,0,0
1342,276,https://doi.org/10.1016/j.est.2025.116852,4,ARC_70SOH,Fig. 3b–d; Fig. 5g; Section 3.2–3.3,1,0,0,0
1343,276,https://doi.org/10.1016/j.est.2025.116852,5,ARC_60SOH,Fig. 3b–d; Section 3.2,1,0,0,0
1344,277,https://doi.org/10.1016/j.est.2025.117220,1,OS_100_SOC,Table 3; Fig. 3a; Fig. 4a; Section 3.1.1–3.1.2,1,1,0,0
1345,277,https://doi.org/10.1016/j.est.2025.117220,2,OS_50_SOC,Table 3; Fig. 3a; Fig. 4a; Section 3.1.1–3.1.2,1,1,0,0
1346,277,https://doi.org/10.1016/j.est.2025.117220,3,SCS_100_SOC_open15x10,Table 3; Table 4; Fig. 3b; Fig. 4b; Fig. 7–10; Section 3.1–3.2,1,1,0,0
1347,277,https://doi.org/10.1016/j.est.2025.117220,4,SCS_50_SOC_open15x10,Table 3; Table 4; Fig. 3b; Fig. 4b; Fig. 7–10; Section 3.1–3.2,1,1,0,0
1348,277,https://doi.org/10.1016/j.est.2025.117220,5,SCS_75_SOC_open15x10,Table 4; Fig. 7–10; Section 3.2.1–3.2.3,1,1,0,0
1349,277,https://doi.org/10.1016/j.est.2025.117220,6,SCS_25_SOC_open15x10,Table 4; Fig. 7–10; Section 3.2.1–3.2.3,1,1,0,0
1350,278,https://doi.org/10.1016/j.est.2025.117272,1,Fresh_Baseline_Cell5,"Section 3 (Experimental results and analysis), Fig. 6; Conclusion paragraph",1,0,0,0
1351,278,https://doi.org/10.1016/j.est.2025.117272,2,RT_Cycled_Cells3_4,"Section 3 (Experimental results and analysis), Fig. 5 and Fig. 6; discussion on SEI and onset temperatures",1,0,0,0
1352,279,https://doi.org/10.1016/j.est.2025.117520,1,Case_1_ARC_SingleCell,Figure 2; Table 2; Section 3.1,1,1,1,0
1353,279,https://doi.org/10.1016/j.est.2025.117520,2,Case_2_Heater_Propagation_NoAgent,Figure 3; Figure 4; Table 2; Section 3.2,1,1,1,0
1354,279,https://doi.org/10.1016/j.est.2025.117520,3,Case_3_Heater_WaterSuppression,"Figure 7a,c; Figure 8a; Figure 9; Table 2; Section 3.3",1,1,1,0
1355,279,https://doi.org/10.1016/j.est.2025.117520,4,Case_4_Heater_PFC_Solution,"Figure 7b,d; Figure 8b,c; Figure 9; Figure 10; Table 2; Section 3.3",1,1,1,0
1356,280,https://doi.org/10.1016/j.est.2025.117848,1,SIB_50%SOC,Experimental setup: Fig. 2(a) and Section 2.3; Heating protocol: Section 2.3; TR metrics: Table 5; Steady-state chamber T and P after TR: Table 2; Gas composition (qualitative context): Table 3 and Fig. 5(a),1,1,0,0
1357,280,https://doi.org/10.1016/j.est.2025.117848,2,SIB_100%SOC,"TR time/temperature and rate: Fig. 3 (100% SOC SIB); TR metrics and gas production indices: Table 5; Steady-state chamber P and T: Table 2; Gas composition: Table 3 and Fig. 5(b); Experimental setup and heating: Fig. 2(a), Section 2.3",1,1,0,0
1358,280,https://doi.org/10.1016/j.est.2025.117848,3,SIB_110%SOC,"TR metrics and gas production indices: Table 5; Steady-state chamber T and P: Table 2; Gas composition: Table 3 and Fig. 5(c); Experimental setup and heating: Fig. 2(a), Section 2.3",1,1,0,0
1359,280,https://doi.org/10.1016/j.est.2025.117848,4,LFP_100%SOC,"Venting and TR temps: Fig. 3 (LFP 100% SOC); TR metrics and gas production indices: Table 5; Steady-state chamber T and P: Table 2; Gas composition: Table 3 and Fig. 5(d); Experimental setup and heating: Fig. 2(a), Section 2.3",1,1,0,0
1360,281,https://doi.org/10.1016/j.est.2025.118105,1,SOH_80_percent,Figure 2A–B and Section 2.3.1–2.3.2 (stage timings for 80% SOH); Table 2 (stage definitions and gas production),1,1,1,0
1361,282,https://doi.org/10.1016/j.est.2025.118171,1,SOH_100,Setup: Section 2.4 and Fig. 1; TR parameters: Table 1 and Fig. 14; multiparameter evolution: Fig. 13; voltage behavior: Fig. 16; gas profiles: Fig. 17.,1,1,0,0
1362,282,https://doi.org/10.1016/j.est.2025.118171,2,SOH_90,Setup: Section 2.4 and Fig. 1; TR parameters: Table 1 and Fig. 14; voltage timing: Fig. 16; multiparameter stages: Fig. 13; gases: Fig. 17.,1,1,0,0
1363,282,https://doi.org/10.1016/j.est.2025.118171,3,SOH_80,Setup: Section 2.4 and Fig. 1; TR parameters: Table 1 and Fig. 14; multiparameter evolution: Fig. 13; voltage: Fig. 16; gases: Fig. 17.,1,1,0,0
1364,282,https://doi.org/10.1016/j.est.2025.118171,4,SOH_70,Setup: Section 2.4 and Fig. 1; TR parameters: Table 1 and Fig. 14; voltage/ISC timing: Fig. 16; multiparameter and strain stages: Fig. 13 and Fig. 15; gas profiles: Fig. 17.,1,1,0,0
1365,283,https://doi.org/10.1016/j.est.2025.118238,1,ARC_Base_NCM811,Fig. 7a; Table 5 (Base arc),0,1,0,0
1366,283,https://doi.org/10.1016/j.est.2025.118238,2,ARC_Microcapsule_NCM811,Fig. 7b; Table 5 (Mp arc),0,1,0,0
1367,283,https://doi.org/10.1016/j.est.2025.118238,3,HotBox_NCM811_Base,Table 4 (Base of NCM811); Table 5 (Base hot box),0,1,0,0
1368,283,https://doi.org/10.1016/j.est.2025.118238,4,HotBox_NCM811_Microcapsule,Table 4 (Mp of NCM811); Table 5 (Mp hot box),0,1,0,0
1369,283,https://doi.org/10.1016/j.est.2025.118238,5,HotBox_NCM622_Base,Table 4 (Base of NCM622),0,1,0,0
1370,283,https://doi.org/10.1016/j.est.2025.118238,6,HotBox_NCM622_Microcapsule,Table 4 (Mp of NCM622),0,1,0,0
1371,283,https://doi.org/10.1016/j.est.2025.118238,7,HotBox_NCM90505_Base,Table 4 (Base of NCM90505),0,1,0,0
1372,283,https://doi.org/10.1016/j.est.2025.118238,8,HotBox_NCM90505_Microcapsule,Table 4 (Mp of NCM90505),0,1,0,0
1373,283,https://doi.org/10.1016/j.est.2025.118238,9,HotBox_Dose_0gAh,"Fig. 4a,b (0 g/Ah)",0,0,0,0
1374,283,https://doi.org/10.1016/j.est.2025.118238,10,HotBox_Dose_2gAh,"Fig. 4a,b (2 g/Ah)",0,0,0,0
1375,283,https://doi.org/10.1016/j.est.2025.118238,11,HotBox_Dose_4gAh,"Fig. 4a,b (4 g/Ah)",0,0,0,0
1376,283,https://doi.org/10.1016/j.est.2025.118238,12,HotBox_Dose_6gAh,"Fig. 4a,b (6 g/Ah)",0,0,0,0
1377,283,https://doi.org/10.1016/j.est.2025.118238,13,LateralHotPlate_Microcapsule,Fig. 9a; Table 5 (Mp lateral thermal abuse),0,1,0,0
1378,284,https://doi.org/10.1016/j.est.2025.118292,1,Test1_OM,"Fig. 3 (heater), Fig. 9 (TR timing), Section 2.2 and Section 3.1–3.2",1,0,0,0
1379,284,https://doi.org/10.1016/j.est.2025.118292,2,Test1_TM,Section 3.1; Fig. 15 (case temperatures); Section 3.3,1,0,0,0
1380,284,https://doi.org/10.1016/j.est.2025.118292,3,Test2_OM,"Fig. 9 (timing), Fig. 3 (heater), Section 3.1–3.2",1,0,0,0
1381,284,https://doi.org/10.1016/j.est.2025.118292,4,Test2_TM,"Section 3.1–3.4; Fig. 9 (timing), Fig. 16–17 (flame/HRR), Fig. 15 (case temps)",1,0,0,0
1382,284,https://doi.org/10.1016/j.est.2025.118292,5,Test3_OM,"Fig. 9 (timing), Section 3.2; Fig. 3 (heater)",1,0,0,0
1383,284,https://doi.org/10.1016/j.est.2025.118292,6,Test3_TM,"Section 3.1–3.4; Fig. 9 (timing), Fig. 16–17 (flame/HRR), Fig. 15 (case temps)",1,0,0,0
1384,285,https://doi.org/10.1016/j.est.2025.118294,1,Li6PS5Cl_FullyCharged_Heating,Figure 5a; text in Section 2.1.5 referencing [21],1,0,1,0
1385,286,https://doi.org/10.1016/j.est.2025.118515,1,NoPCM_0pctSOC,Fig. 12 (0% SOC) and Fig. 13a; Section 4.2,1,0,0,0
1386,286,https://doi.org/10.1016/j.est.2025.118515,2,NoPCM_50pctSOC,Fig. 12 (50% SOC) and Fig. 13b; Section 4.2,1,0,0,0
1387,286,https://doi.org/10.1016/j.est.2025.118515,3,NoPCM_100pctSOC,Fig. 12 (100% SOC) and Fig. 13c; Section 4.2,1,0,0,0
1388,286,https://doi.org/10.1016/j.est.2025.118515,4,PCM_5mm_100pctSOC,"Fig. 14b,f and Fig. 15a; Section 4.3",1,0,0,0
1389,286,https://doi.org/10.1016/j.est.2025.118515,5,PCM_10mm_100pctSOC,Fig. 14c–e and Fig. 15b; Abstract and Sections 4.1–4.3,0,0,0,0
1390,287,https://doi.org/10.1016/j.est.2025.118783,1,SIB_SOC100,"Table 2; Fig. 1a; Fig. 3a–b; Section 3.1; Figs. 4(a–d,a′–d′) and 5a",1,1,0,0
1391,287,https://doi.org/10.1016/j.est.2025.118783,2,SIB_SOC75,Table 2; Fig. 1b; Section 3.1,1,1,0,0
1392,287,https://doi.org/10.1016/j.est.2025.118783,3,SIB_SOC50,Table 2; Fig. 1c; Section 3.1,1,1,0,0
1393,287,https://doi.org/10.1016/j.est.2025.118783,4,LIB_SOC100,"Table 2; Fig. 2a; Fig. 3c–d; Section 3.1; Figs. 4(e–h,e′–h′) and 5b",1,1,0,0
1394,287,https://doi.org/10.1016/j.est.2025.118783,5,LIB_SOC75,Table 2; Fig. 2b; Section 3.1,1,1,0,0
1395,287,https://doi.org/10.1016/j.est.2025.118783,6,LIB_SOC50,Table 2; Fig. 2c; Section 3.1,1,1,0,0
1396,287,https://doi.org/10.1016/j.est.2025.118783,7,LIB_SOC25,Fig. 2d; Section 3.1; Table S1 (Supplementary),1,1,0,0
1397,287,https://doi.org/10.1016/j.est.2025.118783,8,LIB_SOC0,Fig. 2e; Section 3.1; Table S1 (Supplementary),1,1,0,0
1398,288,https://doi.org/10.1016/j.est.2025.118907,1,Test_1_High_CW_Lower,"Table 4; Section 3.1.1; Fig. 5a,g–i",1,1,0,0
1399,288,https://doi.org/10.1016/j.est.2025.118907,2,Test_2_High_CW_Centre,Table 4; Fig. 5b,0,1,0,0
1400,288,https://doi.org/10.1016/j.est.2025.118907,3,Test_3_High_CW_Upper,Table 4; Section 3.2.1; Fig. 5c,1,1,0,0
1401,288,https://doi.org/10.1016/j.est.2025.118907,4,Test_4_High_Mod_Lower,Table 4; Fig. 5d,0,1,0,0
1402,288,https://doi.org/10.1016/j.est.2025.118907,5,Test_5_High_Mod_Centre,Table 4; Fig. 5e; Fig. 6b,0,1,0,0
1403,288,https://doi.org/10.1016/j.est.2025.118907,6,Test_6_High_Mod_Upper,Table 4; Fig. 5f,0,1,0,0
1404,288,https://doi.org/10.1016/j.est.2025.118907,7,Test_7_70W_CW_Lower,"Table 5 (70 W set); Fig. 7a,g; Section 3.2.2",1,1,0,0
1405,288,https://doi.org/10.1016/j.est.2025.118907,8,Test_8_70W_CW_Centre,"Table 5 (70 W set); Fig. 7b,g; Section 3.2.2",1,1,0,0
1406,288,https://doi.org/10.1016/j.est.2025.118907,9,Test_9_70W_CW_Upper,"Table 5 (70 W set); Fig. 7c,g; Fig. 9a; Section 3.2.2",1,1,0,0
1407,288,https://doi.org/10.1016/j.est.2025.118907,10,Test_7_Repeat_50W_CW_Lower,"Table 5 (50 W CW repeat); Fig. 10a,d",0,1,0,0
1408,288,https://doi.org/10.1016/j.est.2025.118907,11,Test_8_Repeat_50W_CW_Centre,"Table 5 (50 W CW repeat); Fig. 10b,f",0,1,0,0
1409,288,https://doi.org/10.1016/j.est.2025.118907,12,Test_10_Med_Mod_Lower,Table 5; Fig. 7d; Fig. 9b,0,1,0,0
1410,288,https://doi.org/10.1016/j.est.2025.118907,13,Test_11_Med_Mod_Centre,Table 5; Fig. 7e,0,1,0,0
1411,288,https://doi.org/10.1016/j.est.2025.118907,14,Repeatability_80W_CW_Lower,"Fig. 11a,g (Cell #1); Section 4.4",1,0,0,0
1412,288,https://doi.org/10.1016/j.est.2025.118907,15,Repeatability_70W_CW_Lower,"Fig. 11b,g (Cell #2); Section 4.4",1,0,0,0
1413,288,https://doi.org/10.1016/j.est.2025.118907,16,Repeatability_65W_CW_Lower,"Fig. 11c,g (Cell #3); Section 4.4",1,0,0,0
1414,289,https://doi.org/10.1016/j.est.2025.119292,1,Pouch_NCM_100,Section 4.2 (comparison to nail penetration case); Fig. 4a narrative,1,0,0,0
1415,289,https://doi.org/10.1016/j.est.2025.119292,2,Pouch_NCM_40,Section 4.2 (pouch-cell safety ranking and induction period); Fig. 4a/4b narrative,1,0,0,0
1416,289,https://doi.org/10.1016/j.est.2025.119292,3,Cyl_NCM_100,Section 4.1; Fig. 4a/4b narrative (TR triggered at 225.3 °C; 93.3 s induction; Tmax 921.0 °C),1,0,0,0
1417,289,https://doi.org/10.1016/j.est.2025.119292,4,Cyl_NCM_75,Section 4.1; Fig. 4a narrative (Tmax 827.5 °C),1,0,0,0
1418,289,https://doi.org/10.1016/j.est.2025.119292,5,Cyl_NCM_50,Section 4.1 and 4.2; Fig. 4a narrative (Tmax 791.1 °C; extended post-reaction cooling discussed),1,0,0,0
1419,290,https://doi.org/10.1016/j.est.2025.119376,1,ARC_Sample_A,Fig. 6a; Table 4; Section 4 Results and discussion,1,1,0,0
1420,290,https://doi.org/10.1016/j.est.2025.119376,2,ARC_Sample_B,Fig. 6b; Table 4; Section 4 Results and discussion,1,1,0,0
1421,291,https://doi.org/10.1016/j.est.2025.119435,1,Immersion_0mm_SOC100,"Fig. 2 (explosion at ~713 s), Fig. 3(a,f) for temperature curve and peak dT/dt, Fig. 3(e) for Topen and topen; Section 3.1.1–3.1.2",1,0,0,0
1422,291,https://doi.org/10.1016/j.est.2025.119435,2,Immersion_25mm_SOC100,"Fig. 3(b,e,f) for temperature metrics; Fig. 5(b) for gas suppression; Section 3.1.2–3.1.3",1,0,0,0
1423,291,https://doi.org/10.1016/j.est.2025.119435,3,Immersion_45mm_SOC100,"Fig. 3(c,e,f) for thermal metrics; Fig. 5(b) for gas suppression; Section 3.1.2–3.1.3",1,0,0,0
1424,291,https://doi.org/10.1016/j.est.2025.119435,4,Immersion_75mm_SOC100,"Fig. 3(d,e,f) for thermal metrics and delays; Fig. 5(b) for complete EX elimination and HF suppression; Section 3.1.2–3.1.3",1,0,0,0
1425,291,https://doi.org/10.1016/j.est.2025.119435,5,SOC0_Immersion45mm,"Fig. 8(a,f) for Topen and post-vent temperature increase; Fig. 9(a,b,d) for gas and FED trends; Section 3.2.1–3.2.3",1,0,0,0
1426,291,https://doi.org/10.1016/j.est.2025.119435,6,SOC50_Immersion45mm,"Fig. 8(b,f) for Topen and temperature increase; Fig. 9(a,b,d) for gas and FED; Section 3.2.1–3.2.3",1,0,0,0
1427,292,https://doi.org/10.1016/j.est.2025.119449,1,Sim_Base_207mm,"Section 4.1; Fig. 4(b) (temperature), Fig. 5 (pressure/flow), Fig. 7–8 (PEEQ and deformation)",1,0,0,0
1428,292,https://doi.org/10.1016/j.est.2025.119449,2,Sim_JRpos_1p6mm,"Section 4.2; Fig. 9 (differential pressure trends vs JR position), Fig. 10 (PEEQ maps at 1.6 mm)",1,0,0,0
1429,292,https://doi.org/10.1016/j.est.2025.119449,3,Sim_JRpos_5p8mm,"Section 4.2; Fig. 9 (equilibrium positioning), Fig. 10 (reduced PEEQ at 5.8 mm)",1,0,0,0
1430,292,https://doi.org/10.1016/j.est.2025.119449,4,Sim_JRpos_10mm,"Section 4.2; Fig. 9 (pressure shift to top), Fig. 10 (PEEQ at 10 mm)",1,0,0,0
1431,292,https://doi.org/10.1016/j.est.2025.119449,5,Sim_Height_260mm,"Section 4.3; Fig. 11 (temperature/pressure vs height), Fig. 12 (PEEQ at 260 mm), qualitative comparison to experiment in Fig. 13",1,0,0,0
1432,292,https://doi.org/10.1016/j.est.2025.119449,6,Sim_Height_300mm,"Section 4.3; Fig. 11(a–c) (pressure and temperature vs height), Fig. 12 (PEEQ at 300 mm)",1,0,0,0
1433,293,https://doi.org/10.1016/j.est.2025.119718,1,ARC_SOC_100,"Fig. 1(a,b,c) and Table 2; Section 3.1.1",1,1,0,0
1434,293,https://doi.org/10.1016/j.est.2025.119718,2,ARC_SOC_75,"Fig. 1(a,b,c) and Table 2; Section 3.1.1",1,1,0,0
1435,293,https://doi.org/10.1016/j.est.2025.119718,3,ARC_SOC_50,"Fig. 1(a,b,c) and Table 2; Section 3.1.1",1,1,0,0
1436,293,https://doi.org/10.1016/j.est.2025.119718,4,ARC_SOC_25,"Fig. 1(a,b,c) and Table 2; Section 3.1.1",1,1,0,0
1437,294,https://doi.org/10.1016/j.ensm.2020.10.020,1,FullCell_Test_No_1_EV-ARC,"Table 1; Fig. 2(a,b); Fig. 3(a,b)",0,1,0,0
1438,294,https://doi.org/10.1016/j.ensm.2020.10.020,2,FullCell_Test_No_2_EV-ARC,"Table 1; Fig. 2; Fig. 3(c,d)",0,1,0,0
1439,294,https://doi.org/10.1016/j.ensm.2020.10.020,3,FullCell_Test_No_3_EV-ARC,"Table 1; Fig. 2; Fig. 3(e,f)",0,1,0,0
1440,294,https://doi.org/10.1016/j.ensm.2020.10.020,4,Partial_Cell_Ca-Ele_EV-ARC,"Table 4; Fig. 8(a,b)",0,1,0,0
1441,294,https://doi.org/10.1016/j.ensm.2020.10.020,5,Partial_Cell_An-Ele_EV-ARC,"Table 4; Fig. 8(a,b)",0,1,0,0
1442,294,https://doi.org/10.1016/j.ensm.2020.10.020,6,Partial_Cell_Ca-An_EV-ARC,"Table 4; Fig. 8(a,b)",0,1,0,0
1443,294,https://doi.org/10.1016/j.ensm.2020.10.020,7,LN_Ceased_TR_Prevention_EV_plus_ARC,Fig. 4(a–c); Fig. 7; Sections 3.2–3.3,0,0,0,0
1444,294,https://doi.org/10.1016/j.ensm.2020.10.020,8,Validation_21Ah_Bare_PE_EV-ARC,"Fig. 11(a,b)",0,0,0,0
1445,295,https://doi.org/10.1016/j.ensm.2021.04.035,1,Full_NMC811_ARC_31%EC,Fig. 1a (T1/T2/T3) and Section 2.1; Fig. 4b,1,0,0,0
1446,295,https://doi.org/10.1016/j.ensm.2021.04.035,2,Partial_CaEly_ARC,"Fig. 1a (T2 and dT/dt), Fig. 1c (Qtotal); Fig. 2a–c",0,0,0,0
1447,295,https://doi.org/10.1016/j.ensm.2021.04.035,3,Partial_CaAn_ARC,"Fig. 1a (T2 and dT/dt), Fig. 1c (Qtotal); Fig. 3a,b,d",0,0,0,0
1448,295,https://doi.org/10.1016/j.ensm.2021.04.035,4,Partial_AnEly_ARC,"Fig. 1a (T2 and dT/dt), Fig. 1b (relative heat contributions)",0,0,0,0
1449,295,https://doi.org/10.1016/j.ensm.2021.04.035,5,Full_NMC811_ARC_0%EC,Fig. 4c (DSC of Ca+An+Ely_0%EC) and Fig. 4d (ARC comparison); Section 2.4,1,0,0,0
1450,295,https://doi.org/10.1016/j.ensm.2021.04.035,6,Full_NMC532_ARC_31%EC,Fig. 4d; Section 2.4,1,0,0,0
1451,296,https://doi.org/10.1016/j.ensm.2024.103481,1,LE_SLP_500W_ExternalHeating,Figure 5e–f; Section 3.5 (External heating experiments of LE-SLP),1,0,1,0
1452,296,https://doi.org/10.1016/j.ensm.2024.103481,2,QSE_SLP_500W_ExternalHeating,Figure 5g–h and Section 3.5 (External heating experiments of QSE-SLP),1,0,1,0
1453,296,https://doi.org/10.1016/j.ensm.2024.103481,3,LE_DLP_ARC,Figure 6a–b and Section 3.6 (ARC results for LE-DLP),1,0,1,0
1454,296,https://doi.org/10.1016/j.ensm.2024.103481,4,QSE_DLP_ARC,Figure 6c–d and Section 3.6 (ARC results for QSE-DLP),1,0,1,0
1455,296,https://doi.org/10.1016/j.ensm.2024.103481,5,PDOL_QSE_DLP_ARC,Figure S12; Section 3.6 (ARC results for PDOL-DLP),1,0,1,0
1456,297,https://doi.org/10.1016/j.ensm.2024.103790,1,DSC_TGMS_3.3M-MU0.5,"Fig. 2c (DSC onset at 210.7 °C), Fig. 2e (TG-MS NH3 generation >210.4 °C), Fig. 2g–h (char layer and zero-SET flame test)",0,0,0,0
1457,297,https://doi.org/10.1016/j.ensm.2024.103790,2,TGMS_3.3M-MU0.95,Fig. 2f (TG-MS gas evolution for 3.3 M-MU0.95); narrative of flame test outcome in text,0,0,0,0
1458,297,https://doi.org/10.1016/j.ensm.2024.103790,3,DSC_3.3M-U0.5,Fig. 2c (DSC comparison showing lower heat absorption and higher peak temperature vs MU-based TRNE),0,0,0,0
1459,298,https://doi.org/10.1016/j.ensm.2025.104197,1,SOC_100,"Fig. 1b (setup), Fig. 2a (behavior), Fig. 3a–b and Table 2 (thermal parameters), Fig. 6a (gas temperature), Fig. 7a,d (gas velocity and vessel pressure)",0,1,0,0
1460,298,https://doi.org/10.1016/j.ensm.2025.104197,2,SOC_50,"Fig. 2b (behavior), Fig. 3c–d and Table 2 (thermal parameters), Fig. 6b (gas temperature), Fig. 7b,d (gas velocity and vessel pressure)",0,1,0,0
1461,298,https://doi.org/10.1016/j.ensm.2025.104197,3,SOC_0,"Fig. 2c (behavior), Fig. 3e–f and Table 2 (thermal parameters showing no TR), Fig. 6c (gas temperature), Fig. 7c,d (gas velocity and vessel pressure)",0,1,0,0
1462,299,https://doi.org/10.1016/j.ensm.2025.104223,1,LIB_ARC_2Ah_NCM811_SiOxC,Table 1 (Conventional LIB row),0,1,0,0
1463,299,https://doi.org/10.1016/j.ensm.2025.104223,2,Composite_ASSB_HotBox_1Ah_LATP_PEO,"Table 1, Ref. [30]",0,1,0,0
1464,299,https://doi.org/10.1016/j.ensm.2025.104223,3,Polymer_ASSB_ARC_PEO_LiTFSI_3pct_NH4PF6,"Table 1, Ref. [32]",0,1,0,0
1465,299,https://doi.org/10.1016/j.ensm.2025.104223,4,QuasiSSB_HotBox_0p28Ah_PVC_CPVC_GPE_LCO_Graphite,"Table 1, Ref. [33]",0,1,0,0
1466,299,https://doi.org/10.1016/j.ensm.2025.104223,5,QuasiSSB_ARC_2p2Ah_InSituPolymerized_Gel,"Table 1, Ref. [34]",0,1,0,0
1467,299,https://doi.org/10.1016/j.ensm.2025.104223,6,QuasiSSB_HotBox_2p2Ah_InSituPolymerized_Gel,"Table 1, Ref. [34]",0,1,0,0
1468,299,https://doi.org/10.1016/j.ensm.2025.104223,7,QuasiSSB_HotBox_111Ah_360Whkg,"Table 1, Refs. [12,35]",0,1,0,0
1469,299,https://doi.org/10.1016/j.ensm.2025.104223,8,Sulfide_ASSB_HotBox_Argyrodite_30Ah,"Table 1, Ref. [37]",0,1,0,0
1470,299,https://doi.org/10.1016/j.ensm.2025.104223,9,Sulfide_ASSB_HotBox_Li6PS5Cl_NCM90_1Ah,"Table 1, Ref. [38]",0,1,0,0
1471,299,https://doi.org/10.1016/j.ensm.2025.104223,10,LATP_Pellet_LiContact_ThermalTest,"Fig. 9c and Section 6 (summarizing Refs. [14], [28])",1,0,0,0
1472,299,https://doi.org/10.1016/j.ensm.2025.104223,11,LAGP_Pellet_HotStage_260C_WithHIL,Fig. 9d–e and Section 6 (summarizing Ref. [59]),1,0,0,0
1473,300,10.1016/j.ensm.2025.104313,1,Electrolyte_TubeFurnace,,0,0,0,0
1474,300,10.1016/j.ensm.2025.104313,2,LiPF6Salt_TubeFurnace,,0,0,0,0
1475,300,10.1016/j.ensm.2025.104313,3,Cathode_NMC811_WetDelithiated_TubeFurnace,,0,0,0,0
1476,300,10.1016/j.ensm.2025.104313,4,FullCoinCell_CR2032_100SOC_TubeFurnace,,0,0,0,0
1477,301,https://doi.org/10.1016/j.ensm.2025.104520,1,ARC_Adiabatic_Ar,"Fig. 2 (temperature profile T1/T2/T3), Fig. 3 (gas generation and pressure evolution), Section 3.1.1–3.1.2",1,0,0,0
1478,301,https://doi.org/10.1016/j.ensm.2025.104520,2,SingleCell_LateralHeating_GasExtraction_0.049MPa,"Fig. 7a–e (TR vs 0.049 MPa cases), Table 1 (single-cell TR weight loss rates)",0,1,0,0
1479,301,https://doi.org/10.1016/j.ensm.2025.104520,3,SingleCell_LateralHeating_GasExtraction_0.098MPa,"Fig. 7a–f (TR vs 0.098 MPa case; pressure/force profiles and debris), Table 1 (single-cell TR weight loss rates)",0,1,0,0
1480,301,https://doi.org/10.1016/j.ensm.2025.104520,4,Module4_TRP_GasExtraction_0.098MPa,"Fig. 8a–d (TRP vs 0.098 MPa mitigation; tonset and Tmax), Table 1 (TRP weight loss rates)",0,1,0,0
1481,302,https://doi.org/10.1016/j.tsep.2022.101301,1,LIB-18650_Module,Section 3.2.1–3.2.2; Fig. 3; Fig. 4; Fig. 5a–b,1,0,0,0
1482,303,https://doi.org/10.1016/j.tsep.2025.103985,1,LIB1_Heated_Baseline,"Section 3.1 (2.5C example), Fig. 6 (LIB-1 T_max ≈ 540 °C), Fig. 5 (t_r ≈ 1100 s)",1,0,0,0
1483,303,https://doi.org/10.1016/j.tsep.2025.103985,2,LIB2_Test1_0C,"Fig. 7 (LIB-2 T_r and T_max at 0C), Fig. 5 (Δ_tr), Section 3.1–3.2",1,0,0,0
1484,303,https://doi.org/10.1016/j.tsep.2025.103985,3,LIB2_Test2_1C,"Fig. 7 (LIB-2 T_r and T_max at 1C), Fig. 5 (Δ_tr), Section 3.2",1,0,0,0
1485,303,https://doi.org/10.1016/j.tsep.2025.103985,4,LIB2_Test3_2p5C,"Fig. 3 (timeline at 2.5C), Fig. 7 (LIB-2 T_r and T_max at 2.5C), Fig. 5 (Δ_tr), Section 3.1–3.2",1,0,0,0
1486,303,https://doi.org/10.1016/j.tsep.2025.103985,5,LIB2_Test4_5C,"Fig. 7 (LIB-2 T_r and T_max at 5C), Fig. 5 (Δ_tr), Section 3.2",1,0,0,0
1487,303,https://doi.org/10.1016/j.tsep.2025.103985,6,LIB2_Test5_7p5C,"Fig. 7 (LIB-2 T_r and T_max at 7.5C), Fig. 4(k)–(l) (absence of jet flame), Fig. 5 (Δ_tr), Section 3.2",1,0,0,0
1488,303,https://doi.org/10.1016/j.tsep.2025.103985,7,LIB2_Test6_10C,"Fig. 7 (LIB-2 T_r and T_max at 10C), Fig. 4(k)–(l) (absence of jet flame), Fig. 5 (Δ_tr), Section 3.2",1,0,0,0
1489,304,10.1016/j.tsep.2025.104427,1,Yuan_104_LFP_26650_ARC,,0,0,0,0
1490,304,10.1016/j.tsep.2025.104427,2,Wang_147_LFP_Cylindrical_Overheat,,0,0,0,0
1491,304,10.1016/j.tsep.2025.104427,3,Golubkov_141_LFP_18650_ARC,,0,0,0,0
1492,304,10.1016/j.tsep.2025.104427,4,Golubkov_142_NCA_18650_Overheat,,0,0,0,0
1493,304,10.1016/j.tsep.2025.104427,5,Somandepalli_143_LCO_Heating,,0,0,0,0
1494,304,10.1016/j.tsep.2025.104427,6,Jia_130_LFP_86Ah_Overheat,,0,0,0,0
1495,304,10.1016/j.tsep.2025.104427,7,Larsson_114_FTIR_ThermalAbuse,,0,0,0,0
1496,304,10.1016/j.tsep.2025.104427,8,Gerelt-od_119_Raman_Heating,,0,0,0,0
1497,305,https://doi.org/10.1016/j.mtener.2025.101996,1,Control_NoBarrier,"Fig. 4 (control), Fig. S4, Section 3.3",1,0,0,0
1498,305,https://doi.org/10.1016/j.mtener.2025.101996,2,Aerogel_1mm,Fig. 5a; Fig. 7b; Section 3.3,1,0,0,0
1499,305,https://doi.org/10.1016/j.mtener.2025.101996,3,Aerogel_2mm,Fig. 5b; Fig. 7c; Section 3.3,1,0,0,0
1500,305,https://doi.org/10.1016/j.mtener.2025.101996,4,Aerogel_3mm,Fig. 5c; Fig. 7d; Fig. S5; Section 3.3,1,0,0,0
1501,305,https://doi.org/10.1016/j.mtener.2025.101996,5,Aerogel_5mm,Fig. 5d; Fig. 7e; Section 3.3,1,0,0,0
1502,306,https://doi.org/10.1016/j.etran.2019.100034,1,Fresh_EV-ARC,Setup: Section 2.6. Critical parameters: Fig. 13 and Section 3.4.,1,0,0,0
1503,306,https://doi.org/10.1016/j.etran.2019.100034,2,LowTempCycle_-5C_1C_EoL,TR behavior and parameters: Fig. 11a and Fig. 13; discussion in Section 3.4. Setup: Section 2.6.,1,0,0,0
1504,306,https://doi.org/10.1016/j.etran.2019.100034,3,FastCharge_25C_2C_EoL,TR parameters and trends: Fig. 11b and Fig. 13; discussion in Section 3.4. Setup: Section 2.6.,1,0,0,0
1505,307,https://doi.org/10.1016/j.etran.2022.100211,1,DSC_Li+NCM+Electrolyte_NoPEG,"Fig. 3a,e; Table 1; Section 3",1,1,0,0
1506,307,https://doi.org/10.1016/j.etran.2022.100211,2,DSC_Li+NCM+Electrolyte_PEG,"Fig. 3a,e; Table 1; Section 3; Conclusion",1,1,0,0
1507,307,https://doi.org/10.1016/j.etran.2022.100211,3,DSC_Li+Electrolyte_NoPEG,Fig. 3b; Table 2; Section 3,1,1,0,0
1508,307,https://doi.org/10.1016/j.etran.2022.100211,4,DSC_Li+Electrolyte_PEG,Fig. 3b; Table 2; Section 3,1,1,0,0
1509,307,https://doi.org/10.1016/j.etran.2022.100211,5,DSC_NCM+Electrolyte_NoPEG,Fig. 3c; Section 3,1,0,0,0
1510,307,https://doi.org/10.1016/j.etran.2022.100211,6,DSC_NCM+Electrolyte_PEG,Fig. 3c; Section 3,1,0,0,0
1511,307,https://doi.org/10.1016/j.etran.2022.100211,7,DSC_Li+NCM_NoPEG,Fig. 3d; Table 2; Section 3,1,1,0,0
1512,307,https://doi.org/10.1016/j.etran.2022.100211,8,DSC_Li+NCM_PEG,Fig. 3d; Table 2; Section 3,1,1,0,0
1513,308,https://doi.org/10.1016/j.etran.2022.100212,1,SOC_100_EV-ARC,"Fig. 3(a-1,a-2); Table 1 (safety valve opening); Table 2 (peak temperature/pressure); Section 3.1.2; Section 3.2 (Stage IV example)",1,1,0,0
1514,308,https://doi.org/10.1016/j.etran.2022.100212,2,SOC_50_EV-ARC,"Fig. 3(b-1,b-2); Table 1 (safety valve opening); Table 2 (peak temperature/pressure); Section 3.1.2; Section 3.4 (transition temperature)",1,1,0,0
1515,308,https://doi.org/10.1016/j.etran.2022.100212,3,SOC_0_EV-ARC,"Fig. 3(c-1,c-2); Table 1 (safety valve opening); Table 2 (peak temperature/pressure); Section 3.1.2; Section 3.2",1,1,0,0
1516,309,https://doi.org/10.1016/j.etran.2023.100305,1,NMC811_Module_Overheat,"Materials/Setup: Section 2.1–2.4, Fig. 3–5; Heating trigger: Section 2.4; Temperatures and voltages including T_trigger: Section 3.1.1, Fig. 6; Max temperatures: Fig. 7; Vent gas ignition/vent temperatures: Section 3.1.4, Fig. 13; Mass loss and post-mortem: Table 2, Section 3.1.6, Fig. 15.",1,1,0,0
1517,309,https://doi.org/10.1016/j.etran.2023.100305,2,LFP_Module_Overheat,"Materials/Setup: Section 2.1–2.4, Fig. 3–5; Heating trigger: Section 2.4; Temperatures and voltages including T_trigger: Section 3.1.1, Fig. 6; Max temperatures: Fig. 7; Vent gas behavior/temperatures: Section 3.1.4, Fig. 13; Mass loss and post-mortem: Table 2, Section 3.1.6, Fig. 15.",1,1,0,0
1518,310,https://doi.org/10.1016/j.etran.2024.100325,1,PS_Battery,"Section 2.4.4 and Section 3.6.3; Fig. 10a, 10d–e",1,0,0,0
1519,310,https://doi.org/10.1016/j.etran.2024.100325,2,PSEM_Battery,"Section 2.4.4 and Section 3.6.3; Fig. 10b, 10d–e",1,0,0,0
1520,310,https://doi.org/10.1016/j.etran.2024.100325,3,PSEMT3_Battery,"Section 2.4.4 and Section 3.6.3; Fig. 10c, 10d–e",1,0,0,0
1521,311,https://doi.org/10.1016/j.etran.2024.100328,1,EV-ARC_Cell_23Ah,Fig. 4; Section 3.1,1,0,0,0
1522,311,https://doi.org/10.1016/j.etran.2024.100328,2,SingleCell_HRR_Ignited,Fig. 5; Section 3.2,1,0,0,0
1523,311,https://doi.org/10.1016/j.etran.2024.100328,3,SingleCell_NoIgnition,"Fig. 6(a,c); Section 3.3.1–3.3.2",1,0,0,0
1524,311,https://doi.org/10.1016/j.etran.2024.100328,4,SingleCell_Ignited,"Fig. 6(b,d); Section 3.3.1–3.3.2",1,0,0,0
1525,311,https://doi.org/10.1016/j.etran.2024.100328,5,LowerCell_UL_NoIgnition,"Fig. 7(a,c); Section 3.4.1–3.4.2",1,0,0,0
1526,311,https://doi.org/10.1016/j.etran.2024.100328,6,LowerCell_UL_Ignited,"Fig. 7(b,d); Section 3.4.1–3.4.2",1,0,0,0
1527,311,https://doi.org/10.1016/j.etran.2024.100328,7,UpperCell_UL_Ignited,"Fig. 7(b,d); Section 3.4.1–3.4.2",1,0,0,0
1528,311,https://doi.org/10.1016/j.etran.2024.100328,8,LowerModule_NoIgnition,Fig. 8(a–c); Table 2; Section 3.5.1–3.5.3,1,1,0,0
1529,311,https://doi.org/10.1016/j.etran.2024.100328,9,LowerModule_Ignited,Fig. 9; Fig. 10(a); Fig. 11; Table 3; Section 3.6.1–3.6.2,1,1,0,0
1530,311,https://doi.org/10.1016/j.etran.2024.100328,10,UpperModule_Ignited,"Fig. 9; Fig. 10(b,c); Fig. 11; Table 3; Section 3.6.1–3.6.2",1,1,0,0
1531,312,https://doi.org/10.1016/j.etran.2025.100475,1,Air_NCM523,Fig. 3a; Table 2; Section 3.1,1,1,0,0
1532,312,https://doi.org/10.1016/j.etran.2025.100475,2,Air_SIB,Fig. 3b; Table 2; Section 3.1,1,1,0,0
1533,312,https://doi.org/10.1016/j.etran.2025.100475,3,Air_LFP,Fig. 3c; Table 2; Section 3.1,1,1,0,0
1534,312,https://doi.org/10.1016/j.etran.2025.100475,4,N2_NCM523,Fig. 4a; Section 3.2; Table 3,1,1,0,0
1535,312,https://doi.org/10.1016/j.etran.2025.100475,5,N2_SIB,Fig. 4b; Section 3.2; Table 3,1,1,0,0
1536,312,https://doi.org/10.1016/j.etran.2025.100475,6,N2_LFP,Fig. 4c; Section 3.2; Table 3,1,1,0,0
1537,313,https://doi.org/10.1016/j.etran.2025.100488,1,ExtPressure_0.1MPa,"Sections 2.2–2.3, 3.1–3.4; Fig. 1(b,c), Fig. 2, Fig. 3, Fig. 6",0,0,0,0
1538,313,https://doi.org/10.1016/j.etran.2025.100488,2,ExtPressure_0.2MPa,"Sections 2.2–2.3, 3.1–3.4; Fig. 2, Fig. 3 (Δt1=86 s vs Δt2=52 s), Fig. 6 (gas yield/composition trends)",0,0,0,0
1539,314,https://doi.org/10.1016/j.etran.2025.100498,1,LFP_100_SOC,Setup: Fig. 2; Process and rates: Fig. 7 and Section 3.3.1; Timeline: Table 6,1,1,0,0
1540,314,https://doi.org/10.1016/j.etran.2025.100498,2,LFP_75_SOC,Setup: Fig. 2; SOC comparison and TR occurrence: Fig. 10 and Section 3.3.2; Timeline: Table 6,1,1,0,0
1541,314,https://doi.org/10.1016/j.etran.2025.100498,3,LFP_50_SOC,SOC comparison and non-TR behavior: Fig. 10 and Section 3.3.2; Timeline: Table 6,1,1,0,0
1542,314,https://doi.org/10.1016/j.etran.2025.100498,4,LFP_25_SOC,SOC comparison and non-TR behavior: Fig. 10 and Section 3.3.2; Timeline: Table 6,1,1,0,0
1543,314,https://doi.org/10.1016/j.etran.2025.100498,5,LFP_0_SOC,SOC comparison and non-TR behavior: Fig. 10 and Section 3.3.2; Timeline: Table 6,1,1,0,0
1544,314,https://doi.org/10.1016/j.etran.2025.100498,6,NCA_100_SOC_Validation,Validation setup and results: Section 2.3.2 and Fig. 15,1,0,0,0
1545,315,10.1016/j.etran.2025.100502,1,LFP_1.6kW_50Ah_SOC0_Ref90,,0,0,0,0
1546,315,10.1016/j.etran.2025.100502,2,LFP_1.6kW_50Ah_SOC50_Ref90,,0,0,0,0
1547,315,10.1016/j.etran.2025.100502,3,LFP_1.6kW_50Ah_SOC100_Ref90,,0,0,0,0
1548,315,10.1016/j.etran.2025.100502,4,LFP_1kW_25Ah_SOC50_Ref97,,0,0,0,0
1549,315,10.1016/j.etran.2025.100502,5,LFP_1kW_25Ah_SOC75_Ref97,,0,0,0,0
1550,315,10.1016/j.etran.2025.100502,6,LFP_1kW_25Ah_SOC100_Ref97,,0,0,0,0
1551,315,10.1016/j.etran.2025.100502,7,LFP_10Cmin_1.1Ah_SOC0_Ref93,,0,0,0,0
1552,315,10.1016/j.etran.2025.100502,8,LFP_10Cmin_1.1Ah_SOC25_Ref93,,0,0,0,0
1553,315,10.1016/j.etran.2025.100502,9,LFP_10Cmin_1.1Ah_SOC50_Ref93,,0,0,0,0
1554,315,10.1016/j.etran.2025.100502,10,LFP_10Cmin_1.1Ah_SOC75_Ref93,,0,0,0,0
1555,315,10.1016/j.etran.2025.100502,11,LFP_10Cmin_1.1Ah_SOC100_Ref93,,0,0,0,0
1556,315,10.1016/j.etran.2025.100502,12,LFP_1Cmin_50Ah_SOC0_Ref95,,0,0,0,0
1557,315,10.1016/j.etran.2025.100502,13,LFP_1Cmin_50Ah_SOC25_Ref95,,0,0,0,0
1558,315,10.1016/j.etran.2025.100502,14,LFP_1Cmin_50Ah_SOC50_Ref95,,0,0,0,0
1559,315,10.1016/j.etran.2025.100502,15,LFP_1Cmin_50Ah_SOC75_Ref95,,0,0,0,0
1560,315,10.1016/j.etran.2025.100502,16,LFP_1Cmin_50Ah_SOC100_Ref95,,0,0,0,0
1561,315,10.1016/j.etran.2025.100502,17,LFP_0.3to0.8kW_280Ah_SOC25_Ref96,,0,0,0,0
1562,315,10.1016/j.etran.2025.100502,18,LFP_0.3to0.8kW_280Ah_SOC50_Ref96,,0,0,0,0
1563,315,10.1016/j.etran.2025.100502,19,LFP_0.3to0.8kW_280Ah_SOC75_Ref96,,0,0,0,0
1564,315,10.1016/j.etran.2025.100502,20,LFP_4.9kW_26650_3.8Ah_SOC100_Ref99,,0,0,0,0
1565,315,10.1016/j.etran.2025.100502,21,LFP_0.5kW_304Ah_SOC100_Ref100,,0,0,0,0
1566,315,10.1016/j.etran.2025.100502,22,LFP_5Cstep_ARC_22Ah_SOC100_Ref14,,0,0,0,0
1567,315,10.1016/j.etran.2025.100502,23,LFP_0.55kW_196Ah_SOC100_Ref102,,0,0,0,0
1568,315,10.1016/j.etran.2025.100502,24,LFP_1kW_105Ah_SOC100_Ref105,,0,0,0,0
1569,315,10.1016/j.etran.2025.100502,25,NCA_10Cmin_3.35Ah_SOC0_Ref93,,0,0,0,0
1570,315,10.1016/j.etran.2025.100502,26,NCA_10Cmin_3.35Ah_SOC25_Ref93,,0,0,0,0
1571,315,10.1016/j.etran.2025.100502,27,NCA_10Cmin_3.35Ah_SOC50_Ref93,,0,0,0,0
1572,315,10.1016/j.etran.2025.100502,28,NCA_10Cmin_3.35Ah_SOC75_Ref93,,0,0,0,0
1573,315,10.1016/j.etran.2025.100502,29,NCA_10Cmin_3.35Ah_SOC100_Ref93,,0,0,0,0
1574,315,10.1016/j.etran.2025.100502,30,NCA_ARC_3Ah_SOC100_Ref106,,0,0,0,0
1575,315,10.1016/j.etran.2025.100502,31,NCA_0.03kW_3Ah_SOC100_Ref107,,0,0,0,0
1576,315,10.1016/j.etran.2025.100502,32,NCM622_0.6kW_50Ah_SOC0_Ref15,,0,0,0,0
1577,315,10.1016/j.etran.2025.100502,33,NCM622_0.6kW_50Ah_SOC25_Ref15,,0,0,0,0
1578,315,10.1016/j.etran.2025.100502,34,NCM622_0.6kW_50Ah_SOC50_Ref15,,0,0,0,0
1579,315,10.1016/j.etran.2025.100502,35,NCM622_0.6kW_50Ah_SOC75_Ref15,,0,0,0,0
1580,315,10.1016/j.etran.2025.100502,36,NCM622_0.6kW_50Ah_SOC100_Ref15,,0,0,0,0
1581,315,10.1016/j.etran.2025.100502,37,NCM811_1or20Cmin_157Ah_SOC25_Ref109,,0,0,0,0
1582,315,10.1016/j.etran.2025.100502,38,NCM811_1or20Cmin_157Ah_SOC50_Ref109,,0,0,0,0
1583,315,10.1016/j.etran.2025.100502,39,NCM811_1or20Cmin_157Ah_SOC75_Ref109,,0,0,0,0
1584,315,10.1016/j.etran.2025.100502,40,NCM811_1or20Cmin_157Ah_SOC100_Ref109,,0,0,0,0
1585,315,10.1016/j.etran.2025.100502,41,NCM111_78Ah_Prismatic_SOC0_Ref108,,0,0,0,0
1586,315,10.1016/j.etran.2025.100502,42,NCM111_78Ah_Prismatic_SOC50_Ref108,,0,0,0,0
1587,315,10.1016/j.etran.2025.100502,43,NCM111_78Ah_Prismatic_SOC100_Ref108,,0,0,0,0
1588,315,10.1016/j.etran.2025.100502,44,NCM_Pouch_75Ah_1kW_SOC100_Ref116,,0,0,0,0
1589,315,10.1016/j.etran.2025.100502,45,NCM_Pouch_60Ah_1kW_SOC100_Ref117,,0,0,0,0
1590,315,10.1016/j.etran.2025.100502,46,NCM_0.5kW_153Ah_SOC100_Ref100,,0,0,0,0
1591,315,10.1016/j.etran.2025.100502,47,NCM_0.55kW_50Ah_SOC100_Ref102,,0,0,0,0
1592,315,10.1016/j.etran.2025.100502,48,NCM_0.55kW_115Ah_SOC100_Ref102,,0,0,0,0
1593,315,10.1016/j.etran.2025.100502,49,NCM_1kW_37Ah_SOC100_Ref104,,0,0,0,0
1594,315,10.1016/j.etran.2025.100502,50,NCM_1kW_50Ah_NCM523_SOC100_Ref104,,0,0,0,0
1595,315,10.1016/j.etran.2025.100502,51,NCM_1kW_50Ah_NCM622_SOC100_Ref104,,0,0,0,0
1596,315,10.1016/j.etran.2025.100502,52,NCM_1kW_53Ah_NCM811_SOC100_Ref104,,0,0,0,0
1597,315,10.1016/j.etran.2025.100502,53,NCM_5kW_50Ah_SOC100_Ref113,,0,0,0,0
1598,315,10.1016/j.etran.2025.100502,54,NCM_0.67kW_153Ah_SOC100_Ref81,,0,0,0,0
1599,315,10.1016/j.etran.2025.100502,55,NCM_211Ah_Prismatic_SOC100_Ref119,,0,0,0,0
1600,315,10.1016/j.etran.2025.100502,56,NCM_256Ah_Prismatic_SOC100_Ref119,,0,0,0,0
1601,316,https://doi.org/10.1016/j.jaecs.2025.100360,1,SOH90_SOC100_Amb30C,"Table 2 (90% SOH), Table 3 (100% SOC), Table 4 (30 °C ambient), Fig. 1(a–c)",0,1,0,0
1602,316,https://doi.org/10.1016/j.jaecs.2025.100360,2,SOH80_SOC100_Amb30C,"Table 2 (80% SOH), Fig. 1(c)",0,1,0,0
1603,316,https://doi.org/10.1016/j.jaecs.2025.100360,3,SOH70_SOC100_Amb30C,"Table 2 (70% SOH), Fig. 1(c)",0,1,0,0
1604,316,https://doi.org/10.1016/j.jaecs.2025.100360,4,SOC80_SOH90_Amb30C,"Table 3 (80% SOC), Fig. 3(a,d)",0,1,0,0
1605,316,https://doi.org/10.1016/j.jaecs.2025.100360,5,SOC60_SOH90_Amb30C,"Table 3 (60% SOC), Fig. 3(a,c,d)",0,1,0,0
1606,316,https://doi.org/10.1016/j.jaecs.2025.100360,6,Amb40C_SOH90_SOC100,"Table 4 (40 °C ambient), Fig. 4(a,b,d)",0,1,0,0
1607,316,https://doi.org/10.1016/j.jaecs.2025.100360,7,Amb50C_SOH90_SOC100,"Table 4 (50 °C ambient), Fig. 4(a,c,d)",0,1,0,0
1608,317,https://doi.org/10.1016/j.nxener.2025.100398,1,SOC_0,"Fig. 3a (peak temperature, timeline) and Fig. 4a (dT/dt)",0,0,0,0
1609,317,https://doi.org/10.1016/j.nxener.2025.100398,2,SOC_50,"Fig. 3b (maximum temperature, smoke behavior) and Fig. 4b (dT/dt)",0,0,0,0
1610,317,https://doi.org/10.1016/j.nxener.2025.100398,3,SOC_100,"Fig. 3c (smoke at 138 s, flame at 368 s, peak temperature), Fig. 4c (dT/dt), and Fig. 5a–b (HRR/THR timing)",0,0,0,0
1611,318,https://doi.org/10.1177/0734904118816616,1,SOC_50,"Experimental setup: Fig. 3; Temperature and flame behavior: Figs. 4–7; Summary metrics (temperatures, time to failure): Table 1; Methods and Results sections.",0,1,0,0
1612,318,https://doi.org/10.1177/0734904118816616,2,SOC_70,"Experimental setup: Fig. 3; Temperature and flame behavior: Figs. 4–7; Summary metrics (temperatures, time to failure): Table 1; Methods and Results sections.",0,1,0,0
1613,319,https://doi.org/10.1109/ACCESS.2024.3447873,1,Thermal_Abuse_1000W_Film,Section II.C (Thermal Abuse) and Fig. 7,1,0,0,0
1614,320,https://doi.org/10.1002/adfm.202404806,1,LPSCl_NCM_TG-DTA_fast,Figure 1a (TG-DTA-MS profiles) and Section 2.1,1,0,1,0
1615,320,https://doi.org/10.1002/adfm.202404806,2,LPSCl_NCM_TG-DTA_slow,"Figure 1b (TG-DTA-MS), Figure 1d (XRD after slow heating), and Section 2.1",1,0,1,0
1616,320,https://doi.org/10.1002/adfm.202404806,3,LPSCl_NCM_sandbath_4p5V,Figure 5a (ignition temperatures at 4.5 V) and Video S1,0,0,1,0
1617,320,https://doi.org/10.1002/adfm.202404806,4,LGPS_NCM_sandbath_4p5V,Figure 5a (ignition temperatures at 4.5 V) and Section 2.2,1,0,1,0
1618,320,https://doi.org/10.1002/adfm.202404806,5,LGSSI_NCM_sandbath_4p5V,Figure 5a (ignition temperatures at 4.5 V) and Section 2.2,1,0,1,0
1619,320,https://doi.org/10.1002/adfm.202404806,6,LSSSI_NCM_sandbath_4p5V,Figure 5a (ignition temperatures at 4.5 V) and Section 2.2,1,0,1,0
1620,320,https://doi.org/10.1002/adfm.202404806,7,LYC_NCM_sandbath_4p5V,"Figure 5a (LYC ignition immeasurable, >350 °C) and Section 2.2",1,0,1,0
1621,320,https://doi.org/10.1002/adfm.202404806,8,LPSCl_NCM_sandbath_low_SOC,Figure 2c (no ignition at 0 and 50 mAh g−1 up to 350 °C) and Figure S3,0,0,1,0
1622,321,https://doi.org/10.1002/adfm.202502761,1,Swagelok_Warning_100C,Figure 7b–d and Section 2.4,1,0,1,0
1623,321,https://doi.org/10.1002/adfm.202502761,2,Swagelok_Shutdown_120C,Figure 7b–d; discussion in Section 2.4,1,0,1,0
1624,321,https://doi.org/10.1002/adfm.202502761,3,Pouch_Shutdown_120C,Figure S19 (pouch shutdown behavior) and Figure 8a–e (separator morphology after shutdown),0,0,1,0
1625,321,https://doi.org/10.1002/adfm.202502761,4,Swagelok_OCP_ModifiedSep_150C,Figure 8f,0,0,1,0
1626,321,https://doi.org/10.1002/adfm.202502761,5,Swagelok_OCP_ModifiedSep_170C,Figure 8g,0,0,1,0
1627,322,https://doi.org/10.1002/adfm.202424110,1,LAGP_NoHIL_260C,"Figure 2c,d; Figure S2; Section 2 (Results and Discussion)",1,0,1,0
1628,322,https://doi.org/10.1002/adfm.202424110,2,LAGP_withHIL_260C,"Figure 2c,d; Figure 3c,d; Section 2 (Results and Discussion)",1,0,1,0
1629,323,https://doi.org/10.1002/adfm.202515834,1,DSC_Ca+An+Ely,Figure 2; text in Section 2 describing DSC comparison and the 145 °C trigger for Ca+An+Ely,1,0,1,0
1630,323,https://doi.org/10.1002/adfm.202515834,2,DSC_Ca+Propyne,Figure 2; text in Section 2 stating Ca+C3H4 triggers at 175 °C,1,0,1,0
1631,323,https://doi.org/10.1002/adfm.202515834,3,Heating_BiSep_NiRich_Pouch,"Section 3.3: BiSep delays thermal runaway by > 60 °C in Ni-rich pouch cells; references [6, 58]",1,0,0,0
1632,324,https://doi.org/10.1002/aenm.202101764,1,DSC_KMHCF_Cathode_with_KPF6_Electrolyte_KIB,Figure 1a and Figure 4; Section 2.6,1,0,1,0
1633,324,https://doi.org/10.1002/aenm.202101764,2,MMC_DSC_KIB_FullCell_KMHCF_Graphite,Figure 5a and Section 2.7,1,0,1,0
1634,324,https://doi.org/10.1002/aenm.202101764,3,MMC_DSC_SIB_FullCell_KMHCF_HardCarbon,Figure 5b and Section 2.7,1,0,1,0
1635,324,https://doi.org/10.1002/aenm.202101764,4,DSC_HC-KMHCF_Cathode_with_KPF6_Electrolyte_KIB_Mitigation,Figure S16d and Section 2.6,1,0,1,0
1636,324,https://doi.org/10.1002/aenm.202101764,5,MMC_KIB_FullCell_Optimized_KPF6_KFSI_SEI_plus_HC-KMHCF_Mitigation,Figure S18b and Section 2.7; anode SEI improvement shown in Figure S18a,1,0,1,0
1637,325,https://doi.org/10.1002/aenm.202201964,1,SideHeating_PE_1Ah,"Figure 4d,e; Figure S20b; Video S1",0,0,1,0
1638,325,https://doi.org/10.1002/aenm.202201964,2,SideHeating_Al2O3PE_1Ah,Figure S21; Video S2,0,0,1,0
1639,325,https://doi.org/10.1002/aenm.202201964,3,SideHeating_BiSep_1Ah,"Figure 4d,e; Video S3",0,0,1,0
1640,325,https://doi.org/10.1002/aenm.202201964,4,ARC_PE_1Ah,"Figure 5a (Tmax, evolving time); Figure 5c (max rate); Figure S22 (ARC setup)",0,0,1,0
1641,325,https://doi.org/10.1002/aenm.202201964,5,ARC_Al2O3PE_1Ah,"Figure S23 (Tmax, evolving time); Figure 5c (max rate); Figure S22 (ARC setup)",0,0,1,0
1642,325,https://doi.org/10.1002/aenm.202201964,6,ARC_BiSep_1Ah,"Figure 5a (Tmax, evolving time); Figure 5c (rates and mechanism illustration); Figure S22 (ARC setup)",0,0,1,0
1643,326,https://doi.org/10.1002/aenm.202300143,1,Gel_5wtPBMA_110C,"Figure 4b,d,e,f; Figure 5a; Section 2 (Results and Discussion)",1,0,1,0
1644,326,https://doi.org/10.1002/aenm.202300143,2,Gel_8wtPBMA_100C,"Figure S12a (Supporting Information), Section 2 (Results and Discussion)",1,0,1,0
1645,326,https://doi.org/10.1002/aenm.202300143,3,Gel_10wtPBMA_100C,"Figure S12b (Supporting Information), Section 2 (Results and Discussion)",1,0,1,0
1646,327,https://doi.org/10.1002/aenm.202203841,1,GS-PI_Separator_NCM622_Pouch_ARC,Figure 15h; Section 4.4 (citing Ref. [300]),1,0,1,0
1647,327,https://doi.org/10.1002/aenm.202203841,2,LiSi_Pouch_SEI_Protected_ARC,Figure 15c; Section 4.4 (citing Ref. [230]),1,0,1,0
1648,327,https://doi.org/10.1002/aenm.202203841,3,NCM811_Graphite_Pouch_AllFluorinated_CEI_ForcedHeating,Figure 15b; Section 4.4 (citing Ref. [225]),1,0,1,0
1649,327,https://doi.org/10.1002/aenm.202203841,4,NiRich_Cell_TPFPB_OxygenScavenger_ForcedHeating,Figure 14c–d; Section 4.4 (discussion citing Ref. [85]),1,0,1,0
1650,328,https://doi.org/10.1002/aenm.202203648,1,AF_2Ah_DualSalt_100SOC_Cycle1,Figure 1a; Section 2.1,1,0,1,0
1651,328,https://doi.org/10.1002/aenm.202203648,2,AF_2Ah_DualSalt_0SOC_Cycle1,Figure 1b; Section 2.1,1,0,1,0
1652,328,https://doi.org/10.1002/aenm.202203648,3,AF_2Ah_DualSalt_100SOC_Cycle100,Figure 1c; Section 2.1,1,0,1,0
1653,328,https://doi.org/10.1002/aenm.202203648,4,AF_2Ah_LiPF6_100SOC_Cycle1,Figure 1d; Section 2.1,1,0,1,0
1654,328,https://doi.org/10.1002/aenm.202203648,5,LMB_2Ah_Comparison,Figure S4 (Supporting Information); Section 2.1,1,0,1,0
1655,328,https://doi.org/10.1002/aenm.202203648,6,Li_metal_plus_dual_salt_electrolyte_ARC,Figure S7a (Supporting Information); Section 2.2,1,0,1,0
1656,328,https://doi.org/10.1002/aenm.202203648,7,Delithiated_NCA_plus_dual_salt_electrolyte_ARC,Figure 2b; Section 2.2,1,0,1,0
1657,328,https://doi.org/10.1002/aenm.202203648,8,Lithiated_Anode_SEI_plus_dual_salt_electrolyte_ARC,Figure 2c; Section 2.2,1,0,1,0
1658,328,https://doi.org/10.1002/aenm.202203648,9,Anode_plus_LiPF6_electrolyte_ARC,Figure S8 (Supporting Information); Section 2.2,1,0,1,0
1659,328,https://doi.org/10.1002/aenm.202203648,10,Cathode_plus_LiPF6_electrolyte_ARC,Figure S8 (Supporting Information); Section 2.2,1,0,1,0
1660,329,10.1002/aenm.202503248,1,Shen_2023_LFP_304Ah,,0,0,0,0
1661,329,10.1002/aenm.202503248,2,Shen_2023_NCM_153Ah,,0,0,0,0
1662,330,https://doi.org/10.1002/aenm.202503593,1,ARC_Pouch_ASSB_FullCell,Figure 7c and Section 3.3,1,0,1,0
1663,330,https://doi.org/10.1002/aenm.202503593,2,DSC_Closed_NCA_LPSCl,Figure 11a–b (closed vs open) and 11d,0,0,1,0
1664,330,https://doi.org/10.1002/aenm.202503593,3,DSC_Open_NCA_LPSCl_Vented,Figure 11a–b and 11c,0,0,1,0
1665,330,https://doi.org/10.1002/aenm.202503593,4,ThermalAbuse_DelithiatedNCM_Crystalline_SSE,Figure 6d,0,0,1,0
1666,330,https://doi.org/10.1002/aenm.202503593,5,ThermalAbuse_DelithiatedNCM_GlassCeramic_SSE,Figure 6d,0,0,1,0
1667,330,https://doi.org/10.1002/aenm.202503593,6,ThermalAbuse_HighSOC_NCM811_LPSCl_Ignition,"Figure 6b and Introduction (refs [99,105])",0,0,1,0
1668,331,https://doi.org/10.1002/advs.201700369,1,LG_S3_Contained,Figure 2a and Section 2.2 (Controlled Ejection),1,0,1,0
1669,331,https://doi.org/10.1002/advs.201700369,2,Sanyo_Pierced_TopButton,"Figure 2c, Figure 3a, and Section 2.3 (Piercing by the Mandrel)",1,0,1,0
1670,331,https://doi.org/10.1002/advs.201700369,3,BottomVent_DoubleVent_Prototype,Figure 7a–e and Section 2.6 (Application of a Second Vent),1,0,1,0
1671,332,https://doi.org/10.1002/advs.202100676,1,Pouch_100SOC_DualSalt_ARC,Figure 2c and Section 2.2,1,0,1,0
1672,332,https://doi.org/10.1002/advs.202100676,2,Pouch_0SOC_DualSalt_ARC,"Figure 2d and Section 2.2 (text: “T_onset = 141 °C, T_tr = 199 °C, T_max = 280 °C”)",1,0,1,0
1673,332,https://doi.org/10.1002/advs.202100676,3,OneBomb_Anode100_Electrolyte_ARC,Figure 3e (T_onset) and Figure 5a text (“T_tr from 306 to 247 °C”),0,0,1,0
1674,332,https://doi.org/10.1002/advs.202100676,4,TwoBomb_Anode100_to_Cathode100,Figure 5a (two-bomb setup and T_tr reduction); Section 2.2,1,0,1,0
1675,332,https://doi.org/10.1002/advs.202100676,5,TwoBomb_Cathode100_with_AnodeGas,Figure 5b and accompanying text (“T_onset drops from 136 to 116 °C; sharp temperature rise from 159 to 285 °C”),0,0,1,0
1676,333,https://doi.org/10.1002/anie.202307243,1,ARC_LNO_Al5,Figure 4c and Section 2.2,1,0,1,0
1677,333,https://doi.org/10.1002/anie.202307243,2,ARC_LNO_Mg5,Figure 4c and Section 2.2,1,0,1,0
1678,333,https://doi.org/10.1002/anie.202307243,3,ARC_LNO_Mn5,Figure 4c and Section 2.2,1,0,1,0
1679,333,https://doi.org/10.1002/anie.202307243,4,TGA_NCA,Figure 4b and Section 2.2,1,0,1,0
1680,333,https://doi.org/10.1002/anie.202307243,5,DSC_NMC33,Figure 4a and Section 2.2,1,0,1,0
1681,334,https://doi.org/10.1002/anie.202401716,1,NCM-SC_HT-XRD,Figure 4a–c and associated text,0,0,1,0
1682,334,https://doi.org/10.1002/anie.202401716,2,NCM-SC_DSC_TG_MS,Figure 4d (TG/DSC) and Figure 4e (MS),0,0,1,0
1683,334,https://doi.org/10.1002/anie.202401716,3,NCM-SC_HT-XPS_Isothermal,Figure 5a–d and accompanying discussion,0,0,1,0
1684,334,https://doi.org/10.1002/anie.202401716,4,NCM-SC_FESEM_Heated,Figure 6a and schematic in Figure 6b,0,0,1,0
1685,335,https://doi.org/10.3390/app13148229,1,Sim_T1_900K,Figure 5a; Section 3.1,1,0,1,0
1686,336,https://doi.org/10.1002/batt.202400339,1,PBMA_Electrolyte_Thermal_Shutdown_105C,Figure 3c–d; Figure 4a–c; Section 2.2,1,0,1,0
1687,336,https://doi.org/10.1002/batt.202400339,2,PBMA_Electrolyte_105C_Storage_5h_Recovery,Figure 5a–b; Section 2.2,1,0,1,0
1688,337,https://doi.org/10.1002/batt.202400386,1,Li_NMC_pouch_700mAh,Figure 2 and Results and Discussion paragraph describing TR onset and maxima; note on venting coincident with self-heating: Figures S5,0,0,1,0
1689,337,https://doi.org/10.1002/batt.202400386,2,Na_NVOPF_pouch_850mAh,"Figure 2 (TR onset and peak temperature), Figure 3a–e and corresponding text on stages of self-heating; note on venting coincident with self-heating: Figure S4a",0,0,1,0
1690,338,https://doi.org/10.3390/batteries2020012,1,Aged_10d,"Figure 5a,b; Section 3.2",1,0,1,0
1691,338,https://doi.org/10.3390/batteries2020012,2,Aged_20d,Figure 6 (trend of T1 and T3 increase); Figure 7; Section 3.3,1,0,1,0
1692,338,https://doi.org/10.3390/batteries2020012,3,Aged_40d,Figure 6; Figure 7; Section 3.3,1,0,1,0
1693,338,https://doi.org/10.3390/batteries2020012,4,Aged_68d,Figure 6; Figure 7; Section 3.3,1,0,1,0
1694,338,https://doi.org/10.3390/batteries2020012,5,Aged_90d,Figure 6 (T2 decrease at 90 days); Figure 7; Section 3.3,1,0,1,0
1695,339,https://doi.org/10.3390/batteries4020016,1,V1_Heater_Pouch,"Figure 1a, Figure 2; Table 2; Sections 4–5",0,1,1,0
1696,340,https://doi.org/10.3390/batteries5030061,1,LFP_stack,"Fig. 5 (temperature vs. time, peak ~386 °C, slope 11.7 °C/min); Fig. 7 (vent-gas temperature timing); Table 1 (gas volume summary); Section 4.1–4.2 (setup, SOC, cell stack).",1,1,0,0
1697,340,https://doi.org/10.3390/batteries5030061,2,NMC_LMO_stack,"Fig. 6 (temperature vs. time, peak ~615 °C, slope 1390 °C/min); Fig. 8 (vent-gas temperature timing showing <4 min for five cells); Table 1 (gas volume summary); Section 2.1.3 and Conclusions; Section 4.1–4.2 (setup, SOC, cell stack).",1,1,0,0
1698,341,https://doi.org/10.3390/batteries6020030,1,SOC_100,"Section 3.2–3.3; Section 4.1.1 (Figure 6a–b); Section 4.2.1 (Figure 7, Figure 8a); Table 5",1,1,1,0
1699,341,https://doi.org/10.3390/batteries6020030,2,SOC_30,Section 4.1.2 (Figure 6c–d); Section 4.2.2 (Figure 8b); Table 5,1,1,1,0
1700,341,https://doi.org/10.3390/batteries6020030,3,SOC_0,Section 4.1.2; Section 4.2.2; Table 5,1,1,0,0
1701,342,https://doi.org/10.3390/batteries7020023,1,Fresh_Overtemperature,Table 3 and Table 4; Figure 3; Sections 3.1–3.3,0,1,1,0
1702,342,https://doi.org/10.3390/batteries7020023,2,Aged_cy-10_Overtemperature,Table 3 and Table 4; Figure 3; Sections 3.1–3.3,0,1,1,0
1703,342,https://doi.org/10.3390/batteries7020023,3,Aged_cy+45_Overtemperature,Table 3 and Table 4; Figure 3; Sections 3.1–3.3,0,1,1,0
1704,342,https://doi.org/10.3390/batteries7020023,4,Aged_ca60_Overtemperature,Table 3 and Table 4; Figure 3; Sections 3.1–3.3,0,1,1,0
1705,343,https://doi.org/10.3390/batteries7020025,1,Overtemperature_CellType4_SGP30,Figure 9; Section 3.3.3 Overtemperature TR Test,1,0,1,0
1706,344,https://doi.org/10.3390/batteries7030049,1,Module_1,"Sections 2.4–3.4; Table 1 (phases), Table 2 (Module 1 time), Fig. 7–9; DSC in Fig. 5 for separator melting",0,1,0,0
1707,344,https://doi.org/10.3390/batteries7030049,2,Module_2,"Sections 2.4–3.4; Table 1 (phases), Table 2 (Module 2 time), Fig. 7–9 (Module 2 shown), Fig. 10 (postmortem)",0,1,0,0
1708,344,https://doi.org/10.3390/batteries7030049,3,Module_3,"Sections 2.4–3.4; Table 1 (phases), Table 2 (Module 3 time)",0,1,0,0
1709,344,https://doi.org/10.3390/batteries7030049,4,Module_4,"Sections 2.4–3.4; Table 1 (phases), Table 2 (Module 4 time)",0,1,0,0
1710,344,https://doi.org/10.3390/batteries7030049,5,Module_5,"Sections 2.4–3.4; Table 1 (phases), Table 2 (Module 5 time)",0,1,0,0
1711,345,https://doi.org/10.3390/batteries8050041,1,S1_Single_10Ah_80-89_SOC,Table 1; Figure 1A; Sections 2.1 and 2.2,0,1,1,0
1712,345,https://doi.org/10.3390/batteries8050041,2,S1_Stack_4x10Ah_90-100_SOC,Table 1; Figure 1B; Figure 3; Sections 2.1 and 2.2,0,1,1,0
1713,345,https://doi.org/10.3390/batteries8050041,3,S2_Single_10Ah_30-50_SOC,Table 1; Figure 2; Section 2.1 and 2.2,1,1,1,0
1714,345,https://doi.org/10.3390/batteries8050041,4,S2_Single_10Ah_80-89_SOC,Table 1; Figure 2; Section 2.1–2.3,1,1,1,0
1715,345,https://doi.org/10.3390/batteries8050041,5,S2_Single_10Ah_90-100_SOC,Table 1; Figure 2; Section 2.1–2.3,1,1,1,0
1716,345,https://doi.org/10.3390/batteries8050041,6,S2_Double_2x10Ah_90-100_SOC,Table 1 (β: Tests #10–#12); Figure 1C–D; Section 2.1 (discussion of gas explosion in Tests #10–#12),1,1,1,0
1717,345,https://doi.org/10.3390/batteries8050041,7,S2_Single_32Ah_90-100_SOC,Table 1 (γ: Tests #13–#15); Figure 2; Section 2.1 (discussion of >7 bar events),1,1,1,0
1718,346,10.3390/batteries8070061,1,DEC_no_water,,0,0,0,0
1719,346,10.3390/batteries8070061,2,DEC_1000ppm_water,,0,0,0,0
1720,346,10.3390/batteries8070061,3,DME_no_water,,0,0,0,0
1721,346,10.3390/batteries8070061,4,DME_1000ppm_water,,0,0,0,0
1722,346,10.3390/batteries8070061,5,EC_no_water,,0,0,0,0
1723,346,10.3390/batteries8070061,6,EC_1000ppm_water,,0,0,0,0
1724,346,10.3390/batteries8070061,7,THFA_no_water,,0,0,0,0
1725,346,10.3390/batteries8070061,8,THFA_1000ppm_water,,0,0,0,0
1726,346,10.3390/batteries8070061,9,"1,3-DL_no_water",,0,0,0,0
1727,346,10.3390/batteries8070061,10,"1,3-DL_1000ppm_water",,0,0,0,0
1728,346,10.3390/batteries8070061,11,2-Me-THF_no_water,,0,0,0,0
1729,346,10.3390/batteries8070061,12,2-Me-THF_1000ppm_water,,0,0,0,0
1730,347,https://doi.org/10.3390/batteries8110250,1,NCM622,Figure 3a–b; Table 2; Section 2.3,1,1,1,0
1731,347,https://doi.org/10.3390/batteries8110250,2,NCM811,Figure 3a–b; Table 2; Section 3.1,1,1,1,0
1732,347,https://doi.org/10.3390/batteries8110250,3,NCM9/0.5/0.5,Figure 3a–b; Table 2; Section 3.2,1,1,1,0
1733,347,https://doi.org/10.3390/batteries8110250,4,LFP,Figure 3a–b; Table 2; Section 2.3,1,1,1,0
1734,348,https://doi.org/10.3390/batteries9040204,1,Case1_Middle_0.2mps,Section 3.5.1; Figures 10a and 11,1,0,0,0
1735,348,https://doi.org/10.3390/batteries9040204,2,Case1_Middle_1.6mps,Section 3.5.1; Figure 11,1,0,1,0
1736,348,https://doi.org/10.3390/batteries9040204,3,Case2_Corner_0.4mps,"Section 3.5.2; narrative text and Figure 12 (trend), Figure 13 (summary)",1,0,1,0
1737,348,https://doi.org/10.3390/batteries9040204,4,Case2_Corner_1.6mps,Section 3.5.2; Figures 12 and 13,1,0,0,0
1738,349,https://doi.org/10.3390/batteries9050237,1,NMC_SOC100_ARC_HWS,"Table 10 (SOC 100 critical temperatures), Table 11 (rates), Sections 2.6.3 and 3.3.1; Figure 1",0,1,1,0
1739,349,https://doi.org/10.3390/batteries9050237,2,NCA_HE_I_SOC100_ARC_HWS,"Table 10 (SOC 100 critical temperatures), Table 11 (rates), Sections 2.6.3 and 3.3.1; Figure 1",0,1,1,0
1740,349,https://doi.org/10.3390/batteries9050237,3,NCA_HE_II_SOC100_ARC_HWS,"Table 10 (SOC 100 critical temperatures), Table 11 (rates), Sections 2.6.3 and 3.3.1; Figure 1",0,1,1,0
1741,349,https://doi.org/10.3390/batteries9050237,4,NCA_HP_SOC100_ARC_HWS,"Table 10 (SOC 100 critical temperatures), Table 11 (rates), Sections 2.6.3 and 3.3.1; Figure 1",0,1,1,0
1742,349,https://doi.org/10.3390/batteries9050237,5,LFP_SOC100_ARC_HWS,"Table 10 (SOC 100 critical temperatures), Table 11 (rates), Sections 2.6.3 and 3.3.1; Figure 1",0,1,1,0
1743,350,https://doi.org/10.3390/batteries9090450,1,SingleCell_300W_SealedChamber,"Figure 3c,d; Section 3 (temperature and pressure alterations during TR)",1,0,1,0
1744,350,https://doi.org/10.3390/batteries9090450,2,Module_3S_Cell1_Heated_300W,"Figure 9a,b; Section 3 (module thermal runaway and pressure stages)",1,0,1,0
1745,351,https://doi.org/10.3390/batteries9100513,1,Group_I_200W,"Figure 3a,b and Section 3.1",1,0,1,0
1746,351,https://doi.org/10.3390/batteries9100513,2,Group_II_PA_200W,"Figure 4a,b; Figure 5a,b; Figure 6; Section 3.2",1,0,1,0
1747,351,https://doi.org/10.3390/batteries9100513,3,Group_III_PA_SA_200W,"Figure 4c,d; Figure 5a,b; Figure 7; Section 3.2",1,0,1,0
1748,351,https://doi.org/10.3390/batteries9100513,4,Group_I_500W,Figure 8 and Section 3.3,1,0,1,0
1749,351,https://doi.org/10.3390/batteries9100513,5,Group_II_PA_500W,"Figure 9a,b and Figure 11; Section 3.3",1,0,1,0
1750,351,https://doi.org/10.3390/batteries9100513,6,Group_III_PA_SA_500W,"Figure 9a,b and Figure 11; Section 3.3",1,0,1,0
1751,352,https://doi.org/10.3390/batteries9110540,1,Pouch66Ah_HeatPad_N2,Table 1; Figure 11; Figure 12; Section 2.6; Section 3.1,1,1,1,0
1752,353,https://doi.org/10.3390/batteries10010031,1,ARC_100SOC,Figure 1 and Section 3.1 (Cell Thermal Runaway Model Calibration: ARC experiment),1,0,1,0
1753,354,https://doi.org/10.3390/batteries10020055,1,EV_Fire_Burner_Test,Section 2.1.1; Table 2; Figure 4,1,1,1,0
1754,355,https://doi.org/10.3390/batteries10040116,1,Pouch_20Ah_ARC_100SOC,Figure 6a–c and Section 3.2,1,0,1,0
1755,356,https://doi.org/10.3390/batteries10040118,1,Test_1_Module_A,Section 2.2 (Abuse Tests Set Up); Section 3.1 (Test Conditions and TR Characteristics); Table 1 (Test 1 summary); Figure 2 (timeline/images),1,1,1,0
1756,356,https://doi.org/10.3390/batteries10040118,2,Test_2_Module_A,Section 2.2; Section 3.1; Table 1 (Test 2 summary); Figure 2 (timeline shows 12 min 9 s just before water application),1,1,1,0
1757,356,https://doi.org/10.3390/batteries10040118,3,Test_3_Module_B,Section 2.2; Section 3.1; Table 1 (Test 3 summary); Figure 1c (heater pads on block faces); Figure 2 (timeline/images),1,1,1,0
1758,357,https://doi.org/10.3390/batteries10040142,1,SonyVTC5A_HeatGun_Overheat,"Figure 5 (temperatures and forces), Figure 7 (temperature distributions), Section 4.1 (transition time) and Section 4.3/Table 3 (venting characteristics)",1,1,1,0
1759,357,https://doi.org/10.3390/batteries10040142,2,LG_MJ1_HeatGun_Overheat,"Figure 5 (temperatures and forces), Figure 7 (temperature distributions), Section 4.1 (transition time and reheating note) and Section 4.3/Table 3 (venting characteristics)",1,1,1,0
1760,357,https://doi.org/10.3390/batteries10040142,3,LG_MJ1_ARC_HeatWaitSeek,Section 4.1 (ARC heat-wait-seek tests showed TR in LGMJ1 at ≈192.8 °C),1,0,0,0
1761,358,https://doi.org/10.3390/batteries10060182,1,Replicate_Series_SideHeater_58Ah_100SOC,Section 2.2; Figure 1; Section 3.1–3.2; Figure 3a–b; Figure A1; Figure 4a–b; Figure 5; Table 1; Table 2,1,1,1,0
1762,359,https://doi.org/10.3390/batteries10070243,1,P101_T25,"Figure 3a (max temperature), Figure 4 (Tvent, Ttr definition), Table 3 (total time, used as time-to-TR), Table 5 (max dT/dt), Sections 3.1–3.3",0,1,1,0
1763,359,https://doi.org/10.3390/batteries10070243,2,P70_T25,"Figure 3a (max temperature at 25 °C), Table 3 (total time), Table 5 (max dT/dt), Sections 3.1–3.3",0,1,1,0
1764,359,https://doi.org/10.3390/batteries10070243,3,P40_T25,"Figure 3a (max temperature at 25 °C), Table 3 (total time), Table 5 (max dT/dt), Sections 3.1–3.3",0,1,1,0
1765,359,https://doi.org/10.3390/batteries10070243,4,P101_T0,"Table 3 (total time), Table 5 (max dT/dt), Figure 4 (Tvent invariance), Sections 3.1–3.3",0,1,1,0
1766,359,https://doi.org/10.3390/batteries10070243,5,P70_T0,"Figure 3b (typical max temperatures at 70 kPa), Table 3 (total time), Table 5 (max dT/dt), Sections 3.2–3.3",0,1,1,0
1767,359,https://doi.org/10.3390/batteries10070243,6,P40_T0,"Table 3 (total time), Table 5 (max dT/dt), Figure 4 (Tvent invariance), Sections 3.1–3.3",0,1,1,0
1768,359,https://doi.org/10.3390/batteries10070243,7,P101_T-15,"Table 3 (total time), Table 5 (max dT/dt), Sections 3.1–3.3",0,1,0,0
1769,359,https://doi.org/10.3390/batteries10070243,8,P70_T-15,"Figure 3b (typical max temperatures at 70 kPa), Table 3 (total time), Table 5 (max dT/dt), Sections 3.2–3.3",0,1,1,0
1770,359,https://doi.org/10.3390/batteries10070243,9,P40_T-15,"Section 3.3 (Ttr and Tmax examples), Figure 4 (critical temperatures & definition), Table 3 (total time), Table 5 (max dT/dt)",1,1,1,0
1771,360,https://doi.org/10.3390/batteries10080270,1,N2_40kPa,"Sec. 2.3; Fig. 3 (setup); Sec. 3.1–3.2; Fig. 4 (temperatures at 40 kPa); Fig. 5 (pressures); Fig. 7 (venting gas evolution); Fig. 13 (topen, tTR); Conclusions (vent Tv values)",0,0,0,0
1772,360,https://doi.org/10.3390/batteries10080270,2,N2_60kPa,"Sec. 2.3; Fig. 3; Fig. 8a–b (Ts peak 283.5 °C at 1974 s); Fig. 13 (topen 1455 s, tTR 1519 s); Fig. 10–11 (pressures)",0,0,0,0
1773,360,https://doi.org/10.3390/batteries10080270,3,N2_80kPa,"Sec. 2.3; Fig. 3; Fig. 8a–b (Ts peak 278.6 °C at 1634 s); Fig. 13 (topen 1401 s, tTR 1432 s); Fig. 10–11 (pressures)",0,0,0,0
1774,360,https://doi.org/10.3390/batteries10080270,4,N2_101kPa,"Sec. 2.3; Fig. 3; Fig. 8a–b (Ts peak 218.1 °C at 1556 s); Fig. 13 (topen 1301 s, tTR 1329 s); Fig. 10–11 (pressures)",0,0,0,0
1775,361,https://doi.org/10.3390/batteries10090298,1,A_18650_single_95kPa,"Figure 4a (timeline), Figure 7 (t1, t2 averages), Figure 8b (surface temperature), Figure 10b (peak temperatures), Section 3.1.1–3.3",1,0,1,0
1776,361,https://doi.org/10.3390/batteries10090298,2,A_18650_single_20kPa,"Figure 4a (timeline), Figure 7 (t1, t2 averages), Figure 8b (surface temperature), Figure 10b (peak temperatures), Sections 3.1.1–3.3, 3.5–3.6",0,0,1,0
1777,361,https://doi.org/10.3390/batteries10090298,3,B_18650_five_95kPa,"Figure 4a (five-cells timeline), Figure 8b (surface temperature), Figure 10b (peak temperatures), Section 3.1.1 and 3.3",1,0,1,0
1778,361,https://doi.org/10.3390/batteries10090298,4,B_18650_five_20kPa,"Figure 4a (five-cells 20 kPa timeline), Figure 8b (surface temperature), Figure 10b (peak temperatures), Sections 3.1.1–3.3",0,0,1,0
1779,361,https://doi.org/10.3390/batteries10090298,5,C_Pouch_10Ah_95kPa,"Figure 6a (10 Ah timeline), Figure 7 (t1, t2 averages), Figure 8b (surface temperature), Figure 10b (peak temperatures), Section 3.1.2–3.3",1,0,1,0
1780,361,https://doi.org/10.3390/batteries10090298,6,C_Pouch_10Ah_20kPa,"Figure 6a (10 Ah 20 kPa timeline), Figure 7 (t1, t2 averages), Figure 8b (surface temperature), Figure 10b (peak temperatures), Sections 3.1.2–3.6",0,0,1,0
1781,361,https://doi.org/10.3390/batteries10090298,7,D_Pouch_15Ah_95kPa,"Figure 6a (15 Ah 95 kPa timeline), Figure 7 (t1, t2 averages), Figure 8b (surface temperature), Figure 10b (peak temperatures), Sections 3.1.2–3.3",0,0,1,0
1782,361,https://doi.org/10.3390/batteries10090298,8,D_Pouch_15Ah_20kPa,"Figure 6a (15 Ah 20 kPa timeline), Figure 7 (t1, t2 averages), Figure 8b (surface temperature), Figure 10b (peak temperatures), Sections 3.1.2–3.6",0,0,1,0
1783,362,https://doi.org/10.3390/batteries10100370,1,INERIS_TIAMAT_NVPFHC_CartridgeHeaters,Figure 14; Section 4.2; discussion referencing Ref. [181],1,0,1,0
1784,362,https://doi.org/10.3390/batteries10100370,2,LiB_NMC622_SideHeating,Figure 15; Section 4.2; Ref. [184],1,0,1,0
1785,362,https://doi.org/10.3390/batteries10100370,3,LiB_NMC811_SideHeating,Figure 15; Section 4.2; Ref. [184],1,0,1,0
1786,362,https://doi.org/10.3390/batteries10100370,4,LiB_NMC90505_SideHeating,Figure 15; Section 4.2; Ref. [184],1,0,1,0
1787,362,https://doi.org/10.3390/batteries10100370,5,LiB_LFP_SideHeating,Figure 15; Section 4.2; Ref. [184],1,0,1,0
1788,362,https://doi.org/10.3390/batteries10100370,6,Na_NFM_ARC_HeatWaitSeek,Figure 16; Section 4.2; Ref. [102],1,0,1,0
1789,362,https://doi.org/10.3390/batteries10100370,7,TIAMAT_NVPF_NoTR_Overheating,Table 2 (TIAMAT entry) and Ref. [123],0,1,0,0
1790,363,https://doi.org/10.3390/batteries11010024,1,LFP_50Ah_SideHeat,"Figure 6a (Tf-TR, Tf-max, Tb-max); Section 3.1 process description; Figure 7b and Conclusions (heating energy).",1,0,1,0
1791,363,https://doi.org/10.3390/batteries11010024,2,NIBs_50Ah_SideHeat,"Figure 6a (Tf-TR, Tf-max, Tb-max); Section 3.1 staging; Figure 7b and Conclusions (tQ≈394 s, Q≈158 kJ).",1,0,1,0
1792,363,https://doi.org/10.3390/batteries11010024,3,NCM523_50Ah_SideHeat,"Figure 6a (Tf-TR, Tf-max, Tb-max); Section 3.1 staging (NCM behavior); Figure 7b (tQ≈685 s, Q≈274 kJ).",1,0,1,0
1793,363,https://doi.org/10.3390/batteries11010024,4,NCM622_50Ah_SideHeat,"Figure 6a (Tf-TR, Tf-max, Tb-max); Section 3.1 staging (NCM behavior); Figure 7b (tQ≈656 s, Q≈262 kJ).",1,0,1,0
1794,364,https://doi.org/10.3390/batteries11030096,1,FullBody_20W,"Section 3.1.1; Figures 9–11 (process, temperature/mass, box plots); Figure 1b (group counts)",1,0,1,0
1795,364,https://doi.org/10.3390/batteries11030096,2,FullBody_30W,Section 3.1.1; Figure 11 (box plots); Figure 1b (group counts),1,0,1,0
1796,364,https://doi.org/10.3390/batteries11030096,3,Bottom_50W,Section 3.1.1; Figure 11 (box plots); Figure 1b (group counts),1,0,1,0
1797,364,https://doi.org/10.3390/batteries11030096,4,Bottom_70W,Section 3.1.1; Figure 11 (box plots); Figure 1b (group counts),1,0,1,0
1798,364,https://doi.org/10.3390/batteries11030096,5,Bottom_90W,Section 3.1.1; Figure 11 (box plots); Figure 1b (group counts),1,0,1,0
1799,365,https://doi.org/10.3390/batteries11050184,1,NFPP_ARC_100SOC,"Figure 5a–b, Figure 6, and Table 2",0,1,1,0
1800,365,https://doi.org/10.3390/batteries11050184,2,NFM_ARC_100SOC,Figure 7a–d and Table 2,0,1,1,0
1801,366,https://doi.org/10.3390/batteries11050202,1,SOC_100_HeaterWrap,Figure 3e and Figure 3f; Section 3.2,1,0,1,0
1802,367,https://doi.org/10.3390/batteries11060216,1,WaterMist_Ma_18650_LFP,Figure 6 and text in Section 3.1.2 [65],1,0,1,0
1803,367,https://doi.org/10.3390/batteries11060216,2,FineWaterMist_Liu_SingleCell,Section 3.1.2 text [66],1,0,0,0
1804,367,https://doi.org/10.3390/batteries11060216,3,WaterMistThreshold_Liu_2020_TRP,Section 3.1.2 text [67],1,0,0,0
1805,367,https://doi.org/10.3390/batteries11060216,4,IntermittentMist_C6F12O_Yao,Section 3.1.2 text [68],1,0,0,0
1806,367,https://doi.org/10.3390/batteries11060216,5,WaterMist_Additives_Xu,Section 3.1.2 text [69],1,0,0,0
1807,367,https://doi.org/10.3390/batteries11060216,6,Immersion_Ye_20mm,Section 3.1.3 text [24],1,0,0,0
1808,367,https://doi.org/10.3390/batteries11060216,7,Immersion_Ye_70mm,Section 3.1.3 text [24],1,0,0,0
1809,367,https://doi.org/10.3390/batteries11060216,8,Immersion_Liu_HFE7000,Figure 7 [25],0,0,1,0
1810,367,https://doi.org/10.3390/batteries11060216,9,Immersion_Liu_SF33,Figure 7 [25],0,0,1,0
1811,367,https://doi.org/10.3390/batteries11060216,10,Immersion_Sadar_TransformerOil,Figure 8 [70],0,0,1,0
1812,367,https://doi.org/10.3390/batteries11060216,11,SPIC_Yang_280Ah_LFP,Figure 9 [71],0,0,1,0
1813,367,https://doi.org/10.3390/batteries11060216,12,PCM_Sadar,Figure 13 [70],0,0,1,0
1814,367,https://doi.org/10.3390/batteries11060216,13,PCM_Zhi_HydratedSaltComposite,Figure 14 and text [73],0,0,1,0
1815,367,https://doi.org/10.3390/batteries11060216,14,Hybrid_Ji_60Ah_PCCM_LCP,Section 3.3 text [81],1,0,0,0
1816,368,https://doi.org/10.3390/batteries11070242,1,Overheating_TR_18650_NCM622,Section 3.1; Figure 2; Figure 3a; Figure 5a; Figure 6a,1,0,1,0
1817,369,https://doi.org/10.3390/batteries11090320,1,A-1,Table 4; Section 2.5; Figure 1a,1,1,1,0
1818,369,https://doi.org/10.3390/batteries11090320,2,A-2,Table 4; Section 2.5; Figure 1a,1,1,1,0
1819,369,https://doi.org/10.3390/batteries11090320,3,A-3,Table 4; Section 2.5; Figure 1a,1,1,1,0
1820,369,https://doi.org/10.3390/batteries11090320,4,A-4,Table 4; Section 2.5; Figure 1a,1,1,1,0
1821,369,https://doi.org/10.3390/batteries11090320,5,A-5,Table 4; Section 2.5; Figure 1a,1,1,1,0
1822,369,https://doi.org/10.3390/batteries11090320,6,A-6,Table 4; Section 2.5; Figure 1a,1,1,1,0
1823,369,https://doi.org/10.3390/batteries11090320,7,A-7,Table 4; Section 2.5; Figure 1a,1,1,1,0
1824,369,https://doi.org/10.3390/batteries11090320,8,A-8,Table 4; Section 2.5; Figure 1a,1,1,1,0
1825,369,https://doi.org/10.3390/batteries11090320,9,A-9,Table 4; Section 3.2.1; Figure 1a,1,1,1,0
1826,369,https://doi.org/10.3390/batteries11090320,10,A-10,Table 4; Section 3.2.1; Figure 1a,1,1,1,0
1827,369,https://doi.org/10.3390/batteries11090320,11,A-11,Table 4; Section 3.2.1; Figure 1a,1,1,1,0
1828,369,https://doi.org/10.3390/batteries11090320,12,A-12,Table 4; Section 3.2.1; Figure 1a,1,1,1,0
1829,369,https://doi.org/10.3390/batteries11090320,13,A-13,Table 4; Section 3.2.1; Figure 1a,1,1,1,0
1830,369,https://doi.org/10.3390/batteries11090320,14,A-14,Table 4; Section 3.2.1; Figure 1a,1,1,1,0
1831,369,https://doi.org/10.3390/batteries11090320,15,A-15,Table 4; Section 3.2.1; Figure 2a; Figure 1a,1,1,1,0
1832,369,https://doi.org/10.3390/batteries11090320,16,A-16,Table 4; Section 3.2.1; Figure 1a,1,1,1,0
1833,369,https://doi.org/10.3390/batteries11090320,17,A-17,Table 4; Section 3.2.1; Figure 1a,1,1,1,0
1834,369,https://doi.org/10.3390/batteries11090320,18,A-18,Table 4; Section 3.2.1; Figure 1a,1,1,1,0
1835,369,https://doi.org/10.3390/batteries11090320,19,A-19,Table 4; Section 3.2.1; Figure 1a,1,1,1,0
1836,369,https://doi.org/10.3390/batteries11090320,20,A-20,Table 4; Section 3.2.1; Figure 1a,1,1,1,0
1837,369,https://doi.org/10.3390/batteries11090320,21,B-1,Table 5; Section 2.5; Figure 1b; Figure 4c,1,1,1,0
1838,369,https://doi.org/10.3390/batteries11090320,22,B-2,Table 5; Section 3.3.1; Figure 4c,1,1,1,0
1839,369,https://doi.org/10.3390/batteries11090320,23,B-3,Table 5; Section 3.3.1; Figure 4c,1,1,1,0
1840,369,https://doi.org/10.3390/batteries11090320,24,C-1,Table 5; Section 3.3.1; Figure 4b; Figure 1b,1,1,1,0
1841,369,https://doi.org/10.3390/batteries11090320,25,C-2,Table 5; Section 3.3.1; Figure 4b,1,1,1,0
1842,369,https://doi.org/10.3390/batteries11090320,26,C-3,Table 5; Section 3.3.1; Figure 4b,1,1,1,0
1843,369,https://doi.org/10.3390/batteries11090320,27,D-1,Table 5; Section 3.3.1; Figure 1b,1,1,1,0
1844,369,https://doi.org/10.3390/batteries11090320,28,D-2,Table 5; Section 3.3.1; Figure 1b,1,1,1,0
1845,369,https://doi.org/10.3390/batteries11090320,29,F-1,Table 5; Section 3.3.1; Figure 1b,1,1,1,0
1846,369,https://doi.org/10.3390/batteries11090320,30,F-2,Table 5; Section 3.3.1; Figure 1b,1,1,1,0
1847,369,https://doi.org/10.3390/batteries11090320,31,F-3,Table 5; Section 3.3.1; Figure 1b,1,1,1,0
1848,369,https://doi.org/10.3390/batteries11090320,32,G-1,Table 5; Section 3.3.1; Figure 4a; Figure 1b,1,1,1,0
1849,369,https://doi.org/10.3390/batteries11090320,33,G-2,Table 5; Section 3.3.1; Figure 4a,1,1,1,0
1850,369,https://doi.org/10.3390/batteries11090320,34,H-1,Table 5; Section 3.3.1; Figure 4b,1,1,1,0
1851,369,https://doi.org/10.3390/batteries11090320,35,E-1,Section 3.4.1; Figure 6; Figure 1b,1,0,1,0
1852,369,https://doi.org/10.3390/batteries11090320,36,E-2,Section 3.4.1; Figure 6; Figure 1b,1,0,1,0
1853,369,https://doi.org/10.3390/batteries11090320,37,I_EH_100_Inert_Aggregate,Table 7; Section 2.5; Figure 1a,1,1,1,0
1854,370,https://doi.org/10.3390/batteries11090339,1,SOC100_96kPa,Figure 2a; Table 2 (100%SOC-96kPa); Table 3 (100%SOC-96kPa); Sections 3.1 and 3.2,0,1,1,0
1855,370,https://doi.org/10.3390/batteries11090339,2,SOC100_70kPa,Figure 2a; Table 2 (100%SOC-70kPa); Table 3 (100%SOC-70kPa); Sections 3.1 and 3.2,0,1,1,0
1856,370,https://doi.org/10.3390/batteries11090339,3,SOC100_50kPa,Figure 2a; Table 2 (100%SOC-50kPa); Table 3 (100%SOC-50kPa); Sections 3.1 and 3.2,0,1,1,0
1857,370,https://doi.org/10.3390/batteries11090339,4,SOC50_96kPa,Figure 2b; Table 2 (50%SOC-96kPa); Table 3 (50%SOC-96kPa); Sections 3.1 and 3.2,0,1,1,0
1858,370,https://doi.org/10.3390/batteries11090339,5,SOC50_70kPa,Figure 2b; Table 2 (50%SOC-70kPa); Table 3 (50%SOC-70kPa); Sections 3.1 and 3.2,0,1,1,0
1859,370,https://doi.org/10.3390/batteries11090339,6,SOC50_50kPa,Figure 2b; Table 2 (50%SOC-50kPa); Table 3 (50%SOC-50kPa); Sections 3.1 and 3.2,0,1,1,0
1860,371,https://doi.org/10.3390/batteries11100371,1,ARC_N2,Section 3 (Battery Overheat Test) and Test Results paragraph; Table 1; Figure 1a,1,1,1,0
1861,371,https://doi.org/10.3390/batteries11100371,2,ARC_Air,Section 3 (Battery Overheat Test) and Test Results paragraph; Table 1; Figure 1a,1,1,1,0
1862,372,https://doi.org/10.3390/batteries11100373,1,Ohneseit_2023_LFP_21700_ARC_HWS_SOC100,"Table 2 (Ohneseit [78], ARC Thermal abuse HWS LFP 21700)",0,1,0,0
1863,372,https://doi.org/10.3390/batteries11100373,2,Ohneseit_2023_NCM_HighNi_21700_ARC_HWS_SOC100,"Table 2 (Ohneseit [78], ARC Thermal abuse HWS NCM 21700 high-nickel)",0,1,0,0
1864,372,https://doi.org/10.3390/batteries11100373,3,Ohneseit_2023_NCA_HighNi_21700_ARC_HWS_SOC100,"Table 2 (Ohneseit [78], ARC Thermal abuse HWS NCA 21700 high-nickel)",0,1,0,0
1865,372,https://doi.org/10.3390/batteries11100373,4,Shen_2023_LFP_AEC_Inert,"Table 2 (Shen [72], AEC Thermal abuse, LFP)",0,1,0,0
1866,372,https://doi.org/10.3390/batteries11100373,5,Shen_2023_NCM523_AEC_Inert,"Table 2 (Shen [72], AEC Thermal abuse, NCM523)",0,1,0,0
1867,372,https://doi.org/10.3390/batteries11100373,6,Shen_2023_NCM622_AEC_Inert,"Table 2 (Shen [72], AEC Thermal abuse, NCM622)",0,1,0,0
1868,372,https://doi.org/10.3390/batteries11100373,7,Shen_2023_NCM811_AEC_Inert,"Table 2 (Shen [72], AEC Thermal abuse, NCM811)",0,1,0,0
1869,372,https://doi.org/10.3390/batteries11100373,8,Shen_2023_NCM90505_AEC_Inert,"Table 2 (Shen [72], AEC Thermal abuse, NCM 9‑0.5‑0.5)",0,1,0,0
1870,372,https://doi.org/10.3390/batteries11100373,9,Wei_2022_NCM523_ThermalHeating,"Table 2 (Wei [88], Thermal abuse (heating) NCM523)",0,1,0,0
1871,372,https://doi.org/10.3390/batteries11100373,10,Jhu_2012_LCO_VSP2_ThermalAbuse,"Table 2 (Jhu [13], VSP2 Thermal abuse LCO)",0,1,0,0
1872,372,https://doi.org/10.3390/batteries11100373,11,Jhu_2012_NCM111_VSP2_ThermalAbuse,"Table 2 (Jhu [13], VSP2 Thermal abuse NCM111)",0,1,0,0
1873,373,https://doi.org/10.3390/batteries11100386,1,Cell_1_Trigger,"Section 2.1 (thermal runaway propagation test), Figure 2 (setup), Figure 6 (measured vs. simulated temperature), Figure 7b (measured rapid rise at ~100 s)",1,0,1,0
1874,373,https://doi.org/10.3390/batteries11100386,2,Cell_2_Center,"Section 2.1, Figure 2 (setup), Figure 6 (measured vs. simulated temperature), Figure 7b (measured rapid rise at ~300 s)",1,0,1,0
1875,373,https://doi.org/10.3390/batteries11100386,3,Cell_3_End,"Section 2.1, Figure 2 (setup), Figure 6 (measured vs. simulated temperature profiles showing coincident rapid rises in all cells)",1,0,1,0
1876,374,https://doi.org/10.1039/c8ra06458j,1,Exp_1,Table 2 (Exp. 1); Fig. 11; Sections 4.3 and 5.2,0,1,0,0
1877,374,https://doi.org/10.1039/c8ra06458j,2,Exp_2,Table 2 (Exp. 2); Section 4.3,1,1,0,0
1878,374,https://doi.org/10.1039/c8ra06458j,3,Exp_3,Table 2 (Exp. 3); Fig. 12; Sections 5.1 and 5.3,0,1,0,0
1879,374,https://doi.org/10.1039/c8ra06458j,4,Exp_4,Table 2 (Exp. 4); Section 4.3,1,1,0,0
1880,374,https://doi.org/10.1039/c8ra06458j,5,Exp_5,Table 2 (Exp. 5); Section 5.1,1,1,0,0
1881,374,https://doi.org/10.1039/c8ra06458j,6,Exp_6,Table 2 (Exp. 6); Sections 5.1 and 6.1,0,1,0,0
1882,374,https://doi.org/10.1039/c8ra06458j,7,Exp_7,Table 2 (Exp. 7); Fig. 13; Sections 5.4 and 6.1,0,1,0,0
1883,374,https://doi.org/10.1039/c8ra06458j,8,Exp_8,Table 2 (Exp. 8); Fig. 14; Sections 5.1 and 5.5,0,1,0,0
1884,374,https://doi.org/10.1039/c8ra06458j,9,Exp_9,Table 2 (Exp. 9); Section 4.3,1,1,0,0
1885,374,https://doi.org/10.1039/c8ra06458j,10,Exp_10,Table 2 (Exp. 10); Fig. 15; Section 5.6,1,1,0,0
1886,374,https://doi.org/10.1039/c8ra06458j,11,Exp_11,Table 2 (Exp. 11); Section 5.6,1,1,0,0
1887,375,https://doi.org/10.1002/celc.202500336,1,Discharged_2.0V_ARC,Figure 4d; Figure S3; main text paragraph describing ARC results,0,0,1,0
1888,375,https://doi.org/10.1002/celc.202500336,2,Charged_3.9V_ARC,Figure 4e; Figure S3; main text paragraph describing ARC results,0,0,1,0
1889,376,https://doi.org/10.1002/asia.202300820,1,DSC_TCN_Additive_SiAnodeMixture,Figure 4d,0,0,1,0
1890,376,https://doi.org/10.1002/asia.202300820,2,SSE_GlassyCeramic_with_NCM811,Figure 9e,0,0,1,0
1891,376,https://doi.org/10.1002/asia.202300820,3,SSE_Crystalline_with_NCM811,Figure 9e,0,0,1,0
1892,376,https://doi.org/10.1002/asia.202300820,4,DSC_TFEP_Fluorinated_Phosphate_Electrolyte,Figure 5b,0,0,1,0
1893,377,https://doi.org/10.1021/acs.chas.4c00121,1,21700_NCA_Ref61_G1,Table 9 (Ref. 61),0,1,0,0
1894,377,https://doi.org/10.1021/acs.chas.4c00121,2,21700_NCA_Ref61_G2,Table 9 (Ref. 61),0,1,0,0
1895,377,https://doi.org/10.1021/acs.chas.4c00121,3,21700_NMC_Ref119_G1,Table 9 (Ref. 119),0,1,0,0
1896,377,https://doi.org/10.1021/acs.chas.4c00121,4,21700_NMC_Ref119_G2,Table 9 (Ref. 119),0,1,0,0
1897,377,https://doi.org/10.1021/acs.chas.4c00121,5,21700_NMC_Ref119_G3,Table 9 (Ref. 119),0,1,0,0
1898,377,https://doi.org/10.1021/acs.chas.4c00121,6,21700_NMC_Ref118_G1,Table 9 (Ref. 118),0,1,0,0
1899,377,https://doi.org/10.1021/acs.chas.4c00121,7,21700_NMC_Ref124_G1,Table 9 (Ref. 124),0,1,0,0
1900,377,https://doi.org/10.1021/acs.chas.4c00121,8,21700_NMC_Ref124_G2,Table 9 (Ref. 124),0,1,0,0
1901,377,https://doi.org/10.1021/acs.chas.4c00121,9,21700_NMC532_Ref123,Table 9 (Ref. 123),0,1,0,0
1902,377,https://doi.org/10.1021/acs.chas.4c00121,10,18650_NMC_Ref76_G1,Table 4 (Ref. 76),0,1,0,0
1903,377,https://doi.org/10.1021/acs.chas.4c00121,11,18650_NMC_Ref76_G2,Table 4 (Ref. 76),0,1,0,0
1904,377,https://doi.org/10.1021/acs.chas.4c00121,12,18650_NCA_Ref104_G1,Table 5 (Ref. 104),0,1,0,0
1905,377,https://doi.org/10.1021/acs.chas.4c00121,13,18650_NCA_Ref104_G2,Table 5 (Ref. 104),0,1,0,0
1906,377,https://doi.org/10.1021/acs.chas.4c00121,14,18650_LCO_Ref91,Table 6 (Ref. 91),0,1,0,0
1907,377,https://doi.org/10.1021/acs.chas.4c00121,15,18650_LMO_Ref92,Table 7 (Ref. 92),0,1,0,0
1908,377,https://doi.org/10.1021/acs.chas.4c00121,16,18650_LFP_Ref112_3p6V,Table 8 (Ref. 112/115),0,1,0,0
1909,377,https://doi.org/10.1021/acs.chas.4c00121,17,18650_LFP_Ref95_Overcharge,Table 8 (Ref. 95),0,1,0,0
1910,377,https://doi.org/10.1021/acs.chas.4c00121,18,26650_LFP_Ref75_3p8V_3000mAh_G1,Table 10 (Ref. 75),0,1,0,0
1911,377,https://doi.org/10.1021/acs.chas.4c00121,19,26650_LFP_Ref75_4p2V_3000mAh_G2,Table 10 (Ref. 75),0,1,0,0
1912,377,https://doi.org/10.1021/acs.chas.4c00121,20,26650_LFP_Ref75_3p8V_2500mAh_G3,Table 10 (Ref. 75),0,1,0,0
1913,377,https://doi.org/10.1021/acs.chas.4c00121,21,26650_LCO_Ref106,Table 10 (Ref. 106),0,1,0,0
1914,377,https://doi.org/10.1021/acs.chas.4c00121,22,14500_LCO_Ref74_800mAh,Table 3 (Ref. 74),0,1,0,0
1915,377,https://doi.org/10.1021/acs.chas.4c00121,23,14500_LFP_Ref74_900mAh_3p7V,Table 3 (Ref. 74),0,1,0,0
1916,378,Computational Modelling of Thermal Runaway Propagation in Lithium-Ion Battery Systems (2019 IEEE ITEC-India),1,SingleModule_Case1,,0,0,0,0
1917,378,Computational Modelling of Thermal Runaway Propagation in Lithium-Ion Battery Systems (2019 IEEE ITEC-India),2,SingleModule_Case2,,0,0,0,0
1918,378,Computational Modelling of Thermal Runaway Propagation in Lithium-Ion Battery Systems (2019 IEEE ITEC-India),3,SingleModule_Case3,,0,0,0,0
1919,378,Computational Modelling of Thermal Runaway Propagation in Lithium-Ion Battery Systems (2019 IEEE ITEC-India),4,SingleModule_Case4,,0,0,0,0
1920,378,Computational Modelling of Thermal Runaway Propagation in Lithium-Ion Battery Systems (2019 IEEE ITEC-India),5,Pack_BD1,,0,0,0,0
1921,378,Computational Modelling of Thermal Runaway Propagation in Lithium-Ion Battery Systems (2019 IEEE ITEC-India),6,Pack_BD2,,0,0,0,0
1922,378,Computational Modelling of Thermal Runaway Propagation in Lithium-Ion Battery Systems (2019 IEEE ITEC-India),7,Pack_BD3,,0,0,0,0
1923,378,Computational Modelling of Thermal Runaway Propagation in Lithium-Ion Battery Systems (2019 IEEE ITEC-India),8,Pack_BD2_FB,,0,0,0,0
1924,379,https://doi.org/10.3390/cryst13091346,1,Case_1_NoMist_Control,Figure 2; Table 1; Section 3.1,1,1,1,0
1925,379,https://doi.org/10.3390/cryst13091346,2,Case_2_WM_80C_PreVent,"Table 1 (release temperature), Table 2 (cooling rate and QWM), Figure 5 (accumulated heat density), Section 3.1",1,1,1,0
1926,379,https://doi.org/10.3390/cryst13091346,3,Case_3_WM_108C_AtVent,"Table 1 (release temperature), Table 2 (cooling rate and QWM), Figure 5 (accumulated heat density), Section 3.1",1,1,1,0
1927,379,https://doi.org/10.3390/cryst13091346,4,Case_4_WM_~116C_3min_PostVent,"Table 1 (release temperature), Table 2 (cooling rate and QWM), Figure 5 (accumulated heat density), Section 3.1",1,1,1,0
1928,379,https://doi.org/10.3390/cryst13091346,5,Case_5_WM_~107C_3min_PostVent_600W,"Table 1 (release temperature), Table 2 (cooling rate and QWM), Figure 5 (accumulated heat density), Section 3.1",1,1,1,0
1929,379,https://doi.org/10.3390/cryst13091346,6,Case_6_WM_140C_AtTR_Onset,"Table 1 (release condition), Table 2 (QWM and cooling rates), Figure 6 (delay and temperature curves), Figure 9–11 (flame interaction), Sections 3.1–3.2",0,1,1,0
1930,379,https://doi.org/10.3390/cryst13091346,7,Case_7_WM_400C_PostTR_Max,"Table 1 (release condition), Table 2 (QWM and cooling rate), Figure 7 (cooling curves), Sections 3.1–3.2",0,1,1,0
1931,380,https://doi.org/10.1039/d4ee02302a,1,Pouch_PP_ARC,Fig. 5f; text in Thermal safety performance section; ARC protocol in Methods; Fig. S22,1,0,0,0
1932,380,https://doi.org/10.1039/d4ee02302a,2,Pouch_PBO-BN-PVDF_ARC,Fig. 5f; text in Thermal safety performance section (increase in Tc by 14.3 °C and delay by 82.7 min); ARC protocol in Methods; Fig. S22,1,0,0,0
1933,381,https://doi.org/10.1039/d5ta03776j,1,Pair_Control_Batt_I,Fig. 6(b); Fig. 7(a),0,0,0,0
1934,381,https://doi.org/10.1039/d5ta03776j,2,Pair_Control_Batt_II,Fig. 6(b); Fig. 7(b),0,0,0,0
1935,381,https://doi.org/10.1039/d5ta03776j,3,Pair_MC@NH_Batt_I,Fig. 6(c); Fig. 7(c),0,0,0,0
1936,381,https://doi.org/10.1039/d5ta03776j,4,Pair_MC@NH_Batt_II,Fig. 6(d); Fig. 7(d),0,0,0,0
1937,381,https://doi.org/10.1039/d5ta03776j,5,Module_Control_8cells,Fig. 8(b); Fig. 9(a),0,0,0,0
1938,381,https://doi.org/10.1039/d5ta03776j,6,Module_MC@NH_8cells,Fig. 8(c); Fig. 9(b)-(d),0,0,0,0
1939,382,https://doi.org/10.1021/acsami.1c04482,1,MMC_Charged_4V,Figure 4b and 'In situ Thermal Safety Aspects of NaCoO2 Cathode Using Multimode Calorimetry Analysis' (Section 2),1,0,1,0
1940,383,https://doi.org/10.3390/electronics12010200,1,Pack_SOC_100,Section 2.3 (setup); Fig. 2a–b; Section 3.1; Fig. 3a (event times); Fig. 4a (ΔT criterion); Fig. 6 (heat contribution analysis),1,0,0,0
1941,383,https://doi.org/10.3390/electronics12010200,2,Pack_SOC_50,Section 2.3 (setup); Section 3.1; Fig. 3b (event times); Fig. 4b (ΔT criterion),1,0,0,0
1942,384,https://doi.org/10.3390/electronics12071603,1,NCM523_AEC_SideHeating,Fig. 4a; Fig. 5c; Table 3; Section 3.1–3.2,1,1,0,0
1943,384,https://doi.org/10.3390/electronics12071603,2,NCM622_AEC_SideHeating,Fig. 4b; Fig. 5c; Table 3; Section 3.1–3.2,1,1,0,0
1944,384,https://doi.org/10.3390/electronics12071603,3,NCM811_AEC_SideHeating,Fig. 4c; Fig. 5c; Table 3; Section 3.1–3.2,1,1,0,0
1945,384,https://doi.org/10.3390/electronics12071603,4,NCM90505_AEC_SideHeating,Fig. 4d; Fig. 5c; Table 3; Section 3.1–3.2,1,1,0,0
1946,384,https://doi.org/10.3390/electronics12071603,5,LFP_AEC_SideHeating,Fig. 4e; Fig. 5c; Table 3; Fig. 6–7; Section 3.1–3.2,1,1,0,0
1947,385,https://doi.org/10.3390/en11092191,1,Sony18650_TR_104C,Section 2 (review); citing Ref. [12],1,0,0,0
1948,385,https://doi.org/10.3390/en11092191,2,Sony18650_TR_109C,Section 2 (review); citing Ref. [12],1,0,0,0
1949,385,https://doi.org/10.3390/en11092191,3,Sony18650_TR_144C,Section 2 (review); citing Ref. [12],1,0,0,0
1950,385,https://doi.org/10.3390/en11092191,4,LFP_Oven_TR_246C,Section 2 (review); citing Ref. [15],1,0,0,0
1951,386,https://doi.org/10.3390/en12163099,1,Module_12S1P_C7_DualSideHeating,Figure 1 (experimental setup); Figure 6 and Table 2 (temperature stages and key times); Table 3 (ISC onset temperatures and maxima); Table 6 (temperature-rate spikes and first gas eruption); Table 7 (thermal runaway propagation times).,0,1,1,0
1952,387,https://doi.org/10.3390/en13041010,1,Baseline_S4mm_Rs5mm_W10mm_Simulation,Figure 2 (Model verification) and Section 3 (first paragraph after Figure 2),1,0,1,0
1953,387,https://doi.org/10.3390/en13041010,2,Reference_Experiment_Lopez2015_S4mm,Model Verification section comparing to Lopez et al. [17]; Figure 2,1,0,1,0
1954,388,https://doi.org/10.3390/en16083398,1,Pack_24x60Ah_LFP_Burner_100SOC,"Section 3.1–3.3; Figure 6 (temperature and dT/dt; T2=102 °C at 892 s), Figure 7 (flame temperatures up to 939.7 °C), Figure 8 (HRR peaks); Table 2 (Tmax=609 °C).",1,1,1,0
1955,389,https://doi.org/10.3390/en16083485,1,SOC100,"Figure 2 (timeline, 100% SOC example), Figure 4 (temperature rate), Figure 5 (TR onset ~160 °C), Sections 3.1–3.2 and 4.1",0,0,1,0
1956,390,https://doi.org/10.3390/en16165967,1,Run_1,Figure 3 (TE and TS time histories) and related text in Section 3; Figure 4 (post-TR photos); Section 2.3 (procedure) and Table 1 (cell specifications),1,1,1,0
1957,391,https://doi.org/10.3390/en16237874,1,NCM811_117Ah_50SOC_ElevT,"Figure 8a, Table 4, Section 3.5",1,1,1,0
1958,391,https://doi.org/10.3390/en16237874,2,NCM811_117Ah_0SOC_ElevT,"Figure 8a, Table 4; Section 3.5 and Section 3.6 (Pattern 3)",1,1,1,0
1959,391,https://doi.org/10.3390/en16237874,3,LFP_280Ah_0SOC_RoomT,"Figure 8b, Table 4; Section 3.5 and Section 3.6 (Pattern 3)",1,1,1,0
1960,392,https://doi.org/10.3390/en17112566,1,SOC_50,Figure 3 (text in Section 2.2; experiment data from [26]),1,0,1,0
1961,392,https://doi.org/10.3390/en17112566,2,SOC_75,Figure 3 (text in Section 2.2; experiment data from [26]),1,0,1,0
1962,392,https://doi.org/10.3390/en17112566,3,SOC_100,Figure 3 (text in Section 2.2; experiment data from [26]),1,0,1,0
1963,393,https://doi.org/10.3390/en18010155,1,Cell_750Wh_Baseline_NoSuppression_Detailed,Figures 3–4 and Table 1 (Section 3.1),1,1,0,0
1964,393,https://doi.org/10.3390/en18010155,2,Cell_750Wh_Comparison_NoSuppress,Figure 7b (Section 3.2),1,0,1,0
1965,393,https://doi.org/10.3390/en18010155,3,Cell_750Wh_Comparison_N2,Figure 7b (Section 3.2),1,0,1,0
1966,393,https://doi.org/10.3390/en18010155,4,Cell_750Wh_Comparison_CO2,Figure 7b (Section 3.2),1,0,1,0
1967,393,https://doi.org/10.3390/en18010155,5,Cell_750Wh_Comparison_NOVEC1230,Figure 7b (Section 3.2),1,0,1,0
1968,393,https://doi.org/10.3390/en18010155,6,Cell_750Wh_Comparison_Infiltrant,Figure 7b (Section 3.2),1,0,1,0
1969,393,https://doi.org/10.3390/en18010155,7,Cell_750Wh_Comparison_Water,Figure 7b (Section 3.2),1,0,1,0
1970,393,https://doi.org/10.3390/en18010155,8,Module_7.5kWh_Test2_NoSuppression,Figure 14a (Section 3.3),1,0,1,0
1971,393,https://doi.org/10.3390/en18010155,9,Module_7.5kWh_Test2_Water_10Lmin,Figure 14b (Section 3.3),1,0,1,0
1972,393,https://doi.org/10.3390/en18010155,10,Module_7.5kWh_Test2-1_Infiltrant_15Lmin,Figure 15a (Section 3.3),1,0,1,0
1973,393,https://doi.org/10.3390/en18010155,11,Module_7.5kWh_Test2-2_Water_15Lmin,Figure 15b (Section 3.3),1,0,1,0
1974,393,https://doi.org/10.3390/en18010155,12,Module_7.5kWh_Test2-3_CO2_PreTR,Figure 16 (Section 3.3),1,0,1,0
1975,393,https://doi.org/10.3390/en18010155,13,Pack_74kWh_Test1_FreeCombustion,Figures 9 and 11; Section 3.3 (Test 1),1,0,0,0
1976,393,https://doi.org/10.3390/en18010155,14,Pack_74kWh_Test3-1_Water_Immediate,Figure 18a (Section 3.3),1,0,1,0
1977,393,https://doi.org/10.3390/en18010155,15,Pack_74kWh_Test3-2_Water_AfterPropagation,Figure 18b (Section 3.3),1,0,1,0
1978,394,https://doi.org/10.3390/en18051173,1,BP_1MPa,Section 2.1–2.3 (setup); Section 3.1 (timing); Figures 4b and 5a–5b (vent/TR concurrence at 800 s; gas output),1,0,0,0
1979,394,https://doi.org/10.3390/en18051173,2,BP_2MPa,"Section 2.1–2.3 (setup); Section 3.1 (vent at ~1000 s, TR ~1100 s); Figure 4a (pressure/temperature response); Figure 5b (gas output)",1,0,1,0
1980,394,https://doi.org/10.3390/en18051173,3,BP_3MPa,"Section 2.1–2.3 (setup); Section 3.1 (vent/TR ~simultaneous at ~1300 s; highest pressure/temperature; largest gas output); Figures 4b, 5a–5b; Sections 3.2–3.3 (post-mortem/XRD)",1,0,0,0
1981,395,https://doi.org/10.1002/ente.202300707,1,Adiabatic_Corner_W0.1_T30,Section 4.1; Figure 2a; Table 1,1,1,1,0
1982,395,https://doi.org/10.1002/ente.202300707,2,Adiabatic_Corner_W0.1_T80,Section 4.1; Figure 2b; Table 1,1,1,1,0
1983,395,https://doi.org/10.1002/ente.202300707,3,Adiabatic_Corner_W1.0_T30,Section 4.1; Figure 2c; Table 1,1,1,1,0
1984,395,https://doi.org/10.1002/ente.202300707,4,Adiabatic_Corner_W1.0_T80,Section 4.1; Figure 2d; Table 1,1,1,1,0
1985,395,https://doi.org/10.1002/ente.202300707,5,Adiabatic_Center_W0.1_T30,Section 4.1; Figure 3a; Table 1,1,1,1,0
1986,395,https://doi.org/10.1002/ente.202300707,6,Adiabatic_Center_W0.1_T80,Section 4.1; Figure 3b; Table 1,1,1,1,0
1987,395,https://doi.org/10.1002/ente.202300707,7,Adiabatic_Center_W1.0_T30,Section 4.1; Figure 3c; Table 1,1,1,1,0
1988,395,https://doi.org/10.1002/ente.202300707,8,Adiabatic_Center_W1.0_T80,Section 4.1; Figure 3d; Table 1,1,1,1,0
1989,395,https://doi.org/10.1002/ente.202300707,9,Convective_Corner_W0.1_T30,Section 4.2; Figure 5a; Table 2,1,1,1,0
1990,395,https://doi.org/10.1002/ente.202300707,10,Convective_Corner_W0.1_T80,Section 4.2; Figure 5b; Table 2,1,1,1,0
1991,395,https://doi.org/10.1002/ente.202300707,11,Convective_Corner_W1.0_T30,Section 4.2; Figure 5c; Table 2,1,1,1,0
1992,395,https://doi.org/10.1002/ente.202300707,12,Convective_Corner_W1.0_T80,Section 4.2; Figure 5d; Table 2,1,1,1,0
1993,395,https://doi.org/10.1002/ente.202300707,13,Convective_Center_W0.1_T30,Section 4.2; Figure 6a; Table 2,1,1,1,0
1994,395,https://doi.org/10.1002/ente.202300707,14,Convective_Center_W0.1_T80,Section 4.2; Figure 6b; Table 2,1,1,1,0
1995,395,https://doi.org/10.1002/ente.202300707,15,Convective_Center_W1.0_T30,Section 4.2; Figure 6c; Table 2,1,1,1,0
1996,395,https://doi.org/10.1002/ente.202300707,16,Convective_Center_W1.0_T80,Section 4.2; Figure 6d; Table 2,1,1,1,0
1997,396,https://doi.org/10.1002/ente.202300565,1,Cell_12.1,"Figure 2d (venting), Figure 3a (temperature curve), Figure 4 (peak temperatures), Sections 5.1–5.2",0,0,1,0
1998,396,https://doi.org/10.1002/ente.202300565,2,Cell_12.2,"Figure 2a–c (sensor example), Figure 2d (venting), Figure 3f (temperature curve), Figure 4 (peak temperatures), Sections 5.1–5.2",0,0,1,0
1999,396,https://doi.org/10.1002/ente.202300565,3,Cell_25.2,"Figure 2d (venting), Figure 3g (temperature curve), Figure 4 (peak temperatures), Sections 5.1–5.2",0,0,1,0
2000,396,https://doi.org/10.1002/ente.202300565,4,Cell_17.1,"Figure 3e (temperature curve), Figure 4 (peak temperatures), Sections 5.1–5.2",0,0,1,0
2001,396,https://doi.org/10.1002/ente.202300565,5,Cell_15.1,"Figure 3c (temperature curve), Figure 4 (peak temperatures), Sections 5.1–5.2",0,0,1,0
2002,396,https://doi.org/10.1002/ente.202300565,6,Cell_15.2,"Figure 3d (temperature curve), Figure 4 (peak temperatures), Sections 5.1–5.2",0,0,1,0
2003,397,https://doi.org/10.1002/ente.202401272,1,LIC_Heating_500W,Figure 3a; Section 3.2; Figure 4c,1,0,1,0
2004,397,https://doi.org/10.1002/ente.202401272,2,LIB_NCM6Ah_Heating_500W,Figure 3b; Section 3.2; Figure 4d,1,0,1,0
2005,398,https://doi.org/10.1002/ente.202501540,1,Capacity_1.6Ah_SOC100,Table 2; Figure 3a; Section 3.1,1,1,1,0
2006,398,https://doi.org/10.1002/ente.202501540,2,Capacity_5Ah_SOC100,Table 2; Figure 3b; Section 3.1,1,1,1,0
2007,398,https://doi.org/10.1002/ente.202501540,3,Capacity_10Ah_SOC100,Table 2; Figure 3c; Section 3.1,1,1,1,0
2008,398,https://doi.org/10.1002/ente.202501540,4,SOC_50pct_1.6Ah,Table 4; Figure 7b; Section 3.2,1,1,1,0
2009,398,https://doi.org/10.1002/ente.202501540,5,SOC_75pct_1.6Ah,Table 4; Figure 7c; Section 3.2,1,1,1,0
2010,398,https://doi.org/10.1002/ente.202501540,6,SOC_100pct_1.6Ah,Table 4; Figure 7d; Section 3.2,1,1,1,0
2011,399,https://doi.org/10.1149/2.0311816jes,1,ARC_25Ah_BatchNonUniform_TR,Figure 16c–d and section 'The influence of the ISC temperature (TISC*) on the TR behaviors',1,0,1,0
2012,399,https://doi.org/10.1149/2.0311816jes,2,ARC_25Ah_ET_80C,Experimental section; Figure 8b; Figure 11a–b,1,0,1,0
2013,399,https://doi.org/10.1149/2.0311816jes,3,ARC_25Ah_ET_90C,Experimental section; Figure 8b; Figure 11a–b,1,0,1,0
2014,399,https://doi.org/10.1149/2.0311816jes,4,ARC_25Ah_ET_100C,Experimental section; Figure 8b; Figure 11a–b; Figure 5d (electrolyte leakage hint),1,0,1,0
2015,399,https://doi.org/10.1149/2.0311816jes,5,ARC_25Ah_ET_110C,Experimental section; Figure 8b; Figure 11a–b,1,0,1,0
2016,399,https://doi.org/10.1149/2.0311816jes,6,ARC_25Ah_ET_120C,Experimental section; Figure 8b; Figure 11a–b; Results and Discussion (Figure 12a),1,0,1,0
2017,399,https://doi.org/10.1149/2.0311816jes,7,ARC_25Ah_ET_130C,"Experimental section; Figure 8b; Figure 11a–b; discussion of separator melting points and leakage (Figures 5, 21)",1,0,1,0
2018,399,https://doi.org/10.1149/2.0311816jes,8,ARC_25Ah_ET_140C,Experimental section; Figure 8b; capacity outcomes referenced in Figure 11b (capacity ~0 above ~130 °C),1,0,1,0
2019,399,https://doi.org/10.1149/2.0311816jes,9,ARC_25Ah_ET_160C,Experimental section; Figure 8b; Figure 11b (capacity approximately drops to zero for T_cool > 130 °C),1,0,1,0
2020,400,https://doi.org/10.3389/fenrg.2023.1230429,1,Run_1,"Experimental setup and procedure: Section 2.2–2.3, Fig. 1; TR definition and temperature/voltage evolution: Fig. 3; Jet-zone maximum temperatures per run: Fig. 5; Chamber conditions: Section 2.3.",1,0,0,0
2021,400,https://doi.org/10.3389/fenrg.2023.1230429,2,Run_2,"Experimental method: Section 2.2–2.3; Run-specific TE,max: Fig. 5; Pressure/jet analytics: Fig. 6; Mass loss and KLIB context: Table 3.",1,1,0,0
2022,400,https://doi.org/10.3389/fenrg.2023.1230429,3,Run_3,"Run-specific TE,max: Fig. 5; Procedures and TR criteria: Section 2.3; Sensor layout: Section 2.2; Additional context on ejection phases: Fig. 6 and Table 2.",1,1,0,0
2023,401,https://doi.org/10.1002/fam.2976,1,Exp_Verification_LocalHeating,Figure 5; Sections 2.2–2.4 and 4.1,0,0,1,0
2024,402,https://doi.org/10.3390/fire7040119,1,Fresh_RT_100SOH_100SOC,"Figure 4a (times/voltage), Figure 5 (max temperature), Figure 6a (temperature rise rate)",0,0,1,0
2025,402,https://doi.org/10.3390/fire7040119,2,Fresh_RT_100SOH_50SOC,"Figure 6b (TR times and rise rates), Figure 5 (max temperature), Figure 4b (temperature/voltage profile)",0,0,1,0
2026,402,https://doi.org/10.3390/fire7040119,3,Fresh_RT_100SOH_0SOC,"Figure 6c (TR time and rise rate), Figure 5 (max temperature), Figure 4c (temperature/voltage profile)",0,0,1,0
2027,402,https://doi.org/10.3390/fire7040119,4,RTAged_90SOH_100SOC,"Figure 11a (times/voltage), Table 3 (max temperature rise rates), Figure 10 (qualitative behavior)",0,1,1,0
2028,402,https://doi.org/10.3390/fire7040119,5,RTAged_90SOH_50SOC,"Figure 11b (times/voltage), Table 3 (max temperature rise rates), Figure 10 (qualitative behavior)",0,1,1,0
2029,402,https://doi.org/10.3390/fire7040119,6,RTAged_90SOH_0SOC,"Figure 11c (times/voltage), Table 3 (max temperature rise rates), Figure 10 (qualitative behavior)",0,1,1,0
2030,402,https://doi.org/10.3390/fire7040119,7,LowTempAged_-10C_90SOH_100SOC,"Figure 15a (times/voltage), Table 4 (max temperature rise rates), Figure 14 (qualitative behavior)",0,1,1,0
2031,402,https://doi.org/10.3390/fire7040119,8,LowTempAged_-10C_90SOH_50SOC,"Figure 15b (times/voltage), Table 4 (max temperature rise rates), Figure 14 (qualitative behavior)",0,1,1,0
2032,402,https://doi.org/10.3390/fire7040119,9,LowTempAged_-10C_90SOH_0SOC,"Figure 15c (times/voltage), Table 4 (max temperature rise rates), Figure 14 (qualitative behavior)",0,1,1,0
2033,403,https://doi.org/10.3390/fire8120479,1,LFP_26650_SOH80_ConeCalorimeter,"Figure 6a (LFP HRR curves), Figure 7 (flame images at 165 s, 300 s, 350 s), Sections 3, 4.1, and 4.2",0,0,1,0
2034,404,10.3389/fphy.2025.1615872,1,Ref_16_Thermal_LCO_NCM_LFP,,0,0,0,0
2035,404,10.3389/fphy.2025.1615872,2,Ref_17_Thermal_LFP_LTO_NMC,,0,0,0,0
2036,404,10.3389/fphy.2025.1615872,3,Ref_18_Thermal_LCO_NCM,,0,0,0,0
2037,404,10.3389/fphy.2025.1615872,4,Ref_19_Thermal_LCO,,0,0,0,0
2038,404,10.3389/fphy.2025.1615872,5,Ref_20_Thermal_NMC,,0,0,0,0
2039,404,10.3389/fphy.2025.1615872,6,Ref_22_Thermal_LCO_LMO_NMC_LFP,,0,0,0,0
2040,404,10.3389/fphy.2025.1615872,7,Ref_23_Thermal_NMC_LMO,,0,0,0,0
2041,404,10.3389/fphy.2025.1615872,8,Ref_24_Thermal_LFP_NMC_LMO,,0,0,0,0
2042,404,10.3389/fphy.2025.1615872,9,Ref_25_Thermal_NCA,,0,0,0,0
2043,404,10.3389/fphy.2025.1615872,10,Ref_26_Thermal_NCA,,0,0,0,0
2044,404,10.3389/fphy.2025.1615872,11,Ref_27_Thermal_NMC,,0,0,0,0
2045,404,10.3389/fphy.2025.1615872,12,Ref_28_Thermal_NMC,,0,0,0,0
2046,404,10.3389/fphy.2025.1615872,13,Ref_29_Thermal_Unknown,,0,0,0,0
2047,404,10.3389/fphy.2025.1615872,14,Ref_30_Thermal_NMC,,0,0,0,0
2048,405,https://doi.org/10.1149/2.1081908jes,1,Sample_1,Sample 1 section; Figure 3; Figure 4; Table III; Table IV,1,1,1,0
2049,405,https://doi.org/10.1149/2.1081908jes,2,Sample_2,Samples 2–3 section; Figure 5; Figure 6; Table III; Table IV,1,1,1,0
2050,405,https://doi.org/10.1149/2.1081908jes,3,Sample_3,Samples 2–3 section; Figure 5; Figure 6; Table III; Table IV,1,1,1,0
2051,405,https://doi.org/10.1149/2.1081908jes,4,Sample_4,Samples 4–5 section; Figure 7; Figure 8; Table III; Table IV,1,1,1,0
2052,405,https://doi.org/10.1149/2.1081908jes,5,Sample_5,Samples 4–5 section; Figure 7; Figure 8; Table III; Table IV,1,1,1,0
2053,405,https://doi.org/10.1149/2.1081908jes,6,Sample_6,Sample 6 section; Figure 9; Figure 10; Table III; Table IV,1,1,1,0
2054,406,https://doi.org/10.1073/pnas.2501549122,1,ARC_Control_Li||NCM811,"Results section ‘Pouch Cell Thermal Safety with FRI-Modified Cathodes’; Fig. 3A, 3C, 3E, 3G; Table 1",1,1,0,0
2055,406,https://doi.org/10.1073/pnas.2501549122,2,ARC_FRI@NCM811||Li,"Results section ‘Pouch Cell Thermal Safety with FRI-Modified Cathodes’; Fig. 3B, 3D, 3F, 3G; Fig. 4B–D; Table 1",1,1,0,0
2056,407,https://doi.org/10.1149/1945-7111/aceb35,1,ARC_Validation_FullSOC,Experiment methods and model validation (ARC test) and Figure 2,0,0,1,0
2057,408,https://doi.org/10.1049/esi2.12148,1,Fresh_0mL,Table 3; Fig. 9a; Fig. 10; Section 3.2,1,1,0,0
2058,408,https://doi.org/10.1049/esi2.12148,2,Drilled_0mL_NoWater,Table 3; Fig. 9; Fig. 10; Fig. 13; Section 3.2–3.3,1,1,0,0
2059,408,https://doi.org/10.1049/esi2.12148,3,Water_0.05mL,Table 3; Fig. 9b; Fig. 10; Section 3.1–3.2,1,1,0,0
2060,408,https://doi.org/10.1049/esi2.12148,4,Water_0.1mL,Table 3; Fig. 10; Fig. 11; Section 3.2,1,1,0,0
2061,408,https://doi.org/10.1049/esi2.12148,5,Water_0.15mL,Table 3; Fig. 10; Fig. 11; Section 3.2,1,1,0,0
2062,408,https://doi.org/10.1049/esi2.12148,6,Water_0.2mL,Table 3; Fig. 9c; Fig. 10; Fig. 11; Section 3.2,1,1,0,0
2063,409,https://doi.org/10.1155/er/6945609,1,HP_100_SOC_400W,Force threshold time from Fig. 3a (19.6 N/5 s at 4320 s) plus time interval to TR from Table 5 (3115 s); setup in Fig. 1; discussion in Section 3.1.1,1,1,0,0
2064,409,https://doi.org/10.1155/er/6945609,2,HP_100_SOC_600W,Force threshold time from Fig. 3b (19.6 N/5 s at 2290 s) plus interval to TR from Table 5 (2670 s); also consistent with temperature threshold in Fig. 2b and Table 4; Section 3.1.1,1,1,0,0
2065,409,https://doi.org/10.1155/er/6945609,3,HP_100_SOC_800W,Temperature threshold time from Fig. 2c (0.8 °C/5 s at 2195 s) plus interval to TR from Table 4 (1324 s); Section 3.1.1,1,1,0,0
2066,409,https://doi.org/10.1155/er/6945609,4,HP_100_SOC_1000W,Temperature threshold time from Fig. 2d (0.6 °C/5 s at 1095 s) plus interval to TR from Table 4 (1380 s); Section 3.1.1,1,1,0,0
2067,409,https://doi.org/10.1155/er/6945609,5,SOC_25_500W,Force threshold time from Fig. 6a (32.1 N/5 s at 621 s) plus interval to TR from Table 8 (2099 s); setup in Fig. 1; Section 3.1.2,1,1,0,0
2068,409,https://doi.org/10.1155/er/6945609,6,SOC_50_500W,Force threshold time from Fig. 6b (7.1 N/1 s at 935 s) plus interval to TR from Table 8 (2352 s); Section 3.1.2,1,1,0,0
2069,409,https://doi.org/10.1155/er/6945609,7,SOC_75_500W,Force threshold time from Fig. 6c (8.2 N/1 s at 1092 s) plus interval to TR from Table 8 (1552 s); Section 3.1.2,1,1,0,0
2070,409,https://doi.org/10.1155/er/6945609,8,SOC_100_500W,Temperature threshold time from Fig. 5d (0.53 °C/5 s at 1106 s) plus interval to TR from Table 7 (1402 s); consistent with force-based estimate from Fig. 6d and Table 8; Section 3.1.2,1,1,0,0
2071,410,https://doi.org/10.1002/er.7493,1,ParallelModule_TriggerCell_300W,Experimental setup: Fig. 1B–D; current/voltage timing and stages: Fig. 2B and Section 3; terminal/surface temperature behavior: Figs. 3–5; maximum surface temperature >500 °C and onset near 250 °C discussed in Fig. 5; temperature rise rates and power estimation: Fig. 7B and related text.,1,0,0,0
2072,411,https://doi.org/10.1002/er.7143,1,NCM622-PC_Gr_5Ah_ARC,Figure 1A–B and Section 3.1,1,0,1,0
2073,411,https://doi.org/10.1002/er.7143,2,NCM811-PC_Gr_5Ah_ARC,Figure 1A–B and Section 3.1,1,0,1,0
2074,411,https://doi.org/10.1002/er.7143,3,NCM811-PC_SiC_5Ah_ARC,Figure 1A–B and Section 3.1,1,0,1,0
2075,411,https://doi.org/10.1002/er.7143,4,NCM811-SC_SiC_5Ah_ARC,Figure 8 and Section 3.2,1,0,1,0
2076,411,https://doi.org/10.1002/er.7143,5,NCM811-PC_SiC_10Ah_ARC,Figure 8 and Section 3.2,1,0,1,0
2077,411,https://doi.org/10.1002/er.7143,6,NCM811-SC_SiC_10Ah_ARC,Figure 8 and Section 3.2,1,0,1,0
2078,412,https://doi.org/10.1002/er.8632,1,SoC_50_GC-MS_Preanalysis,Section 2.2 (GC-MS pre-analysis setup) and Section 3.1; Figure 3A,1,0,1,0
2079,412,https://doi.org/10.1002/er.8632,2,SoC_75_GC-MS_Preanalysis,Section 2.2 (GC-MS pre-analysis setup) and Section 3.1; Figure 3B,1,0,1,0
2080,412,https://doi.org/10.1002/er.8632,3,SoC_100_GC-MS_Preanalysis,Section 2.2 (GC-MS pre-analysis setup) and Section 3.1; Figure 3C,1,0,1,0
2081,413,10.1021/acsaem.5c01505,1,SOH_80_ARC,,0,0,0,0
2082,414,https://doi.org/10.1115/1.4068208,1,Experiment_1_Semisolid_NCM622,Sec. 2.3 (setup); Sec. 4.1 (temperature criteria); Fig. 5; Table 2; Fig. 6(a),0,1,0,0
2083,414,https://doi.org/10.1115/1.4068208,2,Experiment_2_Semisolid_NCM622,Sec. 2.3 (setup); Sec. 4.1 (temperature criteria); Fig. 5; Table 2; Fig. 6(a),0,1,0,0
2084,414,https://doi.org/10.1115/1.4068208,3,Reference_Liquid_NCM622_from_[15],"Table 1 (materials), Fig. 5, Table 2, Sec. 4.1 (comparative discussion)",0,1,0,0
2085,415,https://doi.org/10.1149/1945-7111/ad1ecc,1,ARC_100_SOC,Results and Discussion—ARC experiments; Figure 1a–1e; Table III,0,1,1,0
2086,415,https://doi.org/10.1149/1945-7111/ad1ecc,2,ARC_66_SOC,Results and Discussion—ARC experiments; Figure 1a–1e; Table III,0,1,1,0
2087,415,https://doi.org/10.1149/1945-7111/ad1ecc,3,ARC_33_SOC,Results and Discussion—ARC experiments; Figure 1a–1e; Table III,0,1,1,0
2088,415,https://doi.org/10.1149/1945-7111/ad1ecc,4,ARC_3_SOC,Results and Discussion—ARC experiments; Figure 1a–1e; Table III; narrative noting no T2 encountered for 3% SOC,0,1,1,0
2089,416,https://doi.org/10.1149/1945-7111/ae1ab5,1,Validation_3Layer_SAS,"Figure 2a–d, Figure 3; Table II; discussion in Model validation",0,1,1,0
2090,416,https://doi.org/10.1149/1945-7111/ae1ab5,2,C1P1_baseline,"Figures 5–6, Figure 9, Table IV",0,1,1,0
2091,416,https://doi.org/10.1149/1945-7111/ae1ab5,3,C2P1_baseline,"Figure 5 (C2P1 curves), Figure 6b",0,0,1,0
2092,416,https://doi.org/10.1149/1945-7111/ae1ab5,4,C3P1_baseline,"Figure 5 (C3P1), Figure 6c",0,0,1,0
2093,416,https://doi.org/10.1149/1945-7111/ae1ab5,5,C4P1_baseline,Figures 7–8; Figure 10 (safety map notes C4P1 largely prevents TRP),0,0,1,0
2094,416,https://doi.org/10.1149/1945-7111/ae1ab5,6,C5P1_baseline,Figures 7–8; Figure 10 (C5P1 shows ‘No TR’ in all cases),0,0,1,0
2095,416,https://doi.org/10.1149/1945-7111/ae1ab5,7,C4P3_baseline,Figures 11–13 (C4P3 shows no TRP across thermal conditions considered),0,0,0,0
2096,416,https://doi.org/10.1149/1945-7111/ae1ab5,8,C1P3_baseline,Figure 14 (C1P3 shows no TRP),0,0,1,0
2097,417,https://doi.org/10.1149/1945-7111/ad9b9d,1,ARC_Yu_2024_ref100,"Figure 7a in the review (ARC experiments), citing Ref. [100]",0,0,1,0
2098,417,https://doi.org/10.1149/1945-7111/ad9b9d,2,ARC_Ren_2021_ref66,Figure 4a and Table II (row for D. Ren et al. 66) in the review,0,1,1,0
2099,418,https://doi.org/10.1149/1945-7111/ad3aae,1,SingleCell_MethodA_ExternalHeater,"Single cell results in 'Results and Discussion' (Fig. 3, Fig. 4) and 'Experiments' section",1,0,0,0
2100,418,https://doi.org/10.1149/1945-7111/ad3aae,2,Multicell_MethodA_ExternalHeater_TwoTriggers,"Multicell tests in 'Results and Discussion' (Fig. 5, Fig. 6) and detailed description under 'Tests with multiple cell configuration'",0,0,0,0
2101,419,https://doi.org/10.1149/1945-7111/ac0b59,1,Fresh_0_cycles_ARC,Figure 10a; 'Thermal runaway behavior during different cycle numbers' section,1,0,1,0
2102,419,https://doi.org/10.1149/1945-7111/ac0b59,2,Aged_1000_cycles_ARC,Figure 10b; 'Thermal runaway behavior during different cycle numbers' section,1,0,1,0
2103,419,https://doi.org/10.1149/1945-7111/ac0b59,3,Aged_2000_cycles_ARC,Figure 10c and 10d; 'Thermal runaway behavior during different cycle numbers' section,1,0,1,0
2104,420,https://doi.org/10.3390/ma10030230,1,HP_6W_SOC40,Figure 2 and Table 2 (Section 3.1),1,1,1,0
2105,420,https://doi.org/10.3390/ma10030230,2,HP_10W_SOC40,Figure 2 and Table 2 (Section 3.1),1,1,1,0
2106,420,https://doi.org/10.3390/ma10030230,3,HP_20W_SOC40,Figure 2 and Table 2 (Section 3.1),1,1,1,0
2107,420,https://doi.org/10.3390/ma10030230,4,HP_30W_SOC40,Figure 2 and Table 2 (Section 3.1),1,1,1,0
2108,420,https://doi.org/10.3390/ma10030230,5,HP_40W_SOC40,Figure 2 and Table 2 (Section 3.1),1,1,1,0
2109,420,https://doi.org/10.3390/ma10030230,6,SOC_20pct_20W,Figure 4a and Table 3 (Section 3.2),1,1,1,0
2110,420,https://doi.org/10.3390/ma10030230,7,SOC_40pct_20W,Figure 4a and Table 3 (Section 3.2),1,1,1,0
2111,420,https://doi.org/10.3390/ma10030230,8,SOC_60pct_20W,Figure 4a and Table 3 (Section 3.2),1,1,1,0
2112,420,https://doi.org/10.3390/ma10030230,9,SOC_80pct_20W,Figure 4a and Table 3 (Section 3.2),1,1,1,0
2113,420,https://doi.org/10.3390/ma10030230,10,SOC_99pct_20W,Figure 4a and Table 3 (Section 3.2),1,1,1,0
2114,420,https://doi.org/10.3390/ma10030230,11,SOC_Over100pct_20W,Figure 4a and Table 3; discussion in Section 3.2,1,1,1,0
2115,421,https://doi.org/10.3390/mi16050544,1,SOC_100,Figure 5a and Section 3.1; Figures 1–4 and Section 2.3 for setup,1,0,1,0
2116,421,https://doi.org/10.3390/mi16050544,2,SOC_75,Figure 5b and Section 3.1; Figures 1–4 and Section 2.3 for setup,1,0,1,0
2117,421,https://doi.org/10.3390/mi16050544,3,SOC_50,Figure 5c and Section 3.1; Figures 1–4 and Section 2.3 for setup,1,0,1,0
2118,421,https://doi.org/10.3390/mi16050544,4,SOC_25,Figure 5d and Section 3.1; Figures 1–4 and Section 2.3 for setup,1,0,1,0
2119,421,https://doi.org/10.3390/mi16050544,5,SOC_0,Figure 5e and Section 3.1; Figures 1–4 and Section 2.3 for setup,1,0,1,0
2120,422,https://doi.org/10.1149/1945-7111/ac3715,1,Sim_C_WoodPartition_eps1,Simulation C; Figure 6 (temperature–time) and Figure 7 (temperature fields),0,0,1,0
2121,422,https://doi.org/10.1149/1945-7111/ac3715,2,Sim_D_WoodPartition_eps1,Simulation D; Figure 8a (temperature–time) and Figure 9a (temperature fields),0,0,1,0
2122,422,https://doi.org/10.1149/1945-7111/ac3715,3,Sim_D_AluminumPartition_eps0.1,Simulation D; Figure 8b (temperature–time) and Figure 9b (temperature fields),0,0,1,0
2123,422,https://doi.org/10.1149/1945-7111/ac3715,4,Sim_E_WoodPartition_eps0.1,Simulation E; Figure 10a (temperature–time) and Figure 11 (temperature fields),0,0,1,0
2124,422,https://doi.org/10.1149/1945-7111/ac3715,5,Sim_E_WoodPartition_eps1,"Simulation E; Figure 10b (temperature–time), Figure 11 (temperature fields), and Figure 12 (radiative vs total heat flux)",0,0,1,0
2125,423,https://doi.org/10.1038/ncomms7924,1,Cell_1_2.6Ah_InternalSupport,"Fig. 2a (temperature/time & hotspot timeline), Fig. 6 (radiography of propagation and copper melting), Fig. 4a (post-vent internal structure), Methods ‘Thermal abuse tests’",0,0,0,0
2126,423,https://doi.org/10.1038/ncomms7924,2,Cell_2_2.2Ah_NoSupport,"Fig. 2b (temperature/time), Fig. 7 (radiography showing initiation and ejection within <0.1 s), Fig. 4b (post-vent internal collapse), Methods ‘Thermal abuse tests’",0,0,0,0
2127,424,https://doi.org/10.1016/j.heliyon.2024.e31203,1,NCM111_40Ah,"Section 2.2 (methods); Fig. 1 (setup); Fig. 2 (TS and pressure trends); Table 1 (cell specifications); Table 3 (TS,max and K)",1,1,0,0
2128,424,https://doi.org/10.1016/j.heliyon.2024.e31203,2,NCM523_50Ah,Section 2.2 (methods); Fig. 1; Fig. 2; Table 1; Table 3,1,1,0,0
2129,424,https://doi.org/10.1016/j.heliyon.2024.e31203,3,NCM622_50Ah,Section 2.2; Fig. 1; Fig. 2; Table 1; Table 3,1,1,0,0
2130,424,https://doi.org/10.1016/j.heliyon.2024.e31203,4,NCM811_256Ah,"Section 2.2; Fig. 1; Fig. 2 (pressure rise precedes voltage drop and TS increase); Table 1; Table 3 (TS,max = 617.9 °C; K = 62.8 kPa·m·s−1)",1,1,0,0
2131,424,https://doi.org/10.1016/j.heliyon.2024.e31203,5,NCM90505_186.5Ah,"Section 2.2; Fig. 1; Fig. 2; Table 1; Table 3 (TS,max = 650.0 °C; K = 48.3 kPa·m·s−1)",1,1,0,0
2132,425,https://doi.org/10.1016/j.joule.2018.06.015,1,EV+ARC_FullCell_TR,"Figure 2 (T1=115.2 °C; T2=231 °C; T3=815 °C), Figure 3 (max dT/dt 20.1 °C/s; voltage >2.0 V until near peak; venting/burst around 145 °C noted with reference to Fig. S5); section 'Thermal Runaway of Lithium-Ion Batteries with Ceramic Separator and PET/Ceramic Separator'.",1,0,1,0
2133,425,https://doi.org/10.1016/j.joule.2018.06.015,2,EV+ARC_LN_freeze_206C,Figure 8A–B and 'Liquid-Nitrogen-Ceased Thermal Runaway and Post-test Analysis' section (temperature halted at 206 °C and dropped to ~−100 °C; cells preserved without TR; separator intact).,1,0,1,0
2134,426,https://doi.org/10.1016/j.joule.2020.03.012,1,LAGP_Li_ARC,Figure 2A–B; Table 1; Results and Discussion sections,0,1,1,0
2135,426,https://doi.org/10.1016/j.joule.2020.03.012,2,LATP_Li_ARC,Figure 2C–D; Table 1; Figure 3D–E; Discussion,0,1,1,0
2136,426,https://doi.org/10.1016/j.joule.2020.03.012,3,LLTO_Li_ARC,Figure 2E–F; Table 1; Results and Discussion sections,0,1,1,0
2137,426,https://doi.org/10.1016/j.joule.2020.03.012,4,LLZO_Li_ARC,Figure 2G–H; Table 1; Results section,1,1,1,0
2138,426,https://doi.org/10.1016/j.joule.2020.03.012,5,LLTO_Li_with_Li2CO3_layer_ARC,Discussion section; Figure S11 (Supplemental Information),1,0,1,0
2139,427,https://doi.org/10.1016/j.joule.2022.02.015,1,Pouch_100SOC_DME-DOL,Figure 1A; Results and Discussion: Thermal runaway of pouch cell,0,0,1,0
2140,427,https://doi.org/10.1016/j.joule.2022.02.015,2,Pouch_0SOC_DME-DOL,Figure 1A; Results: Thermal runaway of pouch cell,0,0,1,0
2141,427,https://doi.org/10.1016/j.joule.2022.02.015,3,Pouch_Dry_NoElectrolyte,Supplementary Figures S5–S6; Results: Thermal runaway of pouch cell,0,0,0,0
2142,427,https://doi.org/10.1016/j.joule.2022.02.015,4,Pouch_TEGDME_Electrolyte,Figure 4B; Results: Thermal performance of Li-S cell with thermally stable electrolyte,0,0,1,0
2143,427,https://doi.org/10.1016/j.joule.2022.02.015,5,Pouch_AllSolidState_LPSCl_In,Figure 4D; Figure 5G–I; Results: Thermal runaway test for all-solid-state Li-S cell,0,0,1,0
2144,427,https://doi.org/10.1016/j.joule.2022.02.015,6,EleOnly_Pristine_DME-DOL,Figure 1D and Figure S9; Results: Thermal stabilities and compatibilities of battery components,0,0,1,0
2145,427,https://doi.org/10.1016/j.joule.2022.02.015,7,EleOnly_Cycled_DME-DOL,Figure 1D; Figure S11; Results: Thermal stabilities and compatibilities of battery components,0,0,1,0
2146,427,https://doi.org/10.1016/j.joule.2022.02.015,8,CycledElePlusCathode,Figure 1C; Figure S11; Results: Thermal stabilities and compatibilities of battery components,0,0,1,0
2147,427,https://doi.org/10.1016/j.joule.2022.02.015,9,Pouch_Low_ES,Figure S13; Results: Gassing and pressure building up during thermal runaway,0,0,1,0
2148,428,https://doi.org/10.1016/j.isci.2021.102854,1,SingleCell_100SOC_Pretest,"Figure 1, Figure 2A–B (text: “The peak temperature of the LIB at 100% SOC was 703.6 °C…”, safety valve open temperatures for 0% and 100% SOCs)",0,0,1,0
2149,428,https://doi.org/10.1016/j.isci.2021.102854,2,Array_30SOC_NoAgents,Figure 4A; text in ‘The TR behaviors of LIB arrays’,0,0,1,0
2150,428,https://doi.org/10.1016/j.isci.2021.102854,3,Array_70SOC_NoAgents,Figure 4A–B; related discussion in ‘The TR behaviors of LIB arrays’,0,0,1,0
2151,428,https://doi.org/10.1016/j.isci.2021.102854,4,Array_100SOC_NoAgents,Figure 4A; Table 1; text discussing critical storage heat,0,1,1,0
2152,428,https://doi.org/10.1016/j.isci.2021.102854,5,Array_70SOC_WaterSpray,Figure 5B; Figure 6A; Table 2 (DTa’r and Qab for water); Table 3 (water consumption and number of TR cells),0,1,1,0
2153,428,https://doi.org/10.1016/j.isci.2021.102854,6,Array_70SOC_ABC_UltrafinePowder,Figure 5C; Figure 6A–B; Table 2 (DTa’r and Qab for ABC); Table 3 (TR counts with ABC),0,1,1,0
2154,428,https://doi.org/10.1016/j.isci.2021.102854,7,Array_70SOC_BC_UltrafinePowder,Figure 5D; Figure 6A–B (average maximum temperature ≈778.1 °C); Table 2 (DTa’r and Qab for BC); Table 3 (TR counts with BC),0,1,1,0
2155,428,https://doi.org/10.1016/j.isci.2021.102854,8,Array_70SOC_Novec1230,Figure 5E; Figure 6A–B (average maximum temperature ≈783.9 °C); Figure 7 (CO reduction); Table 2; Table 3,0,1,1,0
2156,429,https://doi.org/10.1016/j.xcrp.2023.101705,1,Prismatic_SideHeating,Table 2; Fig. 4A; Experimental bench and method section,1,1,0,0
2157,429,https://doi.org/10.1016/j.xcrp.2023.101705,2,Pouch_SideHeating,Table 2; Fig. 4B; Experimental bench and method section,1,1,0,0
2158,429,https://doi.org/10.1016/j.xcrp.2023.101705,3,Prismatic_OvenHeating,Table 2; Fig. 4G and Fig. 6G (two venting events and pressure evolution),0,1,0,0
2159,429,https://doi.org/10.1016/j.xcrp.2023.101705,4,Pouch_OvenHeating,Table 2; Fig. 4H; Venting behavior and gas composition sections (Fig. 7B),0,1,0,0
2160,430,https://doi.org/10.1016/j.xcrp.2024.102056,1,ARC_CLCO_PEO_LiTFSI_Li_4p5mAh,Table 1 (Lu et al.24) and Figure 5C–E; Adiabatic abuse characteristics of polymer-based ASSBs,0,1,1,0
2161,430,https://doi.org/10.1016/j.xcrp.2024.102056,2,ARC_LFP_PPF15wt_C,Table 1 (Yuan et al.35); Adiabatic abuse characteristics of polymer-based ASSBs,0,1,0,0
2162,430,https://doi.org/10.1016/j.xcrp.2024.102056,3,ARC_LFP_PPF15wt_Li,Table 1 (Yuan et al.35); Adiabatic abuse characteristics of polymer-based ASSBs,0,1,0,0
2163,430,https://doi.org/10.1016/j.xcrp.2024.102056,4,ARC_LCO_CAPGL_Li,Table 1 (Lv et al.33); Adiabatic abuse characteristics of polymer-based ASSBs,0,1,0,0
2164,430,https://doi.org/10.1016/j.xcrp.2024.102056,5,ARC_LCO_DSM_SPE_Li_3Ah,Table 1 (Wang et al.34); Adiabatic abuse characteristics of polymer-based ASSBs,0,1,0,0
2165,430,https://doi.org/10.1016/j.xcrp.2024.102056,6,ARC_LCO_PEO_LiTFSI_Li_3Ah,Table 1 (Wang et al.34); Adiabatic abuse characteristics of polymer-based ASSBs,0,1,0,0
2166,430,https://doi.org/10.1016/j.xcrp.2024.102056,7,ARC_Li_BNRA_LATP_LFP,Table 1 and Figure 12A–C (Zhu et al.19); Figure 8A,0,1,1,0
2167,430,https://doi.org/10.1016/j.xcrp.2024.102056,8,ARC_Li_LATP_LFP_Uncoated,Table 1 and Figure 8A; Adiabatic abuse characteristics of inorganic ASSBs (Zhu et al.19),0,1,1,0
2168,430,https://doi.org/10.1016/j.xcrp.2024.102056,9,ARC_Li_LPS_Li_Uncycled,Table 1 (Vishnugopi et al.15); Figure 8D–F,0,1,1,0
2169,430,https://doi.org/10.1016/j.xcrp.2024.102056,10,ARC_Li_LPSCl_Li_Uncycled,Table 1 (Vishnugopi et al.15),0,1,0,0
2170,430,https://doi.org/10.1016/j.xcrp.2024.102056,11,ARC_Li_LSPS_Li_Uncycled,Table 1 (Vishnugopi et al.15),0,1,0,0
2171,430,https://doi.org/10.1016/j.xcrp.2024.102056,12,ARC_Li_LPS_Li_Cycled,Table 1 (Vishnugopi et al.15),0,1,0,0
2172,430,https://doi.org/10.1016/j.xcrp.2024.102056,13,ARC_Li_LPSCl_Li_Cycled,Table 1 (Vishnugopi et al.15),0,1,0,0
2173,430,https://doi.org/10.1016/j.xcrp.2024.102056,14,ARC_Li_LSPS_Li_Cycled,Table 1 (Vishnugopi et al.15),0,1,0,0
2174,430,https://doi.org/10.1016/j.xcrp.2024.102056,15,ARC_LCO_LPS_Li_Uncycled_1Ah,Table 1 and Figure 3F–G; Figure 8D–F (Vishnugopi et al.15),0,1,1,0
2175,430,https://doi.org/10.1016/j.xcrp.2024.102056,16,ARC_LCO_LPSCl_Li_Uncycled_1Ah,Table 1 (Vishnugopi et al.15); Figure 3F–G,0,1,1,0
2176,430,https://doi.org/10.1016/j.xcrp.2024.102056,17,ARC_LCO_LSPS_Li_Uncycled_1Ah,Table 1 (Vishnugopi et al.15),0,1,0,0
2177,430,https://doi.org/10.1016/j.xcrp.2024.102056,18,ARC_LCO_LPS_Li_Cycled_1Ah,Table 1 (Vishnugopi et al.15),0,1,0,0
2178,430,https://doi.org/10.1016/j.xcrp.2024.102056,19,ARC_LCO_LPSCl_Li_Cycled_1Ah,Table 1 (Vishnugopi et al.15),0,1,0,0
2179,430,https://doi.org/10.1016/j.xcrp.2024.102056,20,ARC_LCO_LSPS_Li_Cycled_1Ah,Table 1 (Vishnugopi et al.15),0,1,0,0
2180,430,https://doi.org/10.1016/j.xcrp.2024.102056,21,ARC_Li_Li6PS5Cl_S,Table 1 and Figure 8C (Huang et al.7),0,1,1,0
2181,430,https://doi.org/10.1016/j.xcrp.2024.102056,22,Flame_LFP_PI_DBDPE_PEO_LiTFSI_LTO,Table 2 and Figure 9A–G (Cui et al.20),0,1,1,0
2182,430,https://doi.org/10.1016/j.xcrp.2024.102056,23,Flame_Li_PMMA_LFP,Table 2 (Chen et al.37),0,1,0,0
2183,430,https://doi.org/10.1016/j.xcrp.2024.102056,24,Flame_NCM_PTFE_LLZTO_SN_Li,Table 2 (Jiang et al.38),0,1,0,0
2184,430,https://doi.org/10.1016/j.xcrp.2024.102056,25,Flame_LCO_PMLSE_Li,Table 2 (Sun et al.39),0,1,0,0
2185,430,https://doi.org/10.1016/j.xcrp.2024.102056,26,Flame_C_LiXZM_Li,Table 2 and Figure 11A–E (Chi et al.40),0,1,1,0
2186,431,https://doi.org/10.1016/j.xcrp.2025.102563,1,SOC_120,Figure 1A; Results (Experiment results); Methods (Experimental methods),0,0,1,0
2187,431,https://doi.org/10.1016/j.xcrp.2025.102563,2,SOC_100,Figure 1B; Results (Experiment results); Methods (Experimental methods),0,0,1,0
2188,431,https://doi.org/10.1016/j.xcrp.2025.102563,3,SOC_70,Figure 1C; Results (Experiment results); Methods (Experimental methods),0,0,1,0
2189,431,https://doi.org/10.1016/j.xcrp.2025.102563,4,SOC_50,Figure 1D; Results (Experiment results); Methods (Experimental methods),0,0,1,0
2190,432,https://doi.org/10.3390/pr11051321,1,Module_Batt1_Heated,Section 2.3 Thermal Propagation Test of Battery; Figure 2 system diagram; paragraph reporting 2052 s event and 220.5 °C maximum,1,0,1,0
2191,433,https://doi.org/10.3390/pr13030889,1,Test1_Vertical_Series_SOC100_Cell4,Section 3.3.1; Figures 36–37,1,0,0,0
2192,433,https://doi.org/10.3390/pr13030889,2,Test2_Horizontal_Series_SOC100_Cell5,Section 3.3.2; Figures 38–39,1,0,0,0
2193,433,https://doi.org/10.3390/pr13030889,3,Test2_Horizontal_Series_SOC100_Cell6,Section 3.3.2; Figures 38–39,1,0,0,0
2194,433,https://doi.org/10.3390/pr13030889,4,Test3_Horizontal_Parallel_SOC100_Cell9,Section 3.3.3; Figures 40–41,1,0,0,0
2195,433,https://doi.org/10.3390/pr13030889,5,Test4_Vertical_Parallel_SOC100_Cell7,Section 3.3.4; Figures 42–43,1,0,0,0
2196,433,https://doi.org/10.3390/pr13030889,6,Test5_Vertical_Parallel_SOC50_Cell11,Section 3.3.5; Figures 44–46,1,0,0,0
2197,433,https://doi.org/10.3390/pr13030889,7,Test6_Horizontal_Parallel_SOC50_Cell1,Section 3.3.6; Figures 47–49,1,0,0,0
2198,433,https://doi.org/10.3390/pr13030889,8,Test7_Horizontal_Series_SOC50_Cell15,Section 3.3.7; Figures 50–51,1,0,0,0
2199,433,https://doi.org/10.3390/pr13030889,9,Test8_Vertical_Series_SOC50_Cell13,Section 3.3.8; Figures 52–53,1,0,0,0
2200,434,https://doi.org/10.1149/1945-7111/ababd2,1,Li-NMC_CoinCell_MMC,"Supplementary Fig. S4a; text in 'Furthermore, the thermal response of the Li-NMC532 system in the coin cell configuration...'",0,0,0,0
2201,434,https://doi.org/10.1149/1945-7111/ababd2,2,Graphite-NMC_CoinCell_MMC_100SOC,Supplementary Fig. S4b; associated text describing stability up to ~165 °C and total heat generation 5.3 kJ g−1,0,0,0,0
2202,434,https://doi.org/10.1149/1945-7111/ababd2,3,Li-S_CoinCell_MMC_Uncycled,Figure 3c; text stating PP separator lower melting point (~165 °C) and exotherm at 184 °C,0,0,1,0
2203,434,https://doi.org/10.1149/1945-7111/ababd2,4,Li_metal_with_LiPF6_EC_DEC_DSC,Figure 2b; text describing multiple exotherms 168–240 °C and a significant peak at 172 °C,0,0,1,0
2204,434,https://doi.org/10.1149/1945-7111/ababd2,5,Charged_NMC532_4p5V_with_LiPF6_DSC,Figure 2a; text describing multiple exotherms above 200 °C and sharp peak onset at ~306 °C,0,0,1,0
2205,434,https://doi.org/10.1149/1945-7111/ababd2,6,Charged_NMC532_4p8V_with_LiPF6_DSC,Supplementary Fig. S2b; text noting onset shifted to ~291 °C at 4.8 V,0,0,0,0
2206,435,,1,SOC_0pct_150W,Table 1; Fig. 2; Section III.A,1,1,0,0
2207,435,,2,SOC_50pct_150W,Table 1; Fig. 2; Section III.A,1,1,0,0
2208,435,,3,SOC_100pct_150W,Table 1; Table 2 (150 W row); Fig. 2; Section III.A,1,1,0,0
2209,435,,4,SOC_100pct_100W,Table 2 (100 W row); Fig. 3; Section III.B,1,1,0,0
2210,435,,5,SOC_100pct_200W,Table 2 (200 W row); Fig. 3; Section III.B,1,1,0,0
2211,435,,6,SOC_100pct_250W,Table 2 (250 W row); Fig. 3; Section III.B,1,1,0,0
2212,436,https://doi.org/10.1021/acsaem.1c02537,1,Fresh_W,"Figure 4a,b and Table 3; Section 3.2",1,1,1,0
2213,436,https://doi.org/10.1021/acsaem.1c02537,2,Slight_OD_10pct,"Figure 4a,b and Table 3 for TR metrics; mechanistic discussion in Section 4 and Figures 10, 12–13",1,1,1,0
2214,436,https://doi.org/10.1021/acsaem.1c02537,3,Slight_OC_10pct,"Figure 4a,b and Table 3 for TR metrics; mechanistic discussion in Section 4 and Figures 7, 9, 13",1,1,1,0
2215,437,https://doi.org/10.1007/s00202-025-03102-x,1,Oven_Test_Generic,,0,0,0,0
2216,438,https://doi.org/10.1007/s00231-014-1353-x,1,Oven_h1.5_175C,"Figure 2 (temperature spike), Figure 3c–d and Figure 4b (reaction dominance and heat generation), Section 3.1–3.3",1,0,1,0
2217,438,https://doi.org/10.1007/s00231-014-1353-x,2,Oven_h1.5_155C,"Figure 2 (no spike, heating to 155 °C by ≈450 s), Figure 4a, Section 3.1 and 3.3–3.4",1,0,1,0
2218,438,https://doi.org/10.1007/s00231-014-1353-x,3,Oven_hcrit_135C,Section 3.5 and Conclusions (critical h = 0.05 W m-2 K-1 for 135 °C),1,0,0,0
2219,438,https://doi.org/10.1007/s00231-014-1353-x,4,Oven_hcrit_155C,Section 3.5 and Conclusions (critical h = 1.0 W m-2 K-1 for 155 °C),1,0,0,0
2220,438,https://doi.org/10.1007/s00231-014-1353-x,5,Oven_hcrit_175C,Section 3.5 and Conclusions (critical h = 3.5 W m-2 K-1 for 175 °C),1,0,0,0
2221,438,https://doi.org/10.1007/s00231-014-1353-x,6,Oven_hcrit_195C,Section 3.5 and Conclusions (critical h = 15 W m-2 K-1 for 195 °C),1,0,0,0
2222,438,https://doi.org/10.1007/s00231-014-1353-x,7,Oven_hcrit_215C,Section 3.5 and Conclusions (critical h = 40 W m-2 K-1 for 215 °C),1,0,0,0
2223,438,https://doi.org/10.1007/s00231-014-1353-x,8,Oven_Adiabatic_110C,Section 3.5 and Conclusions (no runaway below 110 °C even for adiabatic conditions),1,0,0,0
2224,439,https://doi.org/10.1007/s00339-024-07831-x,1,EC_LateralHeating,Figure 6(a) and Section 3.2,1,0,1,0
2225,439,https://doi.org/10.1007/s00339-024-07831-x,2,FEC_LateralHeating,Figure 6(b) and Section 3.2,1,0,1,0
2226,440,https://doi.org/10.1007/s10008-020-04810-z,1,Battery_100_SOC_EVplusARC,Figure 1a–b; Table 1,0,1,1,0
2227,440,https://doi.org/10.1007/s10008-020-04810-z,2,Battery_50_SOC_EVplusARC,Table 1; Figure 2,0,1,1,0
2228,440,https://doi.org/10.1007/s10008-020-04810-z,3,Battery_35_SOC_EVplusARC,Table 1; Figure 2,0,1,1,0
2229,440,https://doi.org/10.1007/s10008-020-04810-z,4,Battery_25_SOC_EVplusARC,Table 1; Figure 2; SOC effect discussion,0,1,1,0
2230,440,https://doi.org/10.1007/s10008-020-04810-z,5,Battery_0_SOC_EVplusARC,Table 1; SOC effect section,1,1,0,0
2231,440,https://doi.org/10.1007/s10008-020-04810-z,6,Cathode_Electrode_Bag_EVplusARC,Figure 4a–b; electrode TR discussion,0,0,1,0
2232,440,https://doi.org/10.1007/s10008-020-04810-z,7,Anode_Electrode_Bag_EVplusARC,Figure 4c–d; electrode TR discussion,0,0,1,0
2233,441,https://doi.org/10.1007/s10694-020-00963-5,1,Single_NCM_18650_96kPa_100W,"Figure 3; Section 4.1.1 (closed pressure vessel, 100 W)",1,0,1,0
2234,441,https://doi.org/10.1007/s10694-020-00963-5,2,Single_NCM_18650_61kPa_100W,"Figure 3; Section 4.1.1 (closed pressure vessel, 100 W)",1,0,1,0
2235,441,https://doi.org/10.1007/s10694-020-00963-5,3,Single_LFP_Prismatic_20Ah_101kPa_HeatingPlate,Figure 5a; Section 4.1.2 (mass loss timeline: vent at 1469 s; severe TR at 2081 s),1,0,1,0
2236,441,https://doi.org/10.1007/s10694-020-00963-5,4,Single_LCO_18650_101kPa_Radiant50kWm2,Figure 6; Section 4.1.3 (surface maximum temperature at 101 kPa),1,0,1,0
2237,441,https://doi.org/10.1007/s10694-020-00963-5,5,Single_LCO_18650_30kPa_Radiant50kWm2,Figure 6; Section 4.1.3 (surface maximum temperature at 30 kPa),1,0,1,0
2238,441,https://doi.org/10.1007/s10694-020-00963-5,6,Single_NCM_18650_101kPa_DirectHeating,Figure 6; Section 4.1.3 (Tmax-surface 825 °C; Tvalve 950 °C at 101 kPa),1,0,1,0
2239,441,https://doi.org/10.1007/s10694-020-00963-5,7,Single_NCM_18650_40kPa_DirectHeating,Figure 6; Section 4.1.3 (Tmax-surface 750 °C; Tvalve 800 °C at 40 kPa),1,0,1,0
2240,441,https://doi.org/10.1007/s10694-020-00963-5,8,ModuleLinear3Cells_Cell1_96kPa,Table 1; Section 4.2.2,1,1,0,0
2241,441,https://doi.org/10.1007/s10694-020-00963-5,9,ModuleLinear3Cells_Cell1_61kPa,Table 1; Section 4.2.2,1,1,0,0
2242,442,https://doi.org/10.1007/s10694-020-00974-2,1,Single_Air_Test1,Section 4.1; Figures 4–5; Table 1,1,1,0,0
2243,442,https://doi.org/10.1007/s10694-020-00974-2,2,Single_Air_Test2,Section 4.1; Figures 4–5; Table 1,1,1,0,0
2244,442,https://doi.org/10.1007/s10694-020-00974-2,3,Single_N2_Test3,Section 4.1; Figures 4–5 (Test 3); Fig. 5 notes bottom TC spike to 900 °C; Table 1,1,1,0,0
2245,442,https://doi.org/10.1007/s10694-020-00974-2,4,Array_5x5Ah_Propagated,Section 4.2; Figure 6,1,0,1,0
2246,442,https://doi.org/10.1007/s10694-020-00974-2,5,Array_10x5Ah_Propagated,Section 4.2; Figure 7 (pressure/temperature and interface T); average interface Tmax noted in 4.2,1,0,1,0
2247,442,https://doi.org/10.1007/s10694-020-00974-2,6,Array_10x10Ah_Propagated,Section 4.3; Figures 8–11; Table 2,1,1,0,0
2248,443,https://doi.org/10.1007/s10694-020-00976-0,1,OC_SOC100_Ta20,Figure 2a,0,0,1,0
2249,443,https://doi.org/10.1007/s10694-020-00976-0,2,OC_SOC100_Ta40,"Figure 2b (temperatures) and Figure 5 (Tcrt = 209 °C at Ta = 40 °C, SOC = 100%)",0,0,1,0
2250,443,https://doi.org/10.1007/s10694-020-00976-0,3,OC_SOC100_Ta60,Figure 2b,0,0,1,0
2251,443,https://doi.org/10.1007/s10694-020-00976-0,4,OC_SOC70_Ta60,Figure 3b,0,0,1,0
2252,443,https://doi.org/10.1007/s10694-020-00976-0,5,TypeII_SOC100_Ta20,Figure 4c,0,0,1,0
2253,443,https://doi.org/10.1007/s10694-020-00976-0,6,OC_SOC100_Ta70,"Figure 5 (Tcrt at Ta = 70 °C, SOC = 100%)",0,0,1,0
2254,444,https://doi.org/10.1007/s10694-020-00978-y,1,ARC_Oven_300C_100SOC,Section 3 (Experimental test and validation); Fig. 6–8; Abstract,1,0,0,0
2255,445,https://doi.org/10.1007/s10694-020-00984-0,1,V2x2_96kPa_A,Tables 1–2; Figs. 3–5; Section 3.1,1,0,0,0
2256,445,https://doi.org/10.1007/s10694-020-00984-0,2,V2x2_96kPa_B,Tables 1–2; Figs. 3–5; Section 3.1,1,0,0,0
2257,445,https://doi.org/10.1007/s10694-020-00984-0,3,V2x2_96kPa_C,Tables 1–2; Figs. 3–5; Section 3.1,1,0,0,0
2258,445,https://doi.org/10.1007/s10694-020-00984-0,4,V2x2_96kPa_D,Tables 1–2; Figs. 3–5; Section 3.1,1,0,0,0
2259,445,https://doi.org/10.1007/s10694-020-00984-0,5,V2x2_61kPa_A,Tables 1–2; Fig. 5; Section 3.1,1,0,0,0
2260,445,https://doi.org/10.1007/s10694-020-00984-0,6,V2x2_61kPa_B,Tables 1–2; Fig. 5; Section 3.1,1,0,0,0
2261,445,https://doi.org/10.1007/s10694-020-00984-0,7,V2x2_61kPa_C,Tables 1–2; Fig. 5; Section 3.1,1,0,0,0
2262,445,https://doi.org/10.1007/s10694-020-00984-0,8,V2x2_61kPa_D,Tables 1–2; Fig. 5; Section 3.1,1,0,0,0
2263,445,https://doi.org/10.1007/s10694-020-00984-0,9,V4x1_96kPa_A,Tables 5–6; Figs. 6–8; Section 3.2,1,0,0,0
2264,445,https://doi.org/10.1007/s10694-020-00984-0,10,V4x1_96kPa_B,Tables 5–6; Figs. 6–8; Section 3.2,1,0,0,0
2265,445,https://doi.org/10.1007/s10694-020-00984-0,11,V4x1_96kPa_C,Tables 5–6; Figs. 6–8; Section 3.2,1,0,0,0
2266,445,https://doi.org/10.1007/s10694-020-00984-0,12,V4x1_96kPa_D,Tables 5–6; Figs. 6–8; Section 3.2,1,0,0,0
2267,445,https://doi.org/10.1007/s10694-020-00984-0,13,V4x1_61kPa_A,Tables 5–6; Figs. 6–8; Section 3.2,1,0,0,0
2268,445,https://doi.org/10.1007/s10694-020-00984-0,14,V4x1_61kPa_B,Tables 5–6; Figs. 6–8; Section 3.2,1,0,0,0
2269,445,https://doi.org/10.1007/s10694-020-00984-0,15,V4x1_61kPa_C,Tables 5–6; Figs. 6–8; Section 3.2,1,0,0,0
2270,445,https://doi.org/10.1007/s10694-020-00984-0,16,V4x1_61kPa_D,Tables 5–6; Figs. 6–8; Section 3.2,1,0,0,0
2271,446,https://doi.org/10.1007/s10694-020-00995-x,1,Exp_1_NoAerogel_NoCoolingPlate,"Tables 7, 9, 10; Fig. 9; Fig. 13; Section 3.1–3.3",1,0,0,0
2272,446,https://doi.org/10.1007/s10694-020-00995-x,2,Exp_2_AerogelOnly,"Tables 5, 7, 9, 10; Fig. 10; Fig. 13; Section 3.1–3.3",1,0,0,0
2273,446,https://doi.org/10.1007/s10694-020-00995-x,3,Exp_3_LiquidCoolingOnly,"Tables 4, 5, 7, 9, 10; Fig. 11; Fig. 13; Section 3.1–3.3",1,0,0,0
2274,446,https://doi.org/10.1007/s10694-020-00995-x,4,Exp_4_AerogelPlusCooling,"Tables 5, 7, 9, 10; Fig. 12; Fig. 13; Fig. 16; Section 3.1–3.3",1,0,0,0
2275,446,https://doi.org/10.1007/s10694-020-00995-x,5,Exp_5_AerogelPlusCooling_Repeat,"Tables 5, 7, 9, 10; Fig. 12; Fig. 13; Fig. 16; Section 3.1–3.3",1,0,0,0
2276,447,https://doi.org/10.1007/s10694-022-01273-8,1,Control_0kg_NoAgent,"Fig. 4 (no agent flame sequence), Fig. 6 (Tc1 surface temperature), Fig. 7 (Tc2 flame temperature), Table 2 (Tc1 maxima and cooling time), Table 3 (Tc2 maxima), Sections 2.3 and 3.1–3.2",0,1,0,0
2277,447,https://doi.org/10.1007/s10694-022-01273-8,2,FK_0p25kg,"Fig. 5 (extinguishing sequence), Fig. 6 (Tc1), Fig. 7 (Tc2), Table 1 (agent loading and consumption), Table 2 (Tc1 maxima, cooling time), Table 3 (Tc2 maxima), Sections 2.3 and 3.1–3.2",0,1,0,0
2278,447,https://doi.org/10.1007/s10694-022-01273-8,3,FK_0p50kg,"Fig. 5 (extinguishment), Fig. 6 (Tc1), Fig. 7 (Tc2), Table 1 (agent consumption), Table 2 (Tc1 maxima, cooling), Table 3 (Tc2 maxima), Sections 2.3 and 3.2",0,1,0,0
2279,447,https://doi.org/10.1007/s10694-022-01273-8,4,FK_0p75kg,"Fig. 5 (extinguishment), Fig. 6 (Tc1), Fig. 7 (Tc2), Table 1 (agent consumption), Table 2 (Tc1 maxima, cooling), Table 3 (Tc2 maxima), Sections 3.1–3.2",0,1,0,0
2280,448,https://doi.org/10.1007/s10694-022-01320-4,1,PoolFire_100SOC,Section 5.1 (Model Validation); Figure 6 (100% SOC interface temperatures); Section 4 (pool fire setup).,1,0,1,0
2281,448,https://doi.org/10.1007/s10694-022-01320-4,2,PoolFire_75SOC,"Section 5.1 (Model Validation; Figure 7, 75% SOC interface temperatures) and Section 5.4 (Thermal Response; Figure 11 reporting 834 K at t = 300 s).",1,0,1,0
2282,449,https://doi.org/10.1007/s10694-022-01321-3,1,Single_30m3h,"Table 2 (single cell peak), Fig. 4a; Sections 2.2, 3.2, 3.4",0,1,0,0
2283,449,https://doi.org/10.1007/s10694-022-01321-3,2,Single_60m3h,"Table 2 (single cell peak), Fig. 4a; Sections 2.2, 3.2, 3.4",0,1,0,0
2284,449,https://doi.org/10.1007/s10694-022-01321-3,3,Single_120m3h,"Table 2 (single cell peak), Fig. 4a; Sections 2.2, 3.2, 3.4",0,1,0,0
2285,449,https://doi.org/10.1007/s10694-022-01321-3,4,ThreeCell_Batt1_30m3h,"Table 2 (Three-cell #1 peak), Fig. 4b; Sections 2.2, 3.2, 3.5",0,1,0,0
2286,449,https://doi.org/10.1007/s10694-022-01321-3,5,ThreeCell_Batt2_30m3h,"Table 2 (Three-cell #2 peak), Fig. 4b; Sections 2.2, 3.2",0,1,0,0
2287,449,https://doi.org/10.1007/s10694-022-01321-3,6,ThreeCell_Batt3_30m3h,"Table 2 (Three-cell #3 peak), Fig. 4b; Sections 2.2, 3.2, 3.5",0,1,0,0
2288,449,https://doi.org/10.1007/s10694-022-01321-3,7,ThreeCell_Batt1_60m3h,"Table 2 (Three-cell #1 peak), Fig. 4c; Sections 2.2, 3.2, 3.4",0,1,0,0
2289,449,https://doi.org/10.1007/s10694-022-01321-3,8,ThreeCell_Batt2_60m3h,"Table 2 (Three-cell #2 peak), Fig. 4c; Sections 3.2, 3.4",0,1,0,0
2290,449,https://doi.org/10.1007/s10694-022-01321-3,9,ThreeCell_Batt3_60m3h,"Table 2 (Three-cell #3 peak), Fig. 4c; Sections 3.2, 3.5",0,1,0,0
2291,449,https://doi.org/10.1007/s10694-022-01321-3,10,ThreeCell_Batt1_120m3h,"Table 2 (Three-cell #1 peak), Fig. 4d; Sections 3.2, 3.4",0,1,0,0
2292,449,https://doi.org/10.1007/s10694-022-01321-3,11,ThreeCell_Batt2_120m3h,"Table 2 (Three-cell #2 peak), Fig. 4d; Sections 3.2, 3.4",0,1,0,0
2293,449,https://doi.org/10.1007/s10694-022-01321-3,12,ThreeCell_Batt3_120m3h,"Table 2 (Three-cell #3 peak), Fig. 4d; Sections 3.2, 3.5",0,1,0,0
2294,449,https://doi.org/10.1007/s10694-022-01321-3,13,FourCell_Batt1_30m3h,"Table 2 (Four-cell #1 peak), Fig. 4e; Sections 2.2, 3.2",0,1,0,0
2295,449,https://doi.org/10.1007/s10694-022-01321-3,14,FourCell_Batt2_30m3h,"Table 2 (Four-cell #2 peak), Fig. 4e; Sections 3.2, 3.4",0,1,0,0
2296,449,https://doi.org/10.1007/s10694-022-01321-3,15,FourCell_Batt3_30m3h,"Table 2 (Four-cell #3 peak), Fig. 4e; Sections 3.2, 3.5",0,1,0,0
2297,449,https://doi.org/10.1007/s10694-022-01321-3,16,FourCell_Batt4_30m3h,"Table 2 (Four-cell #4 peak), Fig. 4e; Sections 3.2, 3.5",0,1,0,0
2298,449,https://doi.org/10.1007/s10694-022-01321-3,17,FourCell_Batt1_60m3h,"Table 2 (Four-cell #1 peak), Fig. 4f; Sections 3.2, 3.4",0,1,0,0
2299,449,https://doi.org/10.1007/s10694-022-01321-3,18,FourCell_Batt2_60m3h,"Table 2 (Four-cell #2 peak), Fig. 4f; Sections 3.2, 3.4",0,1,0,0
2300,449,https://doi.org/10.1007/s10694-022-01321-3,19,FourCell_Batt3_60m3h,"Table 2 (Four-cell #3 peak), Fig. 4f; Sections 3.2, 3.5",0,1,0,0
2301,449,https://doi.org/10.1007/s10694-022-01321-3,20,FourCell_Batt4_60m3h,"Table 2 (Four-cell #4 peak), Fig. 4f; Sections 3.2, 3.5",0,1,0,0
2302,449,https://doi.org/10.1007/s10694-022-01321-3,21,FourCell_Batt1_120m3h,"Table 2 (Four-cell #1 peak), Fig. 4g; Sections 3.2, 3.4",0,1,0,0
2303,449,https://doi.org/10.1007/s10694-022-01321-3,22,FourCell_Batt2_120m3h,"Table 2 (Four-cell #2 peak), Fig. 4g; Sections 3.2, 3.4",0,1,0,0
2304,449,https://doi.org/10.1007/s10694-022-01321-3,23,FourCell_Batt3_120m3h,"Table 2 (Four-cell #3 peak), Fig. 4g; Sections 3.2, 3.5",0,1,0,0
2305,449,https://doi.org/10.1007/s10694-022-01321-3,24,FourCell_Batt4_120m3h,"Table 2 (Four-cell #4 peak), Fig. 4g; Sections 3.2, 3.5",0,1,0,0
2306,450,https://doi.org/10.1007/s10694-022-01322-2,1,SingleCell_500W,"Figure 5, Figure 6, Figure 7, Figure 8; Section 3.1",1,0,1,0
2307,450,https://doi.org/10.1007/s10694-022-01322-2,2,Module_Propagation_4Cells,"Figure 9, Figure 10, Figure 11, Figure 12, Figure 13; Section 3.2",1,0,1,0
2308,450,https://doi.org/10.1007/s10694-022-01322-2,3,Module_C6F12O_12S,"Figure 15, Figure 16, Figure 17; Section 3.3",1,0,1,0
2309,451,https://doi.org/10.1007/s10694-022-01351-x,1,Case1_ARC_Cell,"Section 2.3 Case 1; Figure 4a, Figure 5b; bullets (a)–(d)",1,0,1,0
2310,451,https://doi.org/10.1007/s10694-022-01351-x,2,Case2_Medium_Cell_Heater,Section 2.3 Case 2; Figure 6 (layout and temperature–voltage curve) and Figure 7; bullets (a)–(c),1,0,1,0
2311,451,https://doi.org/10.1007/s10694-022-01351-x,3,Case3_Medium_Cell_Heater_Igniter,Section 2.3 Case 3; bullets (a)–(e),1,0,0,0
2312,451,https://doi.org/10.1007/s10694-022-01351-x,4,Case5_Module_FireSuppression,Section 2.3 Case 5; Figures 13–15; Abstract; Conclusion (3),1,0,0,0
2313,452,https://doi.org/10.1007/s10694-023-01383-x,1,GasBurner_Pack_Test,Section 2 (Experimental Method and Setup); Figure 1; Section 4.1 (Comparison with Experiments); Figure 3,1,0,1,0
2314,453,https://doi.org/10.1007/s10694-024-01609-6,1,Oven_220C_Experiment_Validation,Section 3.1 and Figure 5 (experimental data from Ref. [18] as cited),1,0,1,0
2315,453,https://doi.org/10.1007/s10694-024-01609-6,2,BottomHeating_1500Jm2s_20C,Table 5 and Section 3.3,1,1,0,0
2316,453,https://doi.org/10.1007/s10694-024-01609-6,3,BottomHeating_1750Jm2s_20C,Table 5 and Section 3.3,1,1,0,0
2317,453,https://doi.org/10.1007/s10694-024-01609-6,4,BottomHeating_2000Jm2s_20C,Table 5 and Section 3.3,1,1,0,0
2318,453,https://doi.org/10.1007/s10694-024-01609-6,5,BottomHeating_2250Jm2s_20C,Table 5 and Section 3.3,1,1,0,0
2319,453,https://doi.org/10.1007/s10694-024-01609-6,6,BottomHeating_2250Jm2s_Ambient25C,Figure 11 and Section 3.4,1,0,1,0
2320,453,https://doi.org/10.1007/s10694-024-01609-6,7,BottomHeating_2250Jm2s_AmbientMinus10C,Figure 11 and Section 3.4,1,0,1,0
2321,454,https://doi.org/10.1007/s10694-024-01611-y,1,LFP_0%SOC,Section 2.2; Fig. 1 (setup); Section 3.2 (stage temperatures and criteria); Fig. 4a; Fig. 6a,1,0,0,0
2322,454,https://doi.org/10.1007/s10694-024-01611-y,2,LFP_50%SOC,Section 2.2; Section 3.2; Fig. 4c; Fig. 6c,1,0,0,0
2323,454,https://doi.org/10.1007/s10694-024-01611-y,3,LFP_100%SOC,Section 3.4 (Fig. 8e: 15 °C/s at 100% SOC); Sections 3.2–3.3 (stage definitions and non-ignition observation); Fig. 6e,1,0,0,0
2324,454,https://doi.org/10.1007/s10694-024-01611-y,4,NCM622_0%SOC,Section 2.2; Section 3.2; Fig. 4b; Fig. 6b,1,0,0,0
2325,454,https://doi.org/10.1007/s10694-024-01611-y,5,NCM622_50%SOC,Section 3.2; Fig. 4d; Fig. 6d,1,0,0,0
2326,454,https://doi.org/10.1007/s10694-024-01611-y,6,NCM622_100%SOC,Section 3.1 (ignition only for 100% SOC NCM622); Section 3.2 (stage temperatures and criteria); Fig. 4f; Fig. 6f; Section 3.3 (H2 detected 78 s before fire); Fig. 8f (40 °C/s),1,0,0,0
2327,455,https://doi.org/10.1007/s10694-024-01630-9,1,NMC_d0mm_Tamb298_v0,"Figure 8a,b and Section 3.2",1,0,1,0
2328,455,https://doi.org/10.1007/s10694-024-01630-9,2,NMC_d2mm_Tamb298_v0,"Figure 8a,b and Section 3.2",1,0,1,0
2329,455,https://doi.org/10.1007/s10694-024-01630-9,3,NMC_d4mm_Tamb298_v0,"Figure 8a,b and Section 3.2",1,0,1,0
2330,455,https://doi.org/10.1007/s10694-024-01630-9,4,NMC_d6mm_Tamb298_v0,"Figure 8a,b and Section 3.2",1,0,1,0
2331,455,https://doi.org/10.1007/s10694-024-01630-9,5,NMC_d8mm_Tamb298_v0_Mitigated,Figure 8a and Section 3.2,1,0,1,0
2332,455,https://doi.org/10.1007/s10694-024-01630-9,6,NMC_d10mm_Tamb298_v0_Mitigated,Figure 8a and Section 3.2,1,0,1,0
2333,455,https://doi.org/10.1007/s10694-024-01630-9,7,NMC_Tamb318K_d0mm_v0,"Figure 9a,b and Section 3.3",1,0,1,0
2334,455,https://doi.org/10.1007/s10694-024-01630-9,8,NMC_Tamb358K_d0mm_v0,"Figure 9a,b and Section 3.3",1,0,1,0
2335,455,https://doi.org/10.1007/s10694-024-01630-9,9,NMC_v0p20ms_d2mm_Tamb298,"Figure 10a,b and Section 3.4",1,0,1,0
2336,455,https://doi.org/10.1007/s10694-024-01630-9,10,NMC_v0p25ms_d2mm_Tamb298_Mitigated,Figure 10a and Section 3.4,1,0,1,0
2337,455,https://doi.org/10.1007/s10694-024-01630-9,11,NMC_v0p30ms_d2mm_Tamb298_Mitigated,Figure 10a and Section 3.4,1,0,1,0
2338,456,https://doi.org/10.1007/s10694-024-01631-8,1,Test_1_NoSuppression,Section 3.1; Figure 4 and Figure 5; Table 2,1,1,1,0
2339,456,https://doi.org/10.1007/s10694-024-01631-8,2,Test_2_Water_20s,Section 3.2; Figure 8; Table 2,1,1,1,0
2340,456,https://doi.org/10.1007/s10694-024-01631-8,3,Test_3_Water_30s,Section 3.2; Figure 6 and Figure 7; Table 2,1,1,1,0
2341,456,https://doi.org/10.1007/s10694-024-01631-8,4,Test_4_Water_40s,Section 3.2; Figure 8; Table 2,1,1,1,0
2342,456,https://doi.org/10.1007/s10694-024-01631-8,5,Test_5_Hydrogel_20s,Section 3.3; Figure 11; Table 2,1,1,1,0
2343,456,https://doi.org/10.1007/s10694-024-01631-8,6,Test_6_Hydrogel_30s,Section 3.3; Figure 9 and Figure 10; Table 2,1,1,1,0
2344,456,https://doi.org/10.1007/s10694-024-01631-8,7,Test_7_Hydrogel_40s,Section 3.3; Figure 11; Table 2,1,1,1,0
2345,457,https://doi.org/10.1007/s10694-024-01687-6,1,Test_0_Control,"Figure 4 (timeline), Figure 5 (temperature curves), Section 3.1",1,0,1,0
2346,457,https://doi.org/10.1007/s10694-024-01687-6,2,Test_1_Water,Table 3; Figure 6a; Table 4; Table 5; Table 6,0,1,1,0
2347,457,https://doi.org/10.1007/s10694-024-01687-6,3,Test_2_Water_Mist,Table 3; Figure 6b; Table 4; Table 5; Table 6,0,1,1,0
2348,457,https://doi.org/10.1007/s10694-024-01687-6,4,Test_3_Dry_Powder,Table 3; Figure 6c; Table 4; Table 5; Table 6,0,1,1,0
2349,457,https://doi.org/10.1007/s10694-024-01687-6,5,Test_4_CO2,Table 3; Figure 6d; Table 4; Table 5; Table 6,0,1,1,0
2350,457,https://doi.org/10.1007/s10694-024-01687-6,6,Test_5_HFC-227ea,Table 3; Figure 7a; Table 4; Table 5; Table 6,0,1,1,0
2351,457,https://doi.org/10.1007/s10694-024-01687-6,7,Test_6_Water_Based_Agent,Table 3; Figure 7b; Table 4; Table 5; Table 6,0,1,1,0
2352,457,https://doi.org/10.1007/s10694-024-01687-6,8,Test_7_3AFFF,Table 3; Figure 7c; Table 4; Table 5; Table 6,0,1,1,0
2353,457,https://doi.org/10.1007/s10694-024-01687-6,9,Test_8_Perfluorohexanone,Table 3; Figure 7d; Table 4; Table 5; Table 6,0,1,1,0
2354,457,https://doi.org/10.1007/s10694-024-01687-6,10,Test_9_Hydrogel,Table 3; Figure 8a; Table 4; Table 5; Table 6,0,1,1,0
2355,457,https://doi.org/10.1007/s10694-024-01687-6,11,Test_10_Liquid_Nitrogen,Table 3; Figure 8b; Table 4; Table 5; Table 6; Abstract and Conclusions,0,1,1,0
2356,458,https://doi.org/10.1007/s10694-025-01703-3,1,Module_NCM111,"Fig. 1 (setup), Fig. 3a and Table 3 (trigger temperatures), Fig. 5 (voltage drop criterion), Table 4 (venting/trigger times), Section 3.3 (max temperatures).",1,1,0,0
2357,458,https://doi.org/10.1007/s10694-025-01703-3,2,Module_NCM523,"Fig. 1 (setup), Fig. 3b and Table 3 (trigger temperatures), Fig. 5 (voltage drop criterion), Table 4 (venting/trigger times), Section 3.3 (max temperatures).",1,1,0,0
2358,458,https://doi.org/10.1007/s10694-025-01703-3,3,Module_NCM622,"Fig. 1 (setup), Fig. 3c and Table 3 (trigger temperatures), Fig. 5 (voltage drop criterion), Table 4 (venting/trigger times), Section 3.3 (max temperatures).",1,1,0,0
2359,459,https://doi.org/10.1007/s10694-025-01708-y,1,Sample_1a,Fig. 2b and Section 3 (Sample 1a–b maxima),1,0,0,0
2360,459,https://doi.org/10.1007/s10694-025-01708-y,2,Sample_1b,Fig. 2b and Section 3 (Sample 1a–b maxima),1,0,0,0
2361,459,https://doi.org/10.1007/s10694-025-01708-y,3,Sample_2a,Fig. 2b and Section 3 (Sample 2a–b maxima),1,0,0,0
2362,459,https://doi.org/10.1007/s10694-025-01708-y,4,Sample_2b,Fig. 2b and Section 3 (Sample 2a–b maxima),1,0,0,0
2363,460,https://doi.org/10.1007/s10694-025-01723-z,1,NCM_S75_NoRefrigerant,Fig. 6; Section 3.1; Conclusions (points 1–2),1,0,0,0
2364,460,https://doi.org/10.1007/s10694-025-01723-z,2,LFP_S75_NoRefrigerant,Fig. 7; Section 3.1,1,0,0,0
2365,460,https://doi.org/10.1007/s10694-025-01723-z,3,NCM_S75_Rate_0p080kgs,Fig. 10; Section 3.2.1,1,0,0,0
2366,460,https://doi.org/10.1007/s10694-025-01723-z,4,LFP_S75_Rate_0p038kgs,Fig. 11; Section 3.2.1,1,0,0,0
2367,460,https://doi.org/10.1007/s10694-025-01723-z,5,NCM_S75_Delay_<=75s,Fig. 12; Section 3.2.2,1,0,0,0
2368,460,https://doi.org/10.1007/s10694-025-01723-z,6,NCM_S75_Delay_100s,Fig. 12; Section 3.2.2,1,0,0,0
2369,460,https://doi.org/10.1007/s10694-025-01723-z,7,LFP_S75_Delay_<=150s,Fig. 13; Section 3.2.2,1,0,0,0
2370,460,https://doi.org/10.1007/s10694-025-01723-z,8,LFP_S75_Delay_200s,Fig. 13; Section 3.2.2,1,0,0,0
2371,460,https://doi.org/10.1007/s10694-025-01723-z,9,NCM_S75_Duration_200s,Fig. 14; Section 3.2.3,1,0,0,0
2372,460,https://doi.org/10.1007/s10694-025-01723-z,10,LFP_S75_Duration_150s,Fig. 15; Section 3.2.3,1,0,0,0
2373,460,https://doi.org/10.1007/s10694-025-01723-z,11,NCM_S75_Refrigerant_R410A,Fig. 16; Section 3.2.4; Conclusions (point 5),1,0,0,0
2374,460,https://doi.org/10.1007/s10694-025-01723-z,12,NCM_S75_Refrigerant_CO2,Fig. 16; Section 3.2.4; Conclusions (point 5),1,0,0,0
2375,461,https://doi.org/10.1007/s10800-025-02269-2,1,Cell_ThermalOnly,"Section 2.3 (heating method), Fig. 4a (thermal abuse only phenomenon), Fig. 6 (surface temperature and vent rupture ≈370 °C), Sections 3.1 and 3.3; Conclusion point 2 (375 ± 5 °C surface under thermal abuse)",1,0,0,0
2376,462,https://doi.org/10.1007/s10973-011-1452-6,1,Sample_A_50SOC,"Table 1 (sample definition), Table 2 (T0, Tmax, Pmax, dT/dtmax, dP/dtmax); Fig. 1–4; Results and Discussion",0,1,0,0
2377,462,https://doi.org/10.1007/s10973-011-1452-6,2,Sample_B_100SOC,"Table 1 (sample definition), Table 2 (T0, Tmax, Pmax, dT/dtmax, dP/dtmax); Fig. 1–4; Results and Discussion",0,1,0,0
2378,463,https://doi.org/10.1007/s10973-013-3137-9,1,Sample_A,Table 2; Figs. 1–5; Results and discussion,0,1,0,0
2379,463,https://doi.org/10.1007/s10973-013-3137-9,2,Sample_B,Table 2; Figs. 6–10; Results and discussion,0,1,0,0
2380,463,https://doi.org/10.1007/s10973-013-3137-9,3,Sample_C,Table 2; Figs. 1–5; Results and discussion (noting ~240 min onset for LiCoO2 in storage state),0,1,0,0
2381,463,https://doi.org/10.1007/s10973-013-3137-9,4,Sample_D,Table 2; Figs. 6–10; Results and discussion,0,1,0,0
2382,464,https://doi.org/10.1007/s10973-016-5755-5,1,1C_50SOC,Table 2; Fig. 3–6; Fig. 9,0,1,0,0
2383,464,https://doi.org/10.1007/s10973-016-5755-5,2,3C_50SOC,Table 2; Fig. 3–6; Fig. 9,0,1,0,0
2384,464,https://doi.org/10.1007/s10973-016-5755-5,3,5C_50SOC,Table 2; Fig. 3–6; Fig. 9,0,1,0,0
2385,464,https://doi.org/10.1007/s10973-016-5755-5,4,1C_100SOC,Table 2; Fig. 3–6; Fig. 9,0,1,0,0
2386,464,https://doi.org/10.1007/s10973-016-5755-5,5,3C_100SOC,Table 2; Fig. 3–6; Fig. 9,0,1,0,0
2387,464,https://doi.org/10.1007/s10973-016-5755-5,6,5C_100SOC,Table 2; Fig. 3–6; Fig. 9; text in Results (shortest time to (dT/dt)max = 4.3 min),0,1,0,0
2388,465,https://doi.org/10.1007/s10973-016-5767-1,1,NCR18650A_exp1,Table 3; Fig. 1; Fig. 5; section 'Runaway of 18650 lithium-ion batteries with cathode material of LiNi0.8 Al0.05Co0.15O2',1,1,0,0
2389,465,https://doi.org/10.1007/s10973-016-5767-1,2,NCR18650A_exp2,Table 3; Fig. 1; Fig. 5; section 'Runaway of 18650 lithium-ion batteries with cathode material of LiNi0.8 Al0.05Co0.15O2',1,1,0,0
2390,465,https://doi.org/10.1007/s10973-016-5767-1,3,NCR18650A_exp3,Table 3; Fig. 1; Fig. 5; section 'Crucial temperature under runaway',1,1,0,0
2391,465,https://doi.org/10.1007/s10973-016-5767-1,4,NCR18650B_exp1,Table 3; Fig. 2; Fig. 6; section 'Runaway of 18650 lithium-ion batteries with cathode material of LiNi0.8 Al0.05Co0.15O2',1,1,0,0
2392,465,https://doi.org/10.1007/s10973-016-5767-1,5,NCR18650B_exp2,Table 3; Fig. 2; Fig. 6; section 'Crucial temperature under runaway',1,1,0,0
2393,465,https://doi.org/10.1007/s10973-016-5767-1,6,NCR18650B_exp3,Table 3; Fig. 2; Fig. 6; section 'Runaway of 18650 lithium-ion batteries with cathode material of LiNi0.8 Al0.05Co0.15O2',1,1,0,0
2394,466,https://doi.org/10.1007/s10973-018-7599-7,1,SOC0_150W,Table 3; Section 'Temperature and voltage variation'; Fig. 2a,1,1,0,0
2395,466,https://doi.org/10.1007/s10973-018-7599-7,2,SOC25_150W,Table 3; Section 'Temperature and voltage variation',1,1,0,0
2396,466,https://doi.org/10.1007/s10973-018-7599-7,3,SOC50_150W,Table 3; Table 2; Fig. 2b; Section 'Temperature and voltage variation',1,1,0,0
2397,466,https://doi.org/10.1007/s10973-018-7599-7,4,SOC75_150W,Table 3; Section 'Temperature and voltage variation',1,1,0,0
2398,466,https://doi.org/10.1007/s10973-018-7599-7,5,SOC100_150W,Table 3; Table 2; Section 'Combustion behavior of the lithium ion battery'; Fig. 3,1,1,0,0
2399,466,https://doi.org/10.1007/s10973-018-7599-7,6,SOC100_200W,Table 3; Table 2; Fig. 2c; Fig. 3; Section 'Temperature and voltage variation',1,1,0,0
2400,467,https://doi.org/10.1007/s10973-018-7891-6,1,SOC25_2kW,Table 2 and Fig. 4,0,1,0,0
2401,467,https://doi.org/10.1007/s10973-018-7891-6,2,SOC50_2kW,Table 2 and Fig. 4,0,1,0,0
2402,467,https://doi.org/10.1007/s10973-018-7891-6,3,SOC75_2kW,Table 2 and Fig. 4,0,1,0,0
2403,467,https://doi.org/10.1007/s10973-018-7891-6,4,SOC100_2kW,Table 2 and Fig. 4,0,1,0,0
2404,467,https://doi.org/10.1007/s10973-018-7891-6,5,P1.0kW_75SOC,Table 4 and Fig. 10,0,1,0,0
2405,467,https://doi.org/10.1007/s10973-018-7891-6,6,P1.5kW_75SOC,Table 4 and Fig. 10,0,1,0,0
2406,467,https://doi.org/10.1007/s10973-018-7891-6,7,P2.0kW_75SOC_HPseries,Table 4 and Fig. 10,0,1,0,0
2407,467,https://doi.org/10.1007/s10973-018-7891-6,8,Charge_75SOC_2kW_3C,Table 6 and Fig. 15,0,1,0,0
2408,467,https://doi.org/10.1007/s10973-018-7891-6,9,Discharge_75SOC_2kW_3C,Table 6 and Fig. 15,0,1,0,0
2409,468,https://doi.org/10.1007/s10973-019-08459-3,1,SOC100_HF11.1,"Fig. 4 (stage timings), Fig. 5 (temperature evolution), Fig. 6 (ignition time), Table 3 (ignition time), Table 4 (time to thermal runaway and peak temperature)",0,1,0,0
2410,468,https://doi.org/10.1007/s10973-019-08459-3,2,SOC100_HF8.8,"Table 3 (ignition time), Table 4 (time to thermal runaway and peak temperature), Section 'Effect of the incident heat flux on surface temperature'",1,1,0,0
2411,468,https://doi.org/10.1007/s10973-019-08459-3,3,SOC100_HF6.5,"Table 3 (ignition time), Table 4 (time to thermal runaway and peak temperature), Fig. 7 and related discussion",0,1,0,0
2412,468,https://doi.org/10.1007/s10973-019-08459-3,4,SOC50_HF11.1,"Fig. 4 (stage II: 347–870 s; stage III begins at 871 s), Table 3 (ignition time at 11.1 kW/m^2)",0,1,0,0
2413,468,https://doi.org/10.1007/s10973-019-08459-3,5,SOC0_HF11.1,"Fig. 4 (stage II: 362–1033 s; stage III begins at 1044 s), Table 3 (ignition time at 11.1 kW/m^2)",0,1,0,0
2414,469,https://doi.org/10.1007/s10973-019-09026-6,1,Open_Horizontal_0mm,"Fig. 11 (temperature and rate), text in Thermal runaway propagation spacing in open space",0,0,0,0
2415,469,https://doi.org/10.1007/s10973-019-09026-6,2,Open_Horizontal_2mm,"Fig. 12a; Table 1 (Horizontal spacing, open); Fig. 15 (rates); related text",0,1,0,0
2416,469,https://doi.org/10.1007/s10973-019-09026-6,3,Open_Horizontal_4mm,Fig. 12b; Table 1 (open space horizontal); Fig. 15 (rates); text,0,1,0,0
2417,469,https://doi.org/10.1007/s10973-019-09026-6,4,Open_Horizontal_6mm,Fig. 12c; Table 1 (open space horizontal); text,0,1,0,0
2418,469,https://doi.org/10.1007/s10973-019-09026-6,5,Open_Horizontal_10mm,Fig. 12d; Table 1 (open space horizontal); text,0,1,0,0
2419,469,https://doi.org/10.1007/s10973-019-09026-6,6,Open_Vertical_0mm,Fig. 16a1–a2; Table 2 (interval 5 s); Table 3 (rates),0,1,0,0
2420,469,https://doi.org/10.1007/s10973-019-09026-6,7,Open_Vertical_2mm,Fig. 16b1–b2; Table 2 (24 s); Table 3 (rates),0,1,0,0
2421,469,https://doi.org/10.1007/s10973-019-09026-6,8,Open_Vertical_4mm,Fig. 16c1–c2; Table 2 (39 s); Table 3 (rates),0,1,0,0
2422,469,https://doi.org/10.1007/s10973-019-09026-6,9,Open_Vertical_8mm,Fig. 17a; Table 3 (rates for 8 mm); Table 4 (open space vertical),0,1,0,0
2423,469,https://doi.org/10.1007/s10973-019-09026-6,10,Open_Vertical_12mm,Fig. 17b; Table 3 (rates for 12 mm); Table 4 (open space vertical),0,1,0,0
2424,469,https://doi.org/10.1007/s10973-019-09026-6,11,Closed_Horizontal_2mm,Fig. 19a1–a2; text in Effects of spacing in enclosed space (horizontal),0,0,0,0
2425,469,https://doi.org/10.1007/s10973-019-09026-6,12,Closed_Horizontal_4mm,Fig. 19b1–b2; Table 5,0,1,0,0
2426,469,https://doi.org/10.1007/s10973-019-09026-6,13,Closed_Horizontal_6mm,Fig. 19c1–c2; Table 5; text noting 0.66 °C s^-1 criterion,0,1,0,0
2427,469,https://doi.org/10.1007/s10973-019-09026-6,14,Closed_Vertical_4mm,Fig. 20a1–a2; Table 6 (closed space vertical),0,1,0,0
2428,469,https://doi.org/10.1007/s10973-019-09026-6,15,Closed_Vertical_8mm,Fig. 20b1–b2; Table 6 (closed space vertical),0,1,0,0
2429,469,https://doi.org/10.1007/s10973-019-09026-6,16,Closed_Vertical_12mm,Fig. 20c1–c2; Table 6 (closed space vertical),0,1,0,0
2430,470,https://doi.org/10.1007/s10973-020-09274-x,1,Upper_d1cm_SOC0,"Fig. 3 (0% SOC at d=1 cm: valve crack ~1630 ± 60 s, no ejection); Experimental setup section",1,0,0,0
2431,470,https://doi.org/10.1007/s10973-020-09274-x,2,Upper_d1cm_SOC50,"Fig. 3 (50% SOC at d=1 cm: times for valve rupture, smoke, and ejection); Fig. 4 (surface temperature curves, peak ~700 °C); Phenomenon observations section",1,0,0,0
2432,470,https://doi.org/10.1007/s10973-020-09274-x,3,Upper_d1cm_SOC100,Fig. 3 (100% SOC at d=1 cm: ejection time ~810 ± 10 s); Fig. 4 (peak temperature ~850 °C); HRR discussion section,1,0,0,0
2433,470,https://doi.org/10.1007/s10973-020-09274-x,4,Upper_d3cm_SOC0_noCrack,"Fig. 9 and text: 'For upper batteries of 0% SOC, the safety valve was not cracked at 3 cm'",0,0,0,0
2434,470,https://doi.org/10.1007/s10973-020-09274-x,5,Upper_d5cm_SOC50_noCrack,"Text and Fig. 9: 'For upper batteries of 50% SOC, the safety valve was not cracked at 5 cm'; propagation threshold discussion",0,0,0,0
2435,470,https://doi.org/10.1007/s10973-020-09274-x,6,Upper_d8cm_SOC100_noCrack,"Text and Fig. 9: 'For upper batteries of 100% SOC, the safety valve was not cracked at 8 cm'",0,0,0,0
2436,471,https://doi.org/10.1007/s10973-020-10195-y,1,Cell_VSP2_100%SoC,Table 2; VSP2 adiabatic calorimetric method section; Figs. 5–7,1,1,0,0
2437,471,https://doi.org/10.1007/s10973-020-10195-y,2,Module_2S_VSP2_100%SoC,Table 2; Fig. 5 (temperature–pressure trajectory and explosion); Fig. 6 (self-heating rate); Fig. 7 (pressure rise rate),0,1,0,0
2438,472,https://doi.org/10.1007/s10973-022-11324-5,1,tim_3h_pack,"Experimental and Calorimeter sections; Fig. 2 (setup with heating rods), Fig. 4 (surface temperature curves at t_im = 3 h), Surface temperature section reporting ~205 °C ignition for B1/B2; HRR context in Fig. 9.",1,0,0,0
2439,473,https://doi.org/10.1007/s10973-022-11394-5,1,SOC_100_exp1,Fig. 2 and Table 3,0,1,0,0
2440,473,https://doi.org/10.1007/s10973-022-11394-5,2,SOC_100_exp2,Fig. 2 and Table 3,0,1,0,0
2441,473,https://doi.org/10.1007/s10973-022-11394-5,3,SOC_50_exp1,Fig. 3 and Table 3,0,1,0,0
2442,473,https://doi.org/10.1007/s10973-022-11394-5,4,SOC_50_exp2,Fig. 3 and Table 3,0,1,0,0
2443,473,https://doi.org/10.1007/s10973-022-11394-5,5,SOC_25_exp1,Fig. 4 and Table 3,0,1,0,0
2444,473,https://doi.org/10.1007/s10973-022-11394-5,6,SOC_25_exp2,Fig. 4 and Table 3,0,1,0,0
2445,474,https://doi.org/10.1007/s10973-022-11766-x,1,Single_SOC_100,Figure 4 and Table 1,0,1,1,0
2446,474,https://doi.org/10.1007/s10973-022-11766-x,2,Single_SOC_75,Figure 4 and Table 1,0,1,1,0
2447,474,https://doi.org/10.1007/s10973-022-11766-x,3,Single_SOC_50,Figure 4 and Table 1,0,1,1,0
2448,474,https://doi.org/10.1007/s10973-022-11766-x,4,Single_SOC_25,Figure 4 and Table 1,0,1,1,0
2449,474,https://doi.org/10.1007/s10973-022-11766-x,5,Double_100SOC_0D,Figure 5 and Table 2,0,1,1,0
2450,474,https://doi.org/10.1007/s10973-022-11766-x,6,Double_100SOC_0p25D,Figure 5 and Table 2,0,1,1,0
2451,474,https://doi.org/10.1007/s10973-022-11766-x,7,Double_100SOC_0p5D,Figure 5 and Table 2,0,1,1,0
2452,474,https://doi.org/10.1007/s10973-022-11766-x,8,Double_100SOC_1D,Figure 5 and Table 2,0,1,1,0
2453,474,https://doi.org/10.1007/s10973-022-11766-x,9,Double_100SOC_1p5D,Figure 5 and Table 2,0,1,1,0
2454,474,https://doi.org/10.1007/s10973-022-11766-x,10,Double_100SOC_2D,Figure 5 and Table 2,0,1,1,0
2455,475,https://doi.org/10.1007/s10973-023-12095-3,1,RefExp_Wang2019_ElectricFurnace,Section 'Lithium‑ion battery thermal runaway model' (citing [33]) for heating configuration and T_trigger range; 'Model validation' for experimental max surface temperature; Fig. 1c and Table 1.,1,1,0,0
2456,476,https://doi.org/10.1007/s10973-023-12446-0,1,Double_0D,"Table 3, Table 4, Fig. 4, Fig. 7, Fig. 9, Fig. 12",0,1,0,0
2457,476,https://doi.org/10.1007/s10973-023-12446-0,2,Double_0.25D,"Table 3, Table 4, Fig. 7, Fig. 9, Fig. 12",0,1,0,0
2458,476,https://doi.org/10.1007/s10973-023-12446-0,3,Double_0.5D,"Table 3, Table 4, Fig. 7, Fig. 9, Fig. 12",0,1,0,0
2459,476,https://doi.org/10.1007/s10973-023-12446-0,4,Double_1D,"Table 3, Table 4, Fig. 7, Fig. 9, Fig. 12",0,1,0,0
2460,476,https://doi.org/10.1007/s10973-023-12446-0,5,Double_1.5D,"Table 3, Table 4, Fig. 7, Fig. 9, Fig. 12",0,1,0,0
2461,476,https://doi.org/10.1007/s10973-023-12446-0,6,Double_2D,"Table 3, Fig. 7, Fig. 9, Fig. 12",0,1,0,0
2462,476,https://doi.org/10.1007/s10973-023-12446-0,7,Single_Heated,Fig. 10,0,0,0,0
2463,477,https://doi.org/10.1007/s10973-023-12867-x,1,SOC_30,"Table 2 (T0, Tmax, max dT/dt); Fig. 4 (T0 and temperature-time); Fig. 6 (pressure-time and timing to self-exothermic runaway); Results and discussion section.",1,1,0,0
2464,477,https://doi.org/10.1007/s10973-023-12867-x,2,SOC_50,"Table 2 (T0, Tmax, max dT/dt); Fig. 4; Fig. 6; Results and discussion.",0,1,0,0
2465,477,https://doi.org/10.1007/s10973-023-12867-x,3,SOC_80,"Table 2 (T0, Tmax, max dT/dt); Fig. 4; Fig. 6; Results and discussion.",0,1,0,0
2466,477,https://doi.org/10.1007/s10973-023-12867-x,4,SOC_100,"Table 2 (T0, Tmax, max dT/dt); Fig. 4; Fig. 6; Results and discussion.",0,1,0,0
2467,478,https://doi.org/10.1007/s10973-024-13362-7,1,Case1_Control_NoAgent,"Fig. 4a–c (process timeline and T at vent), Fig. 8a (T and dT/dt for control), Section “The thermal runaway of LIBs”",1,0,0,0
2468,478,https://doi.org/10.1007/s10973-024-13362-7,2,Case2_WaterMist,"Fig. 5 (Case2a–d times: 1368 s vent, 1417 s ignition, 1427 s extinguished), Fig. 6 (T–t for water mist), Fig. 8b (T_p1 and dT/dt), Table 2, Fig. 9–10 (post-release peaks and propagation suppression)",0,1,0,0
2469,478,https://doi.org/10.1007/s10973-024-13362-7,3,Case3_PF_5pct,"Fig. 5 (Case3a–d times: 1680 s vent, 1723 s ignition, 1732 s extinguished), Fig. 8c (T_p1 and dT/dt), Table 2, Fig. 9–10 (post-release peaks and propagation suppression)",0,1,0,0
2470,478,https://doi.org/10.1007/s10973-024-13362-7,4,Case4_F500_5pct,"Fig. 5 (Case4a–d times: 1800 s vent, 1835 s ignition, 1841 s extinguished), Fig. 8d (T_p1 and dT/dt), Table 2, Fig. 9–10 (post-release peaks and propagation suppression)",0,1,0,0
2471,479,https://doi.org/10.1007/s10973-024-13939-2,1,SOC_100,"Fig. 10a,b; Section 'The thermal runaway of battery cells'",1,0,0,0
2472,479,https://doi.org/10.1007/s10973-024-13939-2,2,SOC_75,"Text in Section 'The thermal runaway of battery cells' (498 s sudden change; ignition 24 s later); Fig. 10c,d",1,0,0,0
2473,479,https://doi.org/10.1007/s10973-024-13939-2,3,SOC_35,"Fig. 10e,f; narrative in Section 'The thermal runaway of battery cells' (CO detected, then temperature mutation; ignition 49 s later)",1,0,0,0
2474,479,https://doi.org/10.1007/s10973-024-13939-2,4,SOC_15,"Fig. 10g,h; Fig. 9; Section 'The thermal runaway of battery cells'",1,0,0,0
2475,479,https://doi.org/10.1007/s10973-024-13939-2,5,SOC_0,Section 'The thermal runaway of battery cells' (explicit statement of max temperature 129.4 °C and no ignition); Fig. 10i,1,0,0,0
2476,480,https://doi.org/10.1007/s10973-025-15103-w,1,V0.0ms,"Experimental setup: Fig. 2b; Stages: Fig. 3; Temperature/voltage: Fig. 4 (0 m/s panel); Ceiling temperature/time: Fig. 9 (0 m/s), Fig. 10b; Text in ‘Temperature and voltage variation’ section.",1,0,0,0
2477,480,https://doi.org/10.1007/s10973-025-15103-w,2,V0.5ms,"Experimental setup: Fig. 2b; Stages: Fig. 3; Temperature/voltage: Fig. 4 (0.5 m/s panel); Ceiling temperature/time: Fig. 9 (0.5 m/s), Fig. 10a,c.",0,0,0,0
2478,480,https://doi.org/10.1007/s10973-025-15103-w,3,V1.0ms,"Experimental setup: Fig. 2b; Stages: Fig. 3; Temperature/voltage: Fig. 4 (1.0 m/s panel, first and second voltage drops); Ceiling temperature/time: Fig. 9 (1.0 m/s), Fig. 10a,c; Text in ‘Temperature and voltage variation’ section.",1,0,0,0
2479,480,https://doi.org/10.1007/s10973-025-15103-w,4,V1.5ms,Experimental setup: Fig. 2b; Stages: Fig. 3; Temperature/voltage: Fig. 4 (1.5 m/s panel); Maximum temperature statement in ‘Temperature and voltage variation’ section; Ceiling timing: Fig. 10c; Flame metrics: Fig. 6; Mass/second gas production: Fig. 11.,1,0,0,0
2480,480,https://doi.org/10.1007/s10973-025-15103-w,5,V2.0ms,"Experimental setup: Fig. 2b; Stages: Fig. 3; Temperature/voltage: Fig. 4 (2.0 m/s panel); Ceiling temperature/time: Fig. 9 (2.0 m/s), Fig. 10a,c; Flame morphology: Fig. 5–6; Mass loss: Fig. 11.",0,0,0,0
2481,481,https://doi.org/10.1007/s10973-025-15168-7,1,Mitigation_Case1_Experimental,"Experimental validation of optimal case section; Fig. 6 (steps), Fig. 7 (setup), Fig. 12 (CFD vs experimental temperature trend); Result and Discussion",1,0,0,0
2482,482,https://doi.org/10.1007/s11426-025-2974-2,1,Shevchenko_NFM112_MnRich,Section 4.1 (Shevchenko et al. [64]),1,0,0,0
2483,482,https://doi.org/10.1007/s11426-025-2974-2,2,Ding_HEO424_HighEntropy,Figure 1i; Section 4.1 (Ding et al. [71]),1,0,1,0
2484,482,https://doi.org/10.1007/s11426-025-2974-2,3,Grepin_P2_type_selection,"Figure 2d,e; Section 4.2 (Grépin et al. [74])",1,0,1,0
2485,482,https://doi.org/10.1007/s11426-025-2974-2,4,Liang_O3_at_5pct_P2_surface,Figure 2c; Section 4.2 (Liang et al. [75]),1,0,1,0
2486,482,https://doi.org/10.1007/s11426-025-2974-2,5,Yu_CarbonCoated_NaCrO2,Figure 3b; Section 4.3 (Yu et al. [79]),1,0,1,0
2487,482,https://doi.org/10.1007/s11426-025-2974-2,6,Jo_NaPO3_Coated_Na2_3_Ni1_3_Mn2_3_O2,Figure 3d; Section 4.3 (Jo et al. [81]),1,0,1,0
2488,482,https://doi.org/10.1007/s11426-025-2974-2,7,Jiao_Na2SiO3_Coated_NFMO,Figure 3g; Section 4.3 (Jiao et al. [84]),1,0,1,0
2489,482,https://doi.org/10.1007/s11426-025-2974-2,8,Yin_NMLTO_Gradient_Rocksalt_Surface,"Figure 3h,i; Section 4.3 (Yin et al. [86])",1,0,1,0
2490,482,https://doi.org/10.1007/s11426-025-2974-2,9,Guo_NMTN_Ti_Spinel_Interface,Figure 3k; Section 4.3 (Guo et al. [87]),1,0,1,0
2491,482,https://doi.org/10.1007/s11426-025-2974-2,10,Hwang_RAHC_Gradient_Particles,"Figure 4e,f,g,h; Section 4.4 (Hwang et al. [89])",1,0,1,0
2492,482,https://doi.org/10.1007/s11426-025-2974-2,11,Tang_VC_NFMO_Vacancy_Engineered,"Figure 4c,d; Section 4.4 (Tang et al. [88])",1,0,1,0
2493,482,https://doi.org/10.1007/s11426-025-2974-2,12,Kong_CuMg_CoDoped_Na0_67Mn0_75Ni0_25O2,Figure 1c; Section 4.1 (Kong et al. [68]),1,0,1,0
2494,482,https://doi.org/10.1007/s11426-025-2974-2,13,Joshi_HEO_F_Fluorinated_HighEntropy,Figure 1d; Section 4.1 (Joshi et al. [72]),1,0,1,0
2495,482,https://doi.org/10.1007/s11426-025-2974-2,14,Zhou_SnO2_Coated_NLMO,Section 4.3 (Zhou et al. [80]),1,0,0,0
2496,483,https://doi.org/10.1007/s11581-020-03745-9,1,Simulation_NoSuppression_473K,"Fig. 4 (temperature rise), Fig. 5 (side-reaction heat generation), Fig. 6 (temperature distribution); section 'Thermal runaway process with no suppression'",1,0,0,0
2497,483,https://doi.org/10.1007/s11581-020-03745-9,2,Simulation_Suppression_293K_180s,"Fig. 7 (temperature rise), Fig. 8 (side-reaction heat), Fig. 9 (temperature distribution), Fig. 10 (reaction-temperature relation); section 'Suppression with 293.15 K at 180 s'",1,0,0,0
2498,483,https://doi.org/10.1007/s11581-020-03745-9,3,Simulation_Suppression_293K_150s,"Fig. 11 (temperature rise), Fig. 12 (side-reaction heat), Fig. 13 (temperature distribution), Fig. 14 (reaction-temperature relation); section 'Suppression with 293.15 K at 150 s'",1,0,0,0
2499,483,https://doi.org/10.1007/s11581-020-03745-9,4,Simulation_Suppression_293K_100s,"Fig. 15 (temperature rise), Fig. 16 (side-reaction heat), Fig. 17 (temperature distribution), Fig. 18 (reaction-temperature relation); section 'Suppression with 293.15 K at 100 s'",1,0,0,0
2500,483,https://doi.org/10.1007/s11581-020-03745-9,5,Experiment_SideHeater_200C,Fig. 2 (experimental programs) and Fig. 3 (comparative analysis of experiment vs simulation); section 'Simulation model verification',1,0,0,0
2501,484,https://doi.org/10.1007/s11581-020-03800-5,1,Exp_LocalSurfaceHeating_Verification,Figure 4 (Comparison of experimental and simulation results); Experimental equipment/process sections,0,0,1,0
2502,485,https://doi.org/10.1007/s11664-024-11485-z,1,TR_Heating_FE20Q,Results and Discussion: thermal runaway test; Fig. 2f,0,0,0,0
2503,486,https://doi.org/10.1007/s12206-025-2410-8,1,Validation_Experiment_Nambisan2023,Fig. 8 and Section 3.1 (Model validation),1,0,0,0
2504,487,https://doi.org/10.1038/s41467-020-18868-w,1,Full_GrNMC811_LiFSI-DMC_ARC,Fig. 2a; Table 1; ARC test protocol in Methods,0,1,0,0
2505,487,https://doi.org/10.1038/s41467-020-18868-w,2,Full_GrNMC811_1M-LiPF6-ECEMC_ARC,Fig. 2b; Supplementary Fig. 2; Supplementary Note 3,0,0,0,0
2506,487,https://doi.org/10.1038/s41467-020-18868-w,3,Full_GrNMC532_LiFSI-DMC_ARC,Fig. 2c; Supplementary Note 3,0,0,0,0
2507,487,https://doi.org/10.1038/s41467-020-18868-w,4,Full_GrNMC532_1M-LiPF6-ECEMC_ARC,Fig. 2d; cited discussion referencing ref. [12],0,0,0,0
2508,487,https://doi.org/10.1038/s41467-020-18868-w,5,Partial_AnEly_GrNMC811_LiFSI-DMC_ARC,Fig. 3; Table 1; Methods (partial cell preparation),0,1,0,0
2509,487,https://doi.org/10.1038/s41467-020-18868-w,6,Partial_CaEly_GrNMC811_LiFSI-DMC_ARC,Fig. 3; Table 1,0,1,0,0
2510,487,https://doi.org/10.1038/s41467-020-18868-w,7,Partial_CaAn_GrNMC811_NoEly_ARC,Fig. 3; Table 1; DSC evidence in Fig. 4e,0,1,0,0
2511,487,https://doi.org/10.1038/s41467-020-18868-w,8,Full_GrNMC811_LiFSI-TMP_ARC,Fig. 6a; associated DSC-TG-MS in Fig. 6b–c; Methods,0,0,0,0
2512,488,10.1038/s41467-021-24404-1,1,Anode_Dry_HEXRD_MS,,0,0,0,0
2513,489,https://doi.org/10.1038/s41467-023-40995-3,1,SOC_100,"Fig. 3c–d (setup, heating profile); Fig. 4a–b (100% SOC TR evolution, Tmax ≈ 509.8 °C, stage timings); Methods: Thermal runaway tests",0,0,0,0
2514,489,https://doi.org/10.1038/s41467-023-40995-3,2,SOC_50,"Fig. 3c–d (setup, heating profile); Fig. 4c–d (50% SOC TR evolution, Tmax ≈ 438.1 °C, delayed TR at ~507 s); Methods: Thermal runaway tests",0,0,0,0
2515,489,https://doi.org/10.1038/s41467-023-40995-3,3,SOC_0,"Fig. 3c–d (setup, heating profile); Fig. 4e–f (0% SOC evolution, no TR, Tmax ≈ 330.3 °C); Methods: Thermal runaway tests",0,0,0,0
2516,490,https://doi.org/10.1038/s41560-025-01751-7,1,Coin_21mAh_lowTRF,Fig. 2a–b; 'Thermal runaway observation in a lab-scale small battery' section,1,0,0,0
2517,490,https://doi.org/10.1038/s41560-025-01751-7,2,MonolayerPouch_21mAh_lowTRF,Fig. 2a–b; 'Thermal runaway observation in a lab-scale small battery' section,1,0,0,0
2518,490,https://doi.org/10.1038/s41560-025-01751-7,3,CylPouch_21mAh_highTRF_TR,Fig. 2b; 'Thermal runaway observation in a lab-scale small battery' section,1,0,0,0
2519,490,https://doi.org/10.1038/s41560-025-01751-7,4,CylPouch_56mAh_HoverD_3.6,Fig. 5b; 'Effect of cell dimensions on battery safety' section,1,0,0,0
2520,490,https://doi.org/10.1038/s41560-025-01751-7,5,CylPouch_56mAh_HoverD_11.7,Fig. 5a–b; 'Effect of cell dimensions on battery safety' section,1,0,0,0
2521,491,https://doi.org/10.1038/s41598-025-07824-7,1,SC_LNCMC_Bottom20mm_5kWm2,"Fig. 4D (single-cell, bottom 20 mm strip heating)",0,0,0,0
2522,491,https://doi.org/10.1038/s41598-025-07824-7,2,SC_LNCMC_Bottom20mm_1p5kWm2,"Fig. 4D (single-cell, bottom 20 mm strip heating)",0,0,0,0
2523,491,https://doi.org/10.1038/s41598-025-07824-7,3,SC_LNCMC_Center_2kWm2,"Fig. 5A (single-cell, center heating)",0,0,0,0
2524,491,https://doi.org/10.1038/s41598-025-07824-7,4,SC_LNCMC_Center_4kWm2,"Fig. 5A (single-cell, center heating; timing derived from stated 11.4 min decrease vs 2 kW/m^2)",0,0,0,0
2525,491,https://doi.org/10.1038/s41598-025-07824-7,5,SC_LNCMC_Longitudinal10mm_2p5kWm2,"Fig. 5B (single-cell, 10 mm longitudinal strip)",0,0,0,0
2526,491,https://doi.org/10.1038/s41598-025-07824-7,6,SC_LNCMC_Bottom_5p5kWm2,"Fig. 5C (single-cell, bottom vs vertical comparison)",0,0,0,0
2527,491,https://doi.org/10.1038/s41598-025-07824-7,7,SC_LNCMC_Vertical_5p5kWm2,"Fig. 5C (single-cell, bottom vs vertical comparison)",0,0,0,0
2528,491,https://doi.org/10.1038/s41598-025-07824-7,8,SC_LIFC_General_1p5kWm2,"Fig. 4B (single-cell, LIFC under varied heat flux)",0,0,0,0
2529,491,https://doi.org/10.1038/s41598-025-07824-7,9,SC_LNCMC_General_7kWm2,"Fig. 4A (single-cell, LNCMC under varied heat flux)",0,0,0,0
2530,491,https://doi.org/10.1038/s41598-025-07824-7,10,Pack_Center_Bottom20mm_1mmSpacing,"Fig. 8A (pack, central heated cell; 1 mm spacing)",0,0,0,0
2531,491,https://doi.org/10.1038/s41598-025-07824-7,11,Pack_Center_Bottom20mm_3mmSpacing,"Fig. 8A (pack, central heated cell; 3 mm spacing)",0,0,0,0
2532,491,https://doi.org/10.1038/s41598-025-07824-7,12,Pack_Center_Bottom20mm_5mmSpacing,"Fig. 8A (pack, central heated cell; derived from stated 0.79 min delay and 27 °C drop vs 3 mm)",0,0,0,0
2533,491,https://doi.org/10.1038/s41598-025-07824-7,13,Pack_Center_Bottom20mm_7mmSpacing,"Fig. 8A (pack, central heated cell; derived from stated additional 0.55 min reduction vs 5 mm)",0,0,0,0
2534,491,https://doi.org/10.1038/s41598-025-07824-7,14,Pack_Side_Bottom20mm_6kWm2_1mmSpacing,"Fig. 8B (pack, side cell heated; 1 mm spacing)",0,0,0,0
2535,491,https://doi.org/10.1038/s41598-025-07824-7,15,Pack_Side_Bottom20mm_6kWm2_3mmSpacing,"Fig. 8B (pack, side cell heated; 3 mm spacing)",0,0,0,0
2536,491,https://doi.org/10.1038/s41598-025-07824-7,16,Pack_Side_Bottom20mm_6kWm2_5mmSpacing,"Fig. 8B (pack, side cell heated; 5 mm spacing)",0,0,0,0
2537,491,https://doi.org/10.1038/s41598-025-07824-7,17,Pack_Side_Bottom20mm_6kWm2_7mmSpacing,"Fig. 8B (pack, side cell heated; 7 mm spacing)",0,0,0,0
2538,491,https://doi.org/10.1038/s41598-025-07824-7,18,Pack_Side_Base_3mmHeaterWidth_6kWm2,"Fig. 10B (pack, side base heating; 3 mm heater width)",0,0,0,0
2539,491,https://doi.org/10.1038/s41598-025-07824-7,19,Pack_Center_Ring8mm_LIFC,"Fig. 13 (pack, center cell ring-shaped heater; LIFC)",0,0,0,0
2540,492,https://doi.org/10.1038/s41598-025-25824-5,1,TR_Triggered_3L_Chamber_60W_HeatingSleeve_100SOC,Fig. 3; Table 2; Basic hazard coefficient experimental results section,1,1,0,0
2541,492,https://doi.org/10.1038/s41598-025-25824-5,2,Protection_Design_1_Uncoated_1mm_TopPlate,Fig. 6; Fig. 7; Table 10; Safety compensation coefficient experimental results section,1,1,0,0
2542,492,https://doi.org/10.1038/s41598-025-25824-5,3,Protection_Design_2_Uncoated_2mm_TopPlate,Fig. 7; Table 10; Safety compensation coefficient experimental results section,1,1,0,0
2543,492,https://doi.org/10.1038/s41598-025-25824-5,4,Protection_Design_3_E80S20_Coating_1mm_on_1mmPlate,Fig. 6; Fig. 7; Table 9; Table 10; Safety compensation coefficient experimental results section,1,1,0,0
2544,492,https://doi.org/10.1038/s41598-025-25824-5,5,Protection_Design_4_E85S15B3_Coating_1mm_on_1mmPlate,Fig. 6; Fig. 7; Table 9; Table 10; Safety compensation coefficient experimental results section,1,1,0,0
2545,493,https://doi.org/10.1007/s42154-023-00226-3,1,EV-ARC_50SOC,Fig. 2b; Fig. 3; Fig. 4; Table 4; Section 3.1–3.2,1,1,0,0
2546,493,https://doi.org/10.1007/s42154-023-00226-3,2,EV-ARC_75SOC,Fig. 2c; Fig. 3; Fig. 4; Table 4; Section 3.1–3.2,1,1,0,0
2547,493,https://doi.org/10.1007/s42154-023-00226-3,3,EV-ARC_100SOC,Fig. 2d; Fig. 3; Fig. 4; Table 4; Section 3.1–3.2,1,1,0,0
2548,493,https://doi.org/10.1007/s42154-023-00226-3,4,Oven_180C_100SOC,Fig. 7b–c; Section 4.2 (oven test validation),1,0,0,0
2549,494,https://doi.org/10.1007/s42461-020-00349-9,1,G1_26650_2795mL_single,Figure 3; Sections 3.2–3.4,0,0,1,0
2550,494,https://doi.org/10.1007/s42461-020-00349-9,2,G2_26650_735mL_parallel_Test1,Figure 10 (highest-current/pressure parallel test); Table 3; Section 3.5,1,1,1,0
2551,494,https://doi.org/10.1007/s42461-020-00349-9,3,G3_26650_735mL_parallel_Test2,Table 3; Section 3.5,1,1,0,0
2552,494,https://doi.org/10.1007/s42461-020-00349-9,4,G4_26650_735mL_parallel_Test3,Table 3; Section 3.5,1,1,0,0
2553,495,https://doi.org/10.1007/s42461-024-00938-y,1,SingleCell_BottomHeating,Section 3.1; Fig. 3,1,0,0,0
2554,495,https://doi.org/10.1007/s42461-024-00938-y,2,Pack_DryChemical_60sAfterFlame,Section 3.2; Figs. 4 and 5,1,0,0,0
2555,495,https://doi.org/10.1007/s42461-024-00938-y,3,Pack_WaterMist_Baseline,Section 3.2; Figs. 6 and 7,1,0,0,0
2556,495,https://doi.org/10.1007/s42461-024-00938-y,4,Pack_WaterMist_Activation_3minAfterSmoke,Section 3.3; Table 1,1,1,0,0
2557,495,https://doi.org/10.1007/s42461-024-00938-y,5,Pack_WaterMist_Activation_0sAfterFlame,Section 3.3; Table 1,1,1,0,0
2558,495,https://doi.org/10.1007/s42461-024-00938-y,6,Pack_WaterMist_Activation_30sAfterFlame,Section 3.3; Table 1,1,1,0,0
2559,495,https://doi.org/10.1007/s42461-024-00938-y,7,Pack_WaterMist_Activation_60sAfterFlame,Section 3.3; Table 1,1,1,0,0
2560,495,https://doi.org/10.1007/s42461-024-00938-y,8,Pack_WaterMist_ReleaseTime_ImmediateOff,Section 3.4; Fig. 9,1,0,0,0
2561,495,https://doi.org/10.1007/s42461-024-00938-y,9,Pack_WaterMist_ReleaseTime_3min,Section 3.4,1,0,0,0
2562,495,https://doi.org/10.1007/s42461-024-00938-y,10,Pack_WaterMist_ReleaseTime_5min,Section 3.4,1,0,0,0
2563,495,https://doi.org/10.1007/s42461-024-00938-y,11,Pack_WaterMist_Flow_2_06GPM,Section 3.5,1,0,0,0
2564,495,https://doi.org/10.1007/s42461-024-00938-y,12,Pack_WaterMist_Flow_1_44GPM,Section 3.5,1,0,0,0
2565,496,https://doi.org/10.1007/s43979-025-00119-w,1,ARC_Test_1,Figure 3a and Section 3.1.1,1,0,1,0
2566,496,https://doi.org/10.1007/s43979-025-00119-w,2,ARC_Test_2,Table 3 (MnRB entries) and Figure 3b,0,1,1,0
2567,496,https://doi.org/10.1007/s43979-025-00119-w,3,CVR_SideHeating_Test_1,Figure 5a–b and Section 3.2.1,1,0,1,0
2568,497,https://doi.org/10.1021/acsomega.4c00921,1,NoMist_25C,"Figure 6 (room temperature without fine water mist), Sections 3.2–3.4 and 4.1",0,0,1,0
2569,497,https://doi.org/10.1021/acsomega.4c00921,2,Mist_25C,"Figures 5, 7 and 9; Sections 3.3–3.4 and 4.3",0,0,0,0
2570,497,https://doi.org/10.1021/acsomega.4c00921,3,Mist_10C,Figures 5 and 8; Sections 3.3–3.4 and 4.2,0,0,0,0
2571,497,https://doi.org/10.1021/acsomega.4c00921,4,Mist_35C,Figures 5 and 10; Sections 3.3–3.4 and 4.4,0,0,0,0
2572,498,https://doi.org/10.1002/smll.202510001,1,ARC_BE_1p2Ah_100SOC,Figure 4b; Section 2.3 (Thermal Safety Improvement of Pouch Cell by EC-Less HEE); Experimental Section (ARC definitions),1,0,1,0
2573,498,https://doi.org/10.1002/smll.202510001,2,ARC_HEE_1p2Ah_100SOC,Figure 4a; Section 2.3 (Thermal Safety Improvement of Pouch Cell by EC-Less HEE); Experimental Section (ARC definitions),1,0,1,0
2574,498,https://doi.org/10.1002/smll.202510001,3,Lateral_BE_1p2Ah_100SOC,Figure 4c; Section 2.3 (Lateral heating tests),1,0,1,0
2575,498,https://doi.org/10.1002/smll.202510001,4,Lateral_HEE_1p2Ah_100SOC,Figure 4c; Section 2.3 (Lateral heating tests),1,0,1,0
2576,499,https://doi.org/10.1002/smll.202503065,1,DSC_Anode_CBS,Figure 6f; Thermal Analysis section,1,0,1,0
2577,499,https://doi.org/10.1002/smll.202503065,2,DSC_Cathode_CBS,Figure 6g; Results and Discussion (thermal analysis paragraph),0,0,1,0
2578,499,https://doi.org/10.1002/smll.202503065,3,OvenStorage_60C_CBS,Figure 6a–e; High-Temperature Storage section in Experimental,1,0,1,0
2579,500,https://doi.org/10.1149/1945-7111/ad7293,1,SF_ARC_18650,"Experimental Methods (ARC description), Figures 6–8, Table I (SF Average Value)",0,1,0,0
2580,500,https://doi.org/10.1149/1945-7111/ad7293,2,RF_ARC_18650,"Experimental Methods (ARC description), Figures 9–11, Table I (RF Average Value)",0,1,0,0
2581,501,Suppressing Thermal Runaway of Lithium-ion Batteries by Using Insulation Material,1,ARC_LFP_320Ah_SOC20,,0,0,0,0
2582,502,https://doi.org/10.1002/sus2.74,1,Cycled_20x_EVARC,Figure 1C–D; Table 1; Section 2.1,1,1,1,0
2583,502,https://doi.org/10.1002/sus2.74,2,Activated_OnceCharged_EVARC,Figure 5A–C; Table 1; Section 2.2,1,1,1,0
2584,503,10.1021/acsami.5c11426,1,Base_Separator_TGA_400C,,0,0,0,0
2585,503,10.1021/acsami.5c11426,2,FR_Separator_TGA_400C,,0,0,0,0
2586,504,https://doi.org/10.1021/acsami.1c11195,1,DSC_x1.38_V0.52_nc,"Figure 2e; Table 1 (x = 1.38, Vele = 0.52 μL mgLTO−1); Reaction Mechanism section",1,1,1,0
2587,504,https://doi.org/10.1021/acsami.1c11195,2,DSC_x1.38_V1.04_nc,"Figure 3a; Table 1 (x = 1.38, Vele = 1.04 μL mgLTO−1); Reaction Mechanism section",1,1,1,0
2588,504,https://doi.org/10.1021/acsami.1c11195,3,DSC_x1.38_V2.08_nc,"Figure 3b; Table 1 (x = 1.38, Vele = 2.08 μL mgLTO−1); Reaction Mechanism section",1,1,1,0
2589,504,https://doi.org/10.1021/acsami.1c11195,4,DSC_x1.35_V0.52_nc_e,"Figure 4a; Table 1 (x = 1.35, nc/e); Reaction Mechanism section",1,1,1,0
2590,504,https://doi.org/10.1021/acsami.1c11195,5,DSC_x1.35_c_ne_no_electrolyte,"Figure 4b; Table 1 (x = 1.35, c/ne); discussion in Effects of Vele and Flushing Away of the Electrolyte",0,1,1,0
2591,504,https://doi.org/10.1021/acsami.1c11195,6,DSC_x1.35_c_e_readded,"Figure 4c–d; Table 1 (x = 1.35, c/e); Reaction Mechanism section",1,1,1,0
2592,505,https://doi.org/10.1021/acsomega.3c00261,1,DSC_Electrolyte_LE,Figure 2a and Thermal Safety section,1,0,1,0
2593,505,https://doi.org/10.1021/acsomega.3c00261,2,DSC_Electrolyte_LPSCl,Figure 2a and Thermal Safety section,1,0,1,0
2594,505,https://doi.org/10.1021/acsomega.3c00261,3,DSC_FullCell_LELIB_100SoC,Figure 2b and Thermal Safety section,1,0,1,0
2595,505,https://doi.org/10.1021/acsomega.3c00261,4,DSC_FullCell_SSE_ASLIB_100SoC,Figure 2b and Thermal Safety section,1,0,1,0
2596,505,https://doi.org/10.1021/acsomega.3c00261,5,DSC_FullCell_SSE_ASLIB_50SoC,Figure 2c and Thermal Safety section,1,0,1,0
2597,505,https://doi.org/10.1021/acsomega.3c00261,6,DSC_FullCell_SSE_ASLIB_0SoC,Figure 2c and Thermal Safety section,1,0,1,0
2598,505,https://doi.org/10.1021/acsomega.3c00261,7,Isothermal_LELIB_160C_OCV,Figure 3a and Electrical Safety section,1,0,1,0
2599,505,https://doi.org/10.1021/acsomega.3c00261,8,Isothermal_SSE_ASLIB_160C_OCV,Figure 3a and Electrical Safety section,1,0,1,0
2600,505,https://doi.org/10.1021/acsomega.3c00261,9,AirExposure_ASLIB_100SoC_UpTo500C,Figure 4a and Environmental Safety section,1,0,1,0
2601,505,https://doi.org/10.1021/acsomega.3c00261,10,AirExposure_ASLIB_0SoC_UpTo500C,Figure 4a and Environmental Safety section,1,0,1,0
2602,506,https://doi.org/10.1021/acsami.9b16589,1,FullCell_0p33C,"Figure 5a–b, Figure 6b, Table 3, Section 3.2.1–3.2.2",1,1,1,0
2603,506,https://doi.org/10.1021/acsami.9b16589,2,FullCell_1p5C,"Figure 5a–b, Figure 6c, Section 3.2.1–3.2.2, Section 3.4.3",1,0,1,0
2604,506,https://doi.org/10.1021/acsami.9b16589,3,FullCell_3C,"Figure 5a–b, Figure 6a, Table 3, Sections 3.2.1–3.2.2 and 3.3–3.4.2",0,1,1,0
2605,506,https://doi.org/10.1021/acsami.9b16589,4,Partial_0p33C_AnEle,"Figure 7a–b, Table 3",0,1,1,0
2606,506,https://doi.org/10.1021/acsami.9b16589,5,Partial_0p33C_AnCa,"Figure 7a–b, Table 3",0,1,1,0
2607,506,https://doi.org/10.1021/acsami.9b16589,6,Partial_0p33C_CaEle,"Figure 7a–b, Table 3",0,1,1,0
2608,506,https://doi.org/10.1021/acsami.9b16589,7,Partial_3C_AnEle,"Figure 7c–d, Table 3, Sections 3.3 and 3.4.2",0,1,1,0
2609,506,https://doi.org/10.1021/acsami.9b16589,8,Partial_3C_AnCa,"Figure 7c–d, Table 3",0,1,1,0
2610,506,https://doi.org/10.1021/acsami.9b16589,9,Partial_3C_CaEle,"Figure 7c–d, Table 3",0,1,1,0
2611,507,https://doi.org/10.1021/acsaem.1c02473,1,ARC_0%Mg(OH)2,Figure 4a–b and Section 3.1 (ARC results),1,0,1,0
2612,507,https://doi.org/10.1021/acsaem.1c02473,2,ARC_5%Mg(OH)2,Figure 4a–b and Section 3.1 (ARC results),1,0,1,0
2613,507,https://doi.org/10.1021/acsaem.1c02473,3,ARC_10%Mg(OH)2,Figure 4a–b and Section 3.1 (ARC results),1,0,1,0
2614,507,https://doi.org/10.1021/acsaem.1c02473,4,ARC_15%Mg(OH)2,Figure 4a–b and Section 3.1 (ARC results),1,0,1,0
2615,508,https://doi.org/10.1149/2754-2734/ad1a72,1,Test_2_PreDeployed_Blanket,Table I (Test 2); Figure 3; Figure 4; Fire blanket description in Fire suppression testing,0,1,1,0
2616,508,https://doi.org/10.1149/2754-2734/ad1a72,2,Test_3_PostDeployed_Blanket,Table I (Test 3); Figure 5; Figure 6; Fire blanket test—deployed after initiation section,1,1,1,0
2617,508,https://doi.org/10.1149/2754-2734/ad1a72,3,Test_4_Urethane_Potted_Initiator,Table II; Figure 7; Cell-to-cell propagation testing section (Test 4),1,1,1,0
2618,508,https://doi.org/10.1149/2754-2734/ad1a72,4,Test_5_Nomex_Wrapped_Initiator,Table III; Figure 8; Cell-to-cell propagation testing section (Test 5),1,1,1,0
2619,508,https://doi.org/10.1149/2754-2734/ad1a72,5,Test_6_Uninsulated_Initiator_Water_Hose,"Table I (Test 6); Figures 9, 10, 12, 13, 14, 15; Water as an extinguishing agent test section",1,1,0,0
2620,509,https://doi.org/10.1021/acs.chas.5c00142,1,Fresh_100_SOC,Table 7; Section 3.3.1,1,1,0,0
2621,509,https://doi.org/10.1021/acs.chas.5c00142,2,Aged120_30_SOC,Table 3; Figure 5; Figure 6; Section 3.1,1,1,1,0
2622,509,https://doi.org/10.1021/acs.chas.5c00142,3,Aged120_60_SOC,Table 3; Figure 5; Figure 6; Section 3.1,1,1,1,0
2623,509,https://doi.org/10.1021/acs.chas.5c00142,4,Aged120_100_SOC,Table 3; Figure 4; Figure 5; Figure 6; Section 3.1,1,1,1,0
2624,510,https://doi.org/10.3390/vehicles3030029,1,Exp_A_4_NMCa_Pouch_Pack,Section 3.1 Exp. A.4; Figure 18,1,0,1,0
2625,510,https://doi.org/10.3390/vehicles3030029,2,Exp_A_5_NMCc_Pouch_SteelPack,Section 3.1 Exp. A.5; Figure 19,1,0,1,0
2626,510,https://doi.org/10.3390/vehicles3030029,3,Exp_A_6_LTO_Prismatic_Pack,Section 3.1 Exp. A.6; Figure 20,1,0,1,0
2627,510,https://doi.org/10.3390/vehicles3030029,4,Exp_A_7_NCA_Cyl_Pack,Section 3.1 Exp. A.7; Figure 21,1,0,1,0
2628,510,https://doi.org/10.3390/vehicles3030029,5,Exp_A_8_LFP_Cyl_Pack,Section 3.1 Exp. A.8; Figure 22,1,0,1,0
2629,510,https://doi.org/10.3390/vehicles3030029,6,Exp_B_1_18650_LCO_15cells,Section 3.2 Exp. B.1; Table 4 and Figure 24,1,1,1,0
2630,510,https://doi.org/10.3390/vehicles3030029,7,Exp_B_2_18650_LCO_AUTBOR,Section 3.2 Exp. B.2; Table 5 and Figure 26,1,1,1,0
2631,511,https://doi.org/10.1149/2.0531816jes,1,24Ah_100SOC,Fig. 1 (setup); Fig. 2a (temperature-time stages); Fig. 7 (first jet flame at 1187 s); Fig. 8a (flame temperature at 50 mm up to ~950 °C); Experimental section,1,0,0,0
2632,511,https://doi.org/10.1149/2.0531816jes,2,20Ah_100SOC,Fig. 1 (setup); Fig. 7 (first jet flame at 1283 s); Results and Discussion (two-phase thermal runaway behavior under 100% SOC),0,0,0,0
2633,512,https://doi.org/10.1149/1945-7111/ad9351,1,Barrier2mm_Pos1_NoCooling,Figure 2; Arrangement effects section: “A 2 mm thermal barrier is only able to stop propagation when it is placed directly after the trigger cell.”,1,0,1,0
2634,512,https://doi.org/10.1149/1945-7111/ad9351,2,Barrier3mm_Pos3_NoCooling,Figure 2; Arrangement effects section: “a 3 mm barrier stops propagation when placed up to the third position.”,1,0,1,0
2635,512,https://doi.org/10.1149/1945-7111/ad9351,3,Barrier3_5mm_Pos6_NoCooling,"Figure 3; Arrangement effects discussion: “…at 3.5 mm, propagation time sharply increases to 1099 s compared to 396 s at 3 mm…”",0,0,1,0
2636,512,https://doi.org/10.1149/1945-7111/ad9351,4,TwoBarriers_3mm_Pos3and4_NoCooling,Table VI; Arrangement effects: second 3 mm barrier at position 4 causes propagation at first barrier but stops at position 4.,0,1,0,0
2637,512,https://doi.org/10.1149/1945-7111/ad9351,5,ActiveAir_h100_Barrier2mm_Pos2,Figure 4; Interplay of safety measures with the cooling system: “with h = 100 W m−2 K−1 thermal propagation is stopped by the 2 mm barrier at position 2.”,0,0,1,0
2638,512,https://doi.org/10.1149/1945-7111/ad9351,6,ActiveAir_h150_Barrier2mm_Pos3,Figure 4; Interplay of safety measures with the cooling system: “with h = 150 W m−2 K−1 it is stopped if the barrier is at position 2 or 3.”,0,0,1,0
2639,512,https://doi.org/10.1149/1945-7111/ad9351,7,LiquidEdgeCooling_Vc1_2_Barrier3mm_Pos7,Figure 5; Interplay of safety measures with the cooling system: liquid-cooled setup stopped propagation up to position 7 with 3 mm barriers.,0,0,1,0
2640,512,https://doi.org/10.1149/1945-7111/ad9351,8,ConfiningPressure_35_5kPa_Barrier2mm_Pos1,Figure 7; Impact of confining pressure: “Propagation was only stopped with barriers on position 1 and confining pressure above 1.5 kPa.”,0,0,1,0
2641,512,https://doi.org/10.1149/1945-7111/ad9351,9,CellType5_HighPower_Barrier2mm_Pos5,Figure 8; Influence of cell properties: “with the high power cell type 5… the 2 mm barrier is already enough to fully stop thermal propagation up to position 5.”,0,0,1,0
2642,513,https://doi.org/10.3390/wevj14100270,1,Lateral_Heating_53Ah_Pouch,"Fig. 4a–c, Fig. 6b, Fig. 8a–d; Sections 2.2.2 and 3.2; Section 4",1,0,0,0
2643,514,https://doi.org/10.3390/wevj15040147,1,P300W,Section 2.2.1; Figure 3a; Figure 4,1,0,1,0
2644,514,https://doi.org/10.3390/wevj15040147,2,P500W,Section 2.2.1; Figure 3b,1,0,1,0
2645,514,https://doi.org/10.3390/wevj15040147,3,P700W,Section 2.2.1; Figure 3c,1,0,1,0
2646,514,https://doi.org/10.3390/wevj15040147,4,P900W,Section 2.2.1; Figure 3d,1,0,1,0
2647,515,https://doi.org/10.3390/wevj16030153,1,LFP_CH,Figure 5a; Table 2; Section 3.1.1,1,1,1,0
2648,515,https://doi.org/10.3390/wevj16030153,2,LFP_HWS,Figure 6a; Table 2; Section 3.1.2,1,1,1,0
2649,515,https://doi.org/10.3390/wevj16030153,3,SIB_CH,"Figure 5b,e; Table 2; Section 3.1.1 and 3.4",1,1,1,0
2650,515,https://doi.org/10.3390/wevj16030153,4,SIB_HWS,"Figure 6b; Table 2; Sections 3.1.2, 3.3, 3.4",0,1,1,0
2651,515,https://doi.org/10.3390/wevj16030153,5,NMC811_CH,"Figure 5c,f; Table 2; Sections 3.1.1, 3.2, 3.3",0,1,1,0
2652,515,https://doi.org/10.3390/wevj16030153,6,NMC811_HWS,"Figure 6c; Table 2; Sections 3.1.2, 3.2, 3.3",0,1,1,0
2653,516,https://doi.org/10.1149/2.0461809jes,1,Single_SideHeating_SOC100,Figure 5; Table II,0,1,1,0
2654,516,https://doi.org/10.1149/2.0461809jes,2,Single_SideHeating_SOC50,Figure 5; Table II,0,1,1,0
2655,516,https://doi.org/10.1149/2.0461809jes,3,Single_SideHeating_SOC0,Figure 5; Table II,0,1,1,0
2656,516,https://doi.org/10.1149/2.0461809jes,4,Module_1x3_Test3_200W_SOC100,Figure 8a–b; Figure 6c,0,0,1,0
2657,516,https://doi.org/10.1149/2.0461809jes,5,Module_3x3_Test5_200W_SOC100_NoSpacing,Figure 9; Table III,0,1,1,0
2658,516,https://doi.org/10.1149/2.0461809jes,6,Module_3x3_Test6_100W_SOC100_NoSpacing,Figure 11a–d,0,0,1,0
2659,516,https://doi.org/10.1149/2.0461809jes,7,Module_3x3_Test7_100W_SOC50_NoSpacing,Figure 12a; Figure 14; Table V,0,1,1,0
2660,516,https://doi.org/10.1149/2.0461809jes,8,Module_3x3_Test8_100W_SOC0_NoSpacing,Figure 12b,0,0,1,0
2661,516,https://doi.org/10.1149/2.0461809jes,9,Module_3x3_Test9_200W_SOC100_Spacing4mm,Figure 15,0,0,1,0
2662,517,https://doi.org/10.1590/0001-3765202420230648,1,SOC_100,Experimental setup and procedure: Materials and Methods (Heating of the Heating Plate). Temperature bound and thermal behavior: Figure 2 discussion; Figure 3–4. Pressure/eruption dynamics and SOC sensitivity: Figure 5. Gas/mass data: Table II.,0,1,1,0
2663,517,https://doi.org/10.1590/0001-3765202420230648,2,SOC_75,Experimental setup and procedure: Materials and Methods (Heating of the Heating Plate). Temperature bound and thermal behavior: Figure 2 discussion; Figure 3–4. Pressure/eruption dynamics and SOC sensitivity: Figure 5. Gas/mass data: Table II.,0,1,1,0
2664,517,https://doi.org/10.1590/0001-3765202420230648,3,SOC_50,Experimental setup and procedure: Materials and Methods (Heating of the Heating Plate). Temperature bound and thermal behavior: Figure 2 discussion; Figure 3–4. Pressure/eruption dynamics and SOC sensitivity: Figure 5. Gas/mass data: Table II.,0,1,1,0
2665,517,https://doi.org/10.1590/0001-3765202420230648,4,SOC_25,Experimental setup and procedure: Materials and Methods (Heating of the Heating Plate). Temperature bound and thermal behavior: Figure 2 discussion; Figure 3–4. Pressure/eruption dynamics and SOC sensitivity: Figure 5. Gas/mass data: Table II.,0,1,1,0
